"date","adjcloseMTUM","adjcloseQUAL","adjcloseVLUE","adjcloseSIZE","adjcloseUSMV","adjcloseSPY"
2013-07-22,51.0964,45.7185,48.9231,48.6139,30.4108,152.8319
2013-07-29,51.2663,45.7642,48.7891,48.3888,30.3167,152.0114
2013-08-05,51.6419,46.386,49.3964,49.046,30.4512,153.9139
2013-08-09,51.1931,46.0642,48.9856,48.7759,30.3167,152.6606
2013-08-15,49.7997,45.2248,48.2354,47.6776,29.6805,150.0187
2013-08-19,49.4823,45.0419,47.8514,47.2905,29.3579,148.5671
2013-08-26,49.8109,45.6179,48.3247,47.8217,29.546,149.6761
2013-09-06,49.7546,45.7368,48.1372,47.5516,29.3758,149.7122
2013-09-10,50.4588,46.258,48.7712,48.0557,29.797,152.2639
2013-09-19,52.0269,47.6113,49.8608,49.4601,30.6483,155.7713
2013-09-30,50.7793,46.5864,48.6033,48.3975,30.0219,152.2267
2013-10-02,51.2411,46.8873,48.6752,48.5151,30.1195,153.2868
2013-10-03,50.7511,46.5497,48.5046,48.231,29.8756,151.8734
2013-10-08,50.129,45.6873,48.1187,48.2889,29.6136,149.9344
2013-10-09,49.9405,45.724,47.9302,47.8908,29.6317,150.0431
2013-10-11,51.4438,46.7882,49.2047,48.9856,30.3273,154.2654
2013-10-16,52.2492,47.4671,49.8689,49.3701,30.6751,155.9053
2013-10-21,52.9658,48.2011,50.5312,50.0623,31.05,158.0165
2013-10-28,53.7575,48.8157,50.8921,50.5961,31.5198,159.6745
2013-10-29,54.0807,49.1276,51.0896,50.7591,31.7095,160.5262
2013-11-01,53.748,48.8925,50.7126,50.6142,31.5288,159.6564
2013-11-04,53.6193,49.1093,51.0537,50.768,31.6101,160.2182
2013-11-11,53.3993,49.302,51.3858,50.6649,31.5379,160.6621
2013-11-21,54.5114,50.3386,52.05,51.0757,31.8811,163.0088
2013-11-25,55.1146,50.4579,52.3641,51.2557,31.9715,163.6612
2013-12-03,54.747,50.5038,51.9423,50.8314,31.6553,162.8639
2013-12-06,55.1052,50.7056,52.3731,51.1842,31.8269,163.9421
2013-12-09,55.1994,50.8616,52.6325,51.4014,31.7908,164.3589
2013-12-12,54.4549,50.0322,51.7448,50.4312,31.1855,161.3961
2013-12-13,54.747,49.9166,51.682,50.5509,31.2036,161.3779
2013-12-16,54.945,50.2469,52.041,50.7958,31.303,162.38
2013-12-18,55.7083,50.7668,52.4629,50.6685,31.7276,164.6307
2013-12-23,56.5002,51.4727,53.1318,51.7977,31.8957,166.2808
2013-12-26,56.8722,51.9053,53.5396,52.0261,32.0901,167.4878
2013-12-27,56.6043,51.8224,53.5739,52.2436,32.1047,167.4787
2013-12-31,56.7746,52.0249,53.7219,52.3437,32.2592,168.2485
2014-01-03,56.2828,51.5371,53.3574,52.0615,31.932,166.6042
2014-01-07,56.6232,51.7488,53.6461,52.0707,32.0411,167.1462
2014-01-09,57.1434,51.7027,53.5288,51.9615,32.0774,167.292
2014-01-13,56.2525,51.0953,53.3303,52.3346,31.9048,165.511
2014-01-14,57.115,51.6844,53.5017,52.0889,32.0956,167.3193
2014-01-16,57.1529,51.9697,53.5828,52.2982,32.1774,168.0025
2014-01-17,56.8502,51.8316,53.4656,52.2436,32.1284,167.2874
2014-01-22,57.5596,51.9053,53.619,52.5166,32.1388,167.8932
2014-01-24,55.4882,50.4509,51.995,51.2243,31.405,162.9648
2014-01-27,54.9233,52.7426,51.7334,51.0787,31.2687,162.1632
2014-01-30,55.9517,50.0735,51.9228,51.3245,31.4413,163.2746
2014-02-04,54.552,49.0518,50.9051,50.3271,30.7961,159.7719
2014-02-07,56.1882,50.2853,51.562,51.197,31.4141,163.6845
2014-02-10,56.266,50.3957,51.9878,51.4546,31.4958,163.9851
2014-02-13,57.6447,51.3806,52.9748,52.4437,32.0411,166.7181
2014-02-19,57.8622,51.4081,53.2491,53.0808,32.1865,166.7272
2014-02-21,58.3067,51.6844,53.3141,53.1859,32.3591,167.5197
2014-03-03,58.6798,51.7879,53.4747,53.3698,32.4227,168.5127
2014-03-04,59.8672,52.6601,54.2867,54.0272,32.868,170.8812
2014-03-05,59.9618,52.5209,54.2596,53.8998,32.7953,171.0361
2014-03-07,59.6781,52.4134,54.5483,53.9635,32.8589,171.5007
2014-03-11,59.2828,52.3747,54.1333,53.7905,32.7953,170.5624
2014-03-18,59.3281,52.5404,54.4581,53.9725,32.9316,170.9541
2014-03-21,58.2216,51.9513,54.5844,54.1123,32.6499,170.3724
2014-03-24,57.4366,51.85,54.2652,53.645,32.5136,169.6678
2014-03-27,56.5137,51.4183,54.1358,53.2544,32.5335,168.8901
2014-03-28,56.5946,51.5476,54.4984,53.7754,32.6157,169.7227
2014-03-31,57.163,52.0371,54.8882,54.141,32.9263,171.1135
2014-04-07,55.7325,51.2322,54.3439,53.7662,32.5427,168.6705
2014-04-09,57.0967,51.9726,54.8719,53.7114,32.9171,171.1867
2014-04-10,55.346,51.0107,53.9545,53.514,32.4422,167.5862
2014-04-11,54.6254,50.3836,53.4782,53.0076,32.2047,166.081
2014-04-15,55.4199,51.1925,54.1539,52.962,32.634,168.5424
2014-04-16,56.2061,51.786,54.6163,53.748,32.9537,170.3037
2014-04-17,56.4335,51.8894,54.8791,54.0405,32.9719,170.5462
2014-04-21,56.8409,52.0003,54.9426,54.0588,33.0724,171.1409
2014-04-22,57.3051,52.2885,55.2508,54.2964,33.1455,171.9187
2014-04-25,55.8462,51.6954,54.7885,54.0624,32.9628,170.4547
2014-04-28,55.6946,52.0742,54.9494,53.8913,33.1455,170.99
2014-04-30,56.5946,52.4252,55.3323,54.3695,33.3647,172.303
2014-05-01,56.7272,52.4991,55.2961,54.5341,33.3556,172.3167
2014-05-06,56.3104,52.1943,54.9625,54.2873,33.109,170.9031
2014-05-09,56.5346,52.3975,54.9335,54.4153,33.3373,171.9827
2014-05-12,57.4756,52.9522,55.7403,54.9171,33.5017,173.6526
2014-05-13,57.541,53.0442,55.8763,54.9271,33.5474,173.8127
2014-05-14,57.0967,52.7301,55.6134,54.8631,33.4606,172.9892
2014-05-15,56.462,52.1813,54.9317,54.205,33.1912,171.4703
2014-05-20,56.7272,52.3051,55.0514,54.2964,33.1455,171.6076
2014-05-21,57.4093,52.6746,55.3868,54.4966,33.3282,173.0533
2014-05-22,57.7788,52.804,55.6678,54.7717,33.3921,173.4742
2014-05-23,58.0819,53.0699,55.7765,54.9363,33.4652,174.1696
2014-05-27,58.6693,53.2751,55.9941,55.1739,33.5382,175.2401
2014-05-28,58.7072,53.2637,56.0358,55.3202,33.4743,175.112
2014-05-29,58.9345,53.469,56.1836,55.4299,33.6296,176.0179
2014-06-02,59.0672,53.6816,56.4927,55.7479,33.73,176.4983
2014-06-04,59.0766,53.6816,56.6531,55.695,33.8305,176.7682
2014-06-06,59.5124,54.2266,57.2759,56.3805,34.0223,178.7674
2014-06-09,59.4556,54.2719,57.3358,56.3714,34.0132,178.955
2014-06-10,59.465,54.1619,57.3629,56.2215,33.931,178.9733
2014-06-18,59.8148,53.8848,57.6348,56.2617,34.0223,179.5726
2014-06-20,60.2229,54.1062,57.8434,56.801,34.2141,180.1473
2014-06-25,60.1842,54.0171,57.5934,56.6749,34.1507,179.8163
2014-06-26,60.1367,53.9244,57.2728,56.6657,34.114,179.6876
2014-06-27,60.1909,54.045,57.4568,56.8127,34.1691,180.037
2014-07-01,60.6404,54.5365,57.976,57.1619,34.3527,181.1495
2014-07-03,60.821,54.8888,58.2948,57.2077,34.417,182.2252
2014-07-07,60.2793,54.7219,58.0853,56.9229,34.3527,181.5908
2014-07-08,59.7946,54.4344,57.7956,56.629,34.2793,180.4231
2014-07-09,60.1747,54.6106,58.027,56.8678,34.3986,181.2322
2014-07-10,59.9752,54.2953,57.7801,56.6749,34.3435,180.5151
2014-07-16,60.2603,54.5272,58.3155,56.9872,34.5179,182.0045
2014-07-17,59.424,53.878,57.976,56.5554,34.4996,179.9359
2014-07-21,60.3173,54.3788,58.1581,56.7575,34.3894,181.4345
2014-07-22,60.7259,54.759,58.3859,56.8983,34.4629,182.2252
2014-07-24,61.2106,54.8703,58.5954,57.0791,34.5088,182.6389
2014-07-28,60.9065,54.8147,58.1946,56.4911,34.4353,181.8574
2014-07-29,60.7069,54.6199,58.313,56.8678,34.3343,181.0759
2014-07-30,60.802,54.6292,58.0423,56.3441,34.2701,181.1035
2014-07-31,59.4906,53.5534,57.1926,55.8021,33.6825,177.527
2014-08-05,59.2814,53.2706,56.3365,55.2784,33.4898,176.5341
2014-08-06,59.0248,53.4144,56.5423,55.2325,33.5724,176.5892
2014-08-07,58.7206,53.0713,56.1834,54.9385,33.4439,175.6331
2014-08-08,59.3574,53.6833,56.7828,55.5632,33.8386,177.6649
2014-08-11,59.576,53.8131,57.0196,55.8301,33.9947,178.1752
2014-08-12,59.519,53.7668,56.9285,55.7148,33.9763,177.9316
2014-08-13,60.0227,54.1141,57.0417,55.9215,34.1599,179.136
2014-08-14,60.3458,54.3695,57.4204,56.272,34.3619,179.9818
2014-08-15,60.4788,54.4252,57.4112,56.6014,34.3435,179.9451
2014-08-18,60.8685,54.9723,57.8758,56.8127,34.573,181.4529
2014-08-19,61.3023,55.3826,58.2492,57.1526,34.7658,182.3999
2014-08-20,61.5527,55.6123,58.4314,57.2445,34.8025,182.8871
2014-08-21,61.6668,55.6678,58.6773,57.4326,34.9127,183.4204
2014-08-22,61.6953,55.6585,58.4587,57.2996,34.7934,183.1354
2014-08-25,62.0089,55.8727,58.7957,57.5384,34.9219,184.064
2014-08-26,62.0659,55.9738,58.8959,57.5659,34.9035,184.1835
2014-08-29,62.2274,55.881,58.8495,57.7314,35.0229,184.5329
2014-09-02,62.413,56.0109,58.8595,57.7497,34.9861,184.4409
2014-09-04,62.3035,55.6493,58.8048,57.713,35.0137,184.0733
2014-09-05,62.6741,55.8904,59.0235,57.8324,35.2156,184.9006
2014-09-09,62.2274,55.538,58.6204,57.6211,34.9311,183.2549
2014-09-12,62.0469,55.4916,58.3131,57.1958,34.6924,183.0802
2014-09-15,61.7143,55.3432,58.4041,57.125,34.7475,182.9432
2014-09-16,62.3985,55.8002,58.3859,57.5752,34.9861,184.3214
2014-09-18,62.8357,56.1777,59.2866,57.5476,35.0871,185.5534
2014-09-22,62.0469,55.7698,58.6591,57.1894,34.9219,183.9547
2014-09-23,61.8283,55.4731,58.3312,56.7685,34.7383,182.9017
2014-09-24,62.4894,56.0351,58.6305,57.2247,34.9977,184.3334
2014-09-25,61.6413,55.0868,57.8453,56.5607,34.6104,181.3591
2014-09-30,61.8128,55.4495,57.9275,56.6169,34.7487,181.9872
2014-10-01,60.9029,54.6681,57.0235,55.9621,34.4813,179.521
2014-10-02,60.86,54.6775,56.6126,56.0913,34.5274,179.5487
2014-10-03,61.7461,55.2448,57.5536,56.6771,34.9055,181.5254
2014-10-06,61.5937,55.134,57.7266,56.5708,34.887,181.3129
2014-10-07,60.5265,54.3333,56.9852,56.4048,34.4997,178.5141
2014-10-08,61.7395,55.3286,57.7558,56.5505,35.0807,181.6362
2014-10-09,60.2692,54.3426,56.5396,55.999,34.5089,178.0338
2014-10-10,59.3916,53.5797,55.7817,55.2446,34.3521,176.0017
2014-10-14,57.7442,52.7426,55.0238,54.6802,34.1493,173.3784
2014-10-15,57.4487,52.4696,54.4393,53.8686,33.8726,172.2053
2014-10-16,57.8222,52.4523,54.5216,54.5603,34.1585,172.0575
2014-10-20,59.2687,53.3008,55.8182,55.4549,34.4536,175.78
2014-10-22,60.3073,54.0542,56.5944,56.3403,34.8962,177.9876
2014-10-23,61.2488,54.817,57.1057,56.9121,35.136,180.0567
2014-10-24,61.8986,55.2114,57.3431,57.2902,35.4219,181.4423
2014-10-28,62.4703,55.8681,57.5441,57.5069,35.7078,183.2712
2014-10-30,62.5656,56.3984,58.1483,58.0741,36.7222,184.1672
2014-10-31,63.2317,56.9286,58.7767,58.6676,36.2242,186.2732
2014-11-03,63.3279,56.8449,59.1419,58.8385,36.2703,186.3748
2014-11-04,63.2231,56.696,58.8589,58.6551,36.3349,185.7282
2014-11-05,63.5375,56.8262,59.224,58.9871,36.5193,186.9013
2014-11-10,63.8329,57.3379,59.7172,59.4482,36.7499,188.4162
2014-11-12,63.8901,57.4774,59.6788,59.3469,36.7222,188.3977
2014-11-17,63.8044,57.3379,59.6441,59.439,36.8144,188.7764
2014-11-19,64.3027,57.4774,60.0459,59.6511,36.9712,189.5616
2014-11-25,65.0336,58.082,60.7764,60.3511,37.1464,191.3074
2014-11-26,65.4909,58.2123,60.539,60.3974,37.3124,191.7969
2014-11-28,65.6053,58.2309,60.265,60.519,37.5153,191.3905
2014-12-01,65.1479,57.9425,59.9124,60.1676,37.377,190.0604
2014-12-02,65.5767,58.2402,60.4303,60.3336,37.5061,191.2843
2014-12-03,65.7006,58.5192,60.6403,60.5882,37.5706,192.0279
2014-12-08,65.7196,58.1378,60.2055,60.3613,37.4692,190.8455
2014-12-10,64.7096,57.2504,59.2058,59.5774,36.9251,187.6589
2014-12-11,65.0609,57.5611,59.4798,60.1492,37.151,188.6102
2014-12-12,64.3284,56.7425,59.0049,59.2489,36.6669,185.562
2014-12-15,63.8806,56.4635,58.0188,58.6274,36.4824,184.2873
2014-12-18,65.9388,58.3332,59.845,60.0182,37.6168,191.0026
2014-12-19,65.9674,58.5834,60.4541,60.7209,37.6998,191.8153
2014-12-23,65.6329,58.602,61.1755,61.4763,37.9764,192.9577
2014-12-26,66.0329,58.8465,61.243,61.6699,38.0768,193.5986
2014-12-29,66.0138,58.8652,61.3496,61.7719,38.1139,193.8586
2014-12-30,65.4975,58.6411,61.0869,61.4752,37.9563,192.8184
2014-12-31,65.0768,58.1183,60.5822,60.7612,37.5298,190.905
2015-01-02,64.9716,58.109,60.0132,60.5665,37.5576,190.8029
2015-01-06,63.5851,56.7364,58.765,59.5929,37.1033,185.5923
2015-01-07,64.6369,57.3807,59.233,60.14,37.5761,187.905
2015-01-08,65.9564,58.4544,60.4344,61.0394,38.1324,191.2394
2015-01-09,65.6122,57.9502,59.8668,60.6407,37.9099,189.7069
2015-01-12,65.2298,57.4741,59.2422,60.1771,37.743,188.2208
2015-01-13,65.0098,57.3136,59.077,60.0936,37.7059,187.6914
2015-01-14,64.7899,57.0913,58.6073,59.7227,37.5761,186.5583
2015-01-15,64.3596,56.559,58.0858,59.6578,37.5205,184.8492
2015-01-16,65.1437,57.3246,58.8613,59.8247,37.9284,187.2734
2015-01-20,65.4975,57.5861,58.6732,60.2095,37.9933,187.6682
2015-01-21,65.7556,57.6978,59.1137,60.4181,38.0536,188.6202
2015-01-22,66.8839,58.6225,59.5451,61.2805,38.6145,191.4252
2015-01-23,66.7501,58.4917,59.7378,61.2081,38.4105,190.3756
2015-01-26,66.817,58.5944,59.646,61.3732,38.494,190.8214
2015-01-27,65.966,57.6141,59.3982,60.9281,38.2158,188.3044
2015-01-28,65.2106,57.0726,58.1868,60.9374,37.7801,185.8895
2015-01-29,65.8321,57.6258,58.6732,60.5109,37.9748,187.608
2015-01-30,64.6274,57.11,58.0858,59.7991,37.3444,185.2487
2015-02-02,65.1055,57.6235,57.9205,60.0102,37.6688,187.5428
2015-02-03,65.727,58.4917,59.9214,61.0824,38.0861,190.2549
2015-02-04,65.6218,58.0716,60.0847,60.993,37.9933,189.5304
2015-02-05,66.3341,58.7812,60.3803,61.6514,38.3642,191.4437
2015-02-06,65.6983,58.389,60.6137,61.3465,38.0304,190.9143
2015-02-10,66.1955,58.8185,60.5455,61.5253,38.2251,192.0846
2015-02-11,66.5397,58.8465,60.6345,61.4613,38.2437,192.1961
2015-02-12,66.97,59.3283,61.2338,61.9852,38.4291,194.0444
2015-02-13,67.056,59.6961,61.4999,62.013,38.4569,194.8431
2015-02-17,67.3429,59.7335,61.656,62.1908,38.4754,195.1496
2015-02-18,67.5437,59.8548,61.5275,61.9944,38.6052,195.1682
2015-02-20,68.1365,60.4057,61.555,62.2656,38.6887,196.1983
2015-02-23,68.3755,60.4524,61.6284,62.5508,38.735,196.1704
2015-02-24,68.452,60.5831,61.8762,62.6667,38.7536,196.7286
2015-02-25,68.2895,60.6764,61.8028,62.6713,38.7628,196.5614
2015-03-02,68.5572,61.0125,61.8579,62.5229,38.837,196.8958
2015-03-03,68.0983,60.6671,61.4357,62.4395,38.6887,196.0877
2015-03-04,68.0122,60.4124,61.2246,62.0408,38.5125,195.2612
2015-03-05,68.1652,60.6017,61.3163,62.2819,38.6516,195.4747
2015-03-06,67.0752,59.6867,60.3527,61.3459,37.9655,192.7255
2015-03-09,67.4863,60.0229,60.7382,61.5957,38.1417,193.5243
2015-03-10,66.4441,59.0239,59.7103,60.8999,37.6503,190.3849
2015-03-11,66.3007,58.7251,59.7268,60.8076,37.5669,189.9391
2015-03-12,67.0465,59.3413,60.2224,61.3954,38.0582,192.354
2015-03-13,66.7596,58.9399,60.0499,61.2712,37.8728,191.1718
2015-03-16,67.7827,59.8082,60.7474,61.9572,38.392,193.7286
2015-03-17,67.8265,59.5467,60.6372,61.7534,38.2251,193.1527
2015-03-18,68.5572,60.275,61.3072,62.8289,38.6887,195.4747
2015-03-19,68.6528,60.2655,60.9287,62.319,38.5682,194.5831
2015-03-20,69.1691,60.8445,61.7046,63.0144,38.8741,196.3004
2015-03-23,68.8154,60.8351,61.5825,62.9309,38.939,195.9179
2015-03-24,68.4712,60.415,61.142,62.5414,38.7072,194.8171
2015-03-25,67.055,59.5479,60.457,61.6555,38.2221,191.9623
2015-03-26,67.0715,59.4543,60.2117,61.5,38.1011,191.5051
2015-03-27,67.5729,59.4825,60.1459,61.6508,38.2687,191.9436
2015-03-30,68.1962,60.1664,60.9493,62.5586,38.6877,194.2853
2015-04-01,66.8632,59.2389,60.4606,61.9906,38.3246,191.9063
2015-04-02,67.0262,59.3513,60.5141,62.1955,38.399,192.592
2015-04-06,67.358,59.6766,61.0969,62.6554,38.6132,193.8935
2015-04-07,67.3427,59.7915,60.8295,62.6238,38.4642,193.3803
2015-04-08,67.5729,59.8666,60.8756,62.4376,38.576,194.0287
2015-04-09,67.804,60.1664,61.1151,62.5307,38.6411,194.8917
2015-04-10,68.1866,60.3163,61.4823,62.8472,38.7436,195.9553
2015-04-13,67.8318,60.1195,61.4395,62.5683,38.576,195.069
2015-04-14,67.7551,59.9674,61.4104,62.6063,38.6598,195.4421
2015-04-16,68.014,60.1945,61.7608,62.6992,38.6598,196.2631
2015-04-17,67.1893,59.4356,61.1153,61.9068,38.278,194.0054
2015-04-20,67.9181,60.0914,61.7294,62.6051,38.6039,195.778
2015-04-22,68.3497,60.5037,61.2905,62.7076,38.7156,196.5057
2015-04-23,68.4456,60.7941,61.9636,62.9683,38.8599,197.0002
2015-04-24,68.5607,61.0227,61.8622,62.6796,38.9205,197.4572
2015-04-27,68.0282,60.7847,61.8696,62.6424,38.6504,196.6363
2015-04-28,68.0907,60.8503,61.9882,62.4655,38.8087,197.2614
2015-04-29,67.6496,60.5044,61.7988,62.1903,38.5108,196.4497
2015-04-30,66.7145,59.6979,61.3551,61.6555,38.1942,194.4812
2015-05-01,67.7358,60.5505,61.7885,62.1409,38.4828,196.5897
2015-05-04,67.8989,60.6817,62.1942,62.614,38.5946,197.1494
2015-05-05,66.89,60.0539,61.4749,61.6461,38.1756,194.8917
2015-05-06,66.6234,59.7167,61.2075,61.3203,38.0825,194.0894
2015-05-07,67.1893,60.0352,61.3646,61.8324,38.2873,194.8637
2015-05-08,68.0524,60.9346,62.0942,62.5236,38.7249,197.4293
2015-05-12,67.592,60.5599,61.7238,62.1582,38.4456,195.8993
2015-05-13,67.6688,60.5411,61.5856,62.0931,38.4084,195.9366
2015-05-15,68.7621,61.3186,62.2495,62.6239,38.995,198.1943
2015-05-18,69.1265,61.4874,62.4247,62.9863,39.0508,198.8101
2015-05-20,69.0881,61.478,62.5501,63.1275,39.0555,198.6048
2015-05-21,69.184,61.5811,62.5353,63.034,39.0322,199.1832
2015-05-22,69.0785,61.3937,62.5999,63.0521,38.9298,198.7074
2015-05-26,68.3785,60.6442,61.733,62.3258,38.5946,196.571
2015-05-27,69.2809,61.1407,62.1794,62.7169,38.846,198.4369
2015-05-28,69.1835,61.1053,62.2864,62.7541,38.818,198.213
2015-05-29,68.9635,60.6067,61.9175,62.6601,38.5853,196.9815
2015-06-03,68.8292,60.8222,62.1476,62.5773,38.548,197.7092
2015-06-05,68.0907,60.1476,61.6697,61.9971,38.0638,195.7034
2015-06-08,67.6879,59.7635,61.438,61.851,37.8962,194.4999
2015-06-09,67.7455,59.7541,61.4657,61.5623,37.8311,194.4719
2015-06-10,68.5703,60.5692,62.0872,62.2327,38.157,196.8042
2015-06-11,68.7621,60.8128,62.1849,62.4096,38.3525,197.4386
2015-06-12,68.388,60.3256,61.7147,62.1209,38.1197,195.9273
2015-06-15,68.3401,60.0071,61.4288,61.7579,37.9149,195.0876
2015-06-16,68.7908,60.4006,61.7486,62.0968,38.1663,196.1512
2015-06-18,69.8774,61.2624,62.4339,62.8845,38.7156,198.5115
2015-06-19,69.817,61.0658,62.1886,62.7262,38.5573,197.6304
2015-06-22,70.1335,61.2812,62.4616,62.9218,38.6691,198.6428
2015-06-24,69.6494,60.8443,62.0829,62.4575,38.351,197.3397
2015-06-29,68.5238,59.2148,60.7547,61.0916,37.6868,192.5773
2015-06-30,68.7258,59.4878,60.8937,61.2253,37.7242,192.9804
2015-07-01,69.3704,59.789,60.9401,61.5968,38.1733,194.5273
2015-07-07,69.505,60.0431,61.0235,61.999,38.5943,195.0148
2015-07-08,68.4853,59.1301,59.9298,61.1104,38.1826,191.743
2015-07-10,69.8321,59.9302,60.8752,61.8587,38.5849,194.5085
2015-07-14,70.9769,60.9938,61.7959,62.5892,38.9405,197.5085
2015-07-15,70.8422,60.9562,61.6167,62.4668,38.9124,197.4429
2015-07-20,71.4771,61.9445,61.9735,62.5323,39.0995,199.2991
2015-07-21,71.0731,61.7656,61.5684,62.5417,38.9218,198.5116
2015-07-27,70.0342,59.8831,60.0874,61.064,38.4914,193.8617
2015-07-28,70.9279,60.6785,60.8289,61.3536,38.8937,196.2429
2015-07-31,71.3333,61.2009,61.0884,62.7475,39.2399,197.3397
2015-08-03,71.2559,60.9562,60.9587,62.4107,39.2773,196.6741
2015-08-05,71.2751,61.4739,60.8381,62.6726,39.4831,196.9366
2015-08-06,69.9957,60.7303,60.5879,61.9859,39.2492,195.3242
2015-08-10,70.4737,61.295,61.1903,62.8223,39.4925,197.4054
2015-08-11,70.0534,60.815,60.5323,62.4264,39.4083,195.6241
2015-08-12,69.8321,60.8997,60.5601,61.7745,39.5206,195.8585
2015-08-13,70.0823,60.9091,60.8289,62.4032,39.5299,195.6148
2015-08-14,70.2554,61.0503,60.8103,62.6586,39.717,196.3273
2015-08-17,70.9654,61.3703,61.0328,63.1279,39.8855,197.4241
2015-08-18,70.8711,61.2963,60.9586,63.0001,39.8761,196.8522
2015-08-19,70.5921,61.0597,60.4682,62.7381,39.7358,195.296
2015-08-20,68.8605,59.789,59.2625,61.6529,39.165,191.218
2015-08-21,66.5709,57.6759,57.6035,60.0812,38.1546,185.2744
2015-08-24,63.935,55.478,55.3419,57.3318,36.7231,177.6995
2015-08-25,63.7619,54.8285,55.6015,58.1726,36.0962,175.5621
2015-08-26,66.292,57.3511,56.1205,58.3597,37.1909,182.3025
2015-08-27,67.9177,58.5089,57.4181,59.7238,37.8739,186.8118
2015-08-28,67.7927,58.5277,57.5979,59.5291,37.8365,186.8212
2015-08-31,67.0519,57.8876,57.5571,59.2392,37.4622,185.3119
2015-09-01,65.2337,56.3063,55.6663,57.6019,36.5734,179.7807
2015-09-02,66.7056,57.2851,56.1483,58.2662,37.0973,183.1931
2015-09-03,66.696,57.4076,56.9131,58.8275,37.1815,183.3244
2015-09-04,66.0321,56.5887,56.1576,58.0042,36.6763,180.5495
2015-09-08,67.6388,57.9724,57.3347,59.0801,37.4435,185.0869
2015-09-14,67.5003,57.5206,56.9269,58.6872,37.1441,183.7556
2015-09-17,69.0241,58.5935,58.2985,60.5115,37.9113,187.2431
2015-09-18,68.0235,57.7088,56.9176,59.271,37.5464,184.1836
2015-09-22,67.7157,57.4829,56.1576,58.409,37.3874,182.7324
2015-09-23,67.8023,57.3511,56.0742,58.5127,37.4622,182.4403
2015-09-24,67.2924,57.1911,55.8981,58.196,37.4341,181.7806
2015-09-25,66.8991,57.2414,55.9166,58.7083,37.4452,181.7335
2015-09-28,64.811,55.9843,54.49,57.4678,36.6929,177.1725
2015-09-29,64.3289,56.1544,54.5199,56.8663,36.7681,177.2761
2015-09-30,65.7852,57.1374,55.9073,58.0598,37.2289,180.5838
2015-10-01,66.3446,57.128,55.6556,57.9564,37.2759,181.055
2015-10-02,67.309,57.8841,56.4155,58.7928,37.7461,183.7596
2015-10-05,68.0082,58.801,58.0705,59.8266,38.2821,187.0295
2015-10-06,67.1451,58.593,58.0519,59.5635,37.9906,186.3887
2015-10-07,67.3476,59.0656,58.6952,60.1273,38.2633,187.9153
2015-10-08,67.8009,59.6422,59.3572,60.7664,38.5548,189.6116
2015-10-09,68.1674,59.6895,59.2608,60.6254,38.6301,189.7247
2015-10-13,68.042,59.1885,59.0402,60.4281,38.583,188.7069
2015-10-15,68.4374,59.7273,59.4691,60.7852,38.7335,190.6859
2015-10-16,69.0064,60.0675,59.522,60.9543,39.0438,191.5528
2015-10-19,69.3247,60.1432,59.637,61.0389,39.1285,191.6471
2015-10-20,68.7364,60.1621,59.5624,61.1235,39.0626,191.3832
2015-10-21,68.1867,60.0203,59.0159,60.9073,38.9216,190.2147
2015-10-22,68.64,61.3625,59.8328,61.631,39.4858,193.4281
2015-10-23,69.5465,61.939,60.3176,61.7359,39.5046,195.5484
2015-10-26,69.9323,61.8823,59.926,61.6404,39.5234,195.0678
2015-10-27,70.1734,61.75,59.5624,61.443,39.467,194.6909
2015-10-28,70.7425,62.3644,60.5134,61.8847,39.6927,196.9054
2015-10-30,70.5978,62.0808,59.9913,61.998,39.4576,195.9442
2015-11-02,70.9546,62.6857,60.7652,62.4768,39.8149,198.2624
2015-11-03,70.81,62.9882,60.8398,62.2042,39.7773,198.8373
2015-11-05,71.297,62.5251,60.4517,62.1563,39.6174,198.0363
2015-11-11,70.6171,61.8351,59.7243,61.8449,39.1943,195.7652
2015-11-12,69.6623,60.9749,59.0029,61.0859,38.7335,193.0323
2015-11-18,70.887,62.1281,59.6743,61.631,39.3541,196.6981
2015-11-19,70.4531,62.147,59.4411,61.8224,39.3635,196.5285
2015-11-24,71.2247,62.5534,59.6463,61.7719,39.4764,197.2824
2015-11-25,71.4658,62.6007,59.6513,62.223,39.4858,197.2541
2015-11-27,71.6201,62.6763,59.7027,62.1667,39.561,197.4803
2015-11-30,70.9739,62.3549,59.5811,62.3546,39.3729,196.6604
2015-12-01,71.7937,62.7708,60.1125,62.6178,39.7961,198.5357
2015-12-02,71.4176,62.2793,59.5436,61.9928,39.42,196.5087
2015-12-03,70.2506,61.3436,58.6767,60.9449,38.9028,193.758
2015-12-07,71.4947,62.3927,59.3199,61.7906,39.6165,196.34
2015-12-08,71.5719,62.0336,58.63,61.349,39.5328,195.0198
2015-12-09,70.5689,61.4759,58.2457,60.8369,39.1943,193.5035
2015-12-10,70.6267,61.6649,59.0029,61.0147,39.1755,194.003
2015-12-11,69.4115,60.4362,57.4738,59.883,38.7053,190.243
2015-12-14,70.1349,60.8426,57.2034,59.9206,38.978,191.2049
2015-12-15,70.5496,61.4003,58.2197,60.569,39.3071,193.2121
2015-12-16,71.6587,62.1753,59.0402,61.3866,39.8713,196.0385
2015-12-17,70.8389,61.3058,58.0425,60.5503,39.467,193.0512
2015-12-18,69.7587,60.1715,57.3605,59.9751,38.9028,189.6123
2015-12-21,70.376,60.7008,57.6136,59.9582,39.1661,191.1757
2015-12-22,70.781,61.2112,58.229,60.1607,39.467,192.9105
2015-12-23,71.2054,61.9201,59.1428,61.3208,39.8431,195.2993
2015-12-28,71.2171,61.7022,58.6019,61.2921,39.8274,194.5315
2015-12-29,72.0779,62.3571,59.3312,61.8782,40.1586,196.6075
2015-12-30,71.691,61.9395,58.8146,61.7267,39.9883,195.214
2016-01-04,69.4474,60.3829,57.4712,59.751,39.0799,190.5588
2016-01-06,69.4087,59.8229,56.5131,59.4296,39.0988,188.474
2016-01-07,67.8613,58.3992,55.2919,58.4085,38.4648,183.9522
2016-01-08,67.2134,57.7349,54.6888,57.7089,38.0768,181.9359
2016-01-11,67.6195,57.8203,54.3525,57.3731,38.1336,182.1132
2016-01-12,68.3449,58.4087,54.747,57.8507,38.3323,183.5833
2016-01-13,66.2366,57.085,53.3173,56.5933,37.7267,179.0038
2016-01-14,66.9812,57.9437,53.8452,57.3118,38.1147,181.9425
2016-01-15,65.7143,56.8047,52.4456,56.2907,37.6226,178.0369
2016-01-20,65.5596,56.1688,51.431,55.6951,37.2915,175.9893
2016-01-21,65.782,56.4156,51.6565,56.0733,37.405,176.9752
2016-01-22,67.078,57.6399,52.4925,57.0055,38.1147,180.6059
2016-01-25,66.3623,56.7573,51.5156,56.0733,37.793,177.8758
2016-01-26,66.9426,57.602,52.4362,56.9147,38.285,180.3025
2016-01-27,65.9465,56.8807,52.2389,56.5649,38.0626,178.3403
2016-01-28,66.9039,57.08,52.1262,56.6614,38.1147,179.2693
2016-01-29,68.1804,58.4562,53.3943,58.0398,39.0231,183.6401
2016-02-01,68.5479,58.5036,53.7795,58.0447,39.165,183.573
2016-02-02,67.5712,57.5261,52.145,57.1038,38.7581,180.2646
2016-02-03,66.8652,57.9437,52.4737,57.2267,38.8528,181.3453
2016-02-04,66.1882,58.0576,52.7462,57.7656,38.7392,181.6297
2016-02-05,64.2057,57.004,52.1637,57.5103,38.285,178.1696
2016-02-08,62.7454,56.4156,51.2994,55.8558,37.9349,175.7713
2016-02-09,63.0838,56.558,51.1492,55.922,37.9444,175.7808
2016-02-10,63.7705,56.6244,51.1022,56.026,38.039,175.6291
2016-02-11,63.2773,55.9315,50.2943,55.0711,37.6983,173.3445
2016-02-12,64.138,56.9186,51.6283,56.1223,38.2188,176.9183
2016-02-16,65.2405,57.8298,52.8213,57.2172,38.6824,179.9044
2016-02-17,66.2849,58.684,53.7748,58.0586,39.042,182.8431
2016-02-18,65.7337,58.5606,53.5158,57.916,39.1272,182.0942
2016-02-19,66.1109,58.5036,53.244,57.8479,39.1556,182.0089
2016-02-22,67.107,59.1965,54.3619,58.673,39.5341,184.6442
2016-02-23,66.7782,58.5511,53.6104,58.3896,39.3448,182.3122
2016-02-24,67.165,58.8643,53.8452,58.4936,39.5246,183.1464
2016-02-26,67.9483,59.244,54.5122,59.3823,39.6949,184.9373
2016-02-29,67.3101,58.8074,54.3649,58.7545,39.43,183.4877
2016-03-01,68.8574,60.1361,55.4516,59.6792,40.0356,187.8009
2016-03-03,68.6737,60.3165,56.297,60.1765,40.2343,189.3793
2016-03-07,67.8516,60.4873,56.9452,60.85,40.3005,190.1519
2016-03-09,67.9387,60.2026,56.3534,60.5641,40.3005,189.0048
2016-03-10,68.0159,60.25,56.5131,60.3184,40.3573,189.1565
2016-03-16,69.5827,61.4459,57.5088,61.793,41.0197,192.7588
2016-03-17,69.5441,61.93,57.8564,62.3372,41.2562,193.9812
2016-03-18,69.6795,62.0723,58.3355,62.5683,41.3319,194.7435
2016-03-21,69.8052,62.2052,58.3918,62.5022,41.2941,195.0198
2016-03-22,69.825,62.1746,58.32,62.5508,41.2278,194.915
2016-03-23,69.7475,61.8741,57.5443,62.0644,41.1605,193.6279
2016-03-28,69.9317,61.8884,57.5064,62.1404,41.2555,193.6573
2016-03-30,71.0759,62.7468,58.1781,63.0979,41.826,196.3062
2016-04-01,71.6577,63.0615,58.1119,63.1876,42.1208,197.1637
2016-04-04,71.2989,62.8422,57.7335,62.9288,42.0447,196.5253
2016-04-05,70.562,62.4035,57.1375,62.4254,41.6929,194.5617
2016-04-07,70.7462,62.3176,56.9294,62.0587,41.7214,194.3338
2016-04-08,70.6299,62.4702,57.0808,62.4453,41.8165,194.8571
2016-04-11,70.1935,62.3081,56.9956,62.4355,41.6549,194.4006
2016-04-12,70.6008,62.8708,57.5727,62.7008,41.9116,196.2109
2016-04-13,70.9983,63.3954,58.4713,63.2888,41.9211,198.1936
2016-04-18,71.6092,63.7673,58.67,63.6887,42.2634,199.3736
2016-04-19,71.3571,63.9104,59.1998,63.8882,42.349,200.0032
2016-04-20,71.4832,63.8627,59.5971,64.0498,42.1113,200.1938
2016-04-21,71.0177,63.4907,59.2944,63.2622,41.6073,199.1171
2016-04-25,70.688,63.3858,59.3417,63.3848,41.8355,198.7741
2016-04-26,70.6105,63.4812,59.6444,63.8311,41.807,199.0687
2016-04-27,70.6008,63.5193,59.966,63.9832,41.9496,199.4792
2016-04-28,70.3196,62.928,59.3133,64.1484,41.7595,197.6664
2016-04-29,70.4359,62.3367,58.4713,63.0159,41.6168,196.6023
2016-05-02,71.328,62.8994,58.6795,63.6412,41.9781,198.1642
2016-05-03,70.8432,62.4035,57.9984,63.2803,41.8355,196.4388
2016-05-04,70.7753,62.0124,57.3835,63.0332,41.8831,195.3438
2016-05-05,70.6589,62.041,57.2416,63.2533,41.9116,195.3057
2016-05-06,71.105,62.1841,57.497,63.2233,42.0447,196.0203
2016-05-09,71.6092,62.3176,57.3645,63.4132,42.2254,196.1815
2016-05-10,72.5692,63.0234,58.1119,64.1541,42.5772,198.6216
2016-05-11,71.7837,62.3558,57.5064,63.6887,42.2254,196.7635
2016-05-12,71.9583,62.4798,57.2983,63.5177,42.3585,196.8207
2016-05-13,71.5607,61.9266,56.7497,62.9399,42.0732,195.1056
2016-05-16,72.0262,62.5179,57.4213,63.6697,42.4345,197.0303
2016-05-17,71.0274,61.9361,57.128,63.0238,41.8545,195.1921
2016-05-18,71.008,61.8408,57.1753,62.8338,41.6073,195.2485
2016-05-20,71.0856,61.8666,57.6956,62.9953,41.6834,195.8012
2016-05-23,70.7947,61.7645,57.6862,63.1093,41.5788,195.5344
2016-05-24,71.9292,62.7087,58.443,63.7552,41.9972,198.069
2016-05-25,71.968,62.9757,59.0295,64.1465,42.0732,199.4125
2016-05-26,72.1134,62.9566,58.9822,64.1731,42.1968,199.4696
2016-05-27,72.3558,63.176,59.2471,64.3251,42.3014,200.3272
2016-05-31,72.1619,63.0043,59.3322,64.5531,42.2729,199.9461
2016-06-01,72.3655,63.0997,59.3133,64.5436,42.349,200.3558
2016-06-02,72.5595,63.1474,59.5498,64.876,42.5201,200.9656
2016-06-03,72.8407,63.0234,59.2187,64.7431,42.6247,200.3653
2016-06-06,72.8019,63.424,59.616,64.8238,42.5962,201.3849
2016-06-07,72.8213,63.3763,59.8714,65.0565,42.6532,201.6993
2016-06-08,73.2673,63.567,60.0133,65.3035,42.8814,202.3568
2016-06-09,73.5391,63.4907,59.843,65.1895,43.0145,202.0804
2016-06-10,73.1122,62.9757,59.1525,64.6101,42.8434,200.1652
2016-06-13,72.6467,62.4798,58.5186,64.2016,42.5962,198.6208
2016-06-14,72.7243,62.3939,58.1403,63.9957,42.6532,198.2309
2016-06-16,72.8504,62.537,58.1308,63.8873,42.8149,198.544
2016-06-17,72.3946,62.289,58.2727,64.0877,42.6247,197.8064
2016-06-20,72.8142,62.6877,58.6372,64.6036,42.8053,199.0803
2016-06-21,72.9697,62.8124,58.7418,64.6895,42.9471,199.6454
2016-06-22,72.7947,62.7165,58.6372,64.909,42.9375,199.3198
2016-06-23,73.456,63.5127,59.5693,65.2048,43.3103,201.9154
2016-06-24,71.9001,61.3161,57.0964,63.2197,42.5456,194.5595
2016-06-27,71.5598,60.3759,55.5841,61.8745,42.3353,191.1784
2016-06-28,72.4349,61.3736,56.6874,62.3989,42.842,194.6262
2016-06-29,73.2615,62.3808,57.7336,64.1116,43.4155,197.9405
2016-06-30,74.2922,63.3113,58.6182,64.9949,44.1706,200.6368
2016-07-01,74.3603,63.4264,58.7418,65.2984,44.2471,201.0638
2016-07-05,74.6034,63.0523,57.9239,64.7277,44.3713,199.6167
2016-07-06,75.0604,63.3113,58.3329,64.7468,44.4765,200.814
2016-07-07,74.6617,63.2729,58.3994,65.0808,44.2662,200.6856
2016-07-08,75.5564,64.1458,59.4837,66.0631,44.7632,203.6778
2016-07-11,75.712,64.3185,59.75,66.2738,44.8015,204.3962
2016-07-12,75.5369,64.6638,60.53,66.6079,44.6963,205.8808
2016-07-14,75.7897,64.9516,60.9675,66.8083,44.9257,207.0014
2016-07-15,75.7022,64.9612,60.958,66.7129,44.8397,206.7236
2016-07-18,75.8675,65.0763,61.1482,66.8579,44.811,207.2784
2016-07-19,76.0426,65.1147,61.0341,66.7415,44.8588,207.0684
2016-07-20,76.1787,65.412,61.3955,67.066,44.8875,207.9257
2016-07-21,75.7995,65.153,61.1767,66.7797,44.8302,207.1403
2016-07-22,76.3246,65.4696,61.4526,66.8943,45.0978,208.0741
2016-07-25,76.1204,65.3737,61.3289,67.066,44.9735,207.509
2016-07-26,75.8773,65.2106,61.5001,67.3475,44.8875,207.6048
2016-07-27,75.6244,65.1722,61.4621,67.0469,44.6294,207.3845
2016-07-28,75.9842,65.1914,61.2633,67.1509,44.725,207.624
2016-07-29,76.2857,65.2394,61.2718,67.2139,44.8206,207.9592
2016-08-01,76.4024,65.1722,60.996,67.0755,44.8875,207.7868
2016-08-02,76.0717,64.9324,60.2256,66.3597,44.6868,206.4547
2016-08-03,75.7703,65.0283,60.6918,66.6641,44.3522,207.0589
2016-08-04,75.9356,65.0092,60.7012,66.7587,44.486,207.2789
2016-08-05,76.1787,65.5559,61.4811,67.1048,44.6199,208.9745
2016-08-08,75.9939,65.5176,61.4431,67.143,44.5052,208.85
2016-08-09,76.1884,65.4696,61.5001,67.0803,44.6007,208.9745
2016-08-10,76.3051,65.3545,61.1958,66.9037,44.6294,208.4573
2016-08-11,76.5385,65.6998,61.6428,67.3141,44.7059,209.4247
2016-08-12,76.5093,65.6135,61.6047,67.295,44.6485,209.2427
2016-08-15,76.2954,65.7957,62.0232,67.4382,44.5816,209.8461
2016-08-16,75.5564,65.3929,61.8062,67.1518,44.1802,208.7638
2016-08-17,75.8092,65.5847,61.795,66.9037,44.2853,209.1565
2016-08-18,75.8384,65.6327,62.0232,67.2805,44.4287,209.6258
2016-08-19,75.5855,65.6232,61.9852,67.3332,44.2758,209.3193
2016-08-24,75.3035,65.46,61.852,67.1328,44.1133,208.6584
2016-08-26,75.0437,65.2682,61.6808,66.8274,43.9125,208.122
2016-08-29,75.5272,65.4984,62.0708,67.3428,44.2088,209.1477
2016-08-30,75.2063,65.2682,62.0898,67.2663,43.9603,208.8021
2016-08-31,75.1479,65.0955,62.0328,66.7787,43.9412,208.2082
2016-09-02,75.6731,65.3545,62.204,67.2569,44.228,209.1565
2016-09-06,76.1106,65.4312,62.3276,67.4764,44.3809,209.7894
2016-09-07,75.9064,65.4408,62.4608,67.5241,44.3522,209.7695
2016-09-08,75.5466,65.1626,62.4227,67.4764,44.1037,209.2906
2016-09-09,73.524,63.6878,61.015,65.8396,42.9184,204.2812
2016-09-12,74.6326,64.5295,61.9472,65.9971,43.5302,207.2121
2016-09-13,73.5921,63.7813,61.2338,65.4252,42.9089,204.2333
2016-09-15,74.3895,64.4048,61.7569,66.0348,43.2339,206.1968
2016-09-16,74.2922,64.117,61.6666,65.5868,43.1192,205.3998
2016-09-19,74.3992,64.1938,61.6999,66.0448,43.2147,205.4383
2016-09-21,75.5272,64.9516,62.2705,66.1688,43.8552,207.7583
2016-09-22,76.1009,65.2969,62.5844,67.2855,44.1324,209.0675
2016-09-23,75.7606,64.8845,62.3276,66.9933,43.9412,207.9219
2016-09-26,75.2846,64.4511,61.6046,66.4814,43.7043,206.2373
2016-09-27,75.777,64.8172,62.0158,66.6319,43.8389,207.5176
2016-09-28,75.8897,65.01,62.3793,66.6817,43.8773,208.5476
2016-09-29,75.2553,64.4415,61.6811,66.5539,43.4641,206.6608
2016-09-30,75.5188,65.0292,62.4367,66.911,43.6563,208.2203
2016-10-03,75.2455,64.8269,62.3028,66.4805,43.3488,207.7197
2016-10-04,74.5135,64.4126,62.1582,66.2216,42.926,206.6608
2016-10-05,74.4647,64.6534,62.7026,66.2839,42.8299,207.5754
2016-10-06,74.6892,64.7113,62.6806,66.3557,42.8587,207.7197
2016-10-07,74.3963,64.5186,62.341,66.0394,42.8106,207.0074
2016-10-10,74.7282,64.8365,62.7618,66.3045,43.022,208.0856
2016-10-11,73.8009,64.1235,61.9393,65.4354,42.4839,205.4575
2016-10-12,74.289,64.2102,61.8915,65.7039,42.7049,205.7271
2016-10-13,74.2109,64.0657,61.6046,65.4354,42.7338,205.0532
2016-10-14,74.1328,64.1331,61.5376,65.8717,42.7145,205.1591
2016-10-17,73.9961,64.0271,61.3846,65.3683,42.6184,204.4468
2016-10-18,74.3866,64.0561,61.901,65.7231,42.8106,205.7271
2016-10-19,74.3475,64.1717,61.9871,65.8381,42.7722,206.2758
2016-10-20,74.2597,63.9693,61.9489,65.6368,42.6184,205.8907
2016-10-21,74.3182,63.8633,61.7576,65.5313,42.5031,205.987
2016-10-24,74.816,64.1524,62.035,65.886,42.6473,206.863
2016-10-25,74.3963,63.8633,61.8054,65.5984,42.5608,206.1699
2016-10-27,73.4691,63.6803,61.5663,65.0807,42.1091,205.2072
2016-10-28,73.6252,63.6995,61.528,65.4069,42.1956,204.6008
2016-11-01,73.3422,63.2563,61.2698,64.6935,42.0034,203.1279
2016-11-02,72.8346,62.9383,61.0594,64.3472,41.9362,201.9054
2016-11-03,72.4247,62.7938,60.7055,64.2753,41.8401,200.9812
2016-11-04,72.3466,62.6878,60.6099,64.2034,41.8016,200.7598
2016-11-07,73.7921,64.0079,61.968,65.3779,42.4743,205.188
2016-11-08,74.328,64.3162,62.1402,65.8046,42.753,206.1121
2016-11-09,74.0157,65.0774,63.3931,66.4517,42.6281,208.2966
2016-11-10,73.0689,65.1641,64.12,66.4963,42.407,208.8172
2016-11-11,72.9713,65.0967,64.1774,66.423,42.3398,208.3358
2016-11-14,72.3759,64.9232,64.84,66.7393,42.2821,208.4995
2016-11-15,73.0591,65.2027,65.3538,67.4009,42.5223,210.1264
2016-11-16,73.2738,65.3087,65.0478,67.2858,42.5704,209.7317
2016-11-17,73.674,65.617,65.2199,67.6406,42.6953,210.8098
2016-11-18,73.4691,65.5014,65.086,67.4488,42.58,210.3381
2016-11-21,73.9669,65.9253,65.4686,67.909,42.753,211.9265
2016-11-22,74.2206,66.1277,65.7077,68.1015,42.8875,212.3404
2016-11-23,74.3768,65.935,65.9277,68.1773,42.7818,212.456
2016-11-25,74.5037,66.2047,66.1477,68.4603,43.0124,213.2453
2016-11-28,74.4744,65.9831,65.7746,68.2062,43.0797,212.2442
2016-11-29,74.7672,66.0024,65.8129,68.3884,43.2623,212.6581
2016-11-30,73.6155,65.617,66.0616,68.1967,42.7145,212.1479
2016-12-01,72.2294,65.3954,66.1572,67.5926,42.359,211.3682
2016-12-05,73.1958,65.6844,66.4155,68.1678,42.5992,212.7448
2016-12-06,73.3812,65.8001,66.7885,68.5225,42.7242,213.4186
2016-12-07,74.3378,66.6672,67.8597,69.3376,43.2527,216.2103
2016-12-08,74.3085,66.8021,68.2136,69.7499,43.2719,216.7397
2016-12-09,74.5232,67.1586,68.5866,69.7699,43.5506,218.0489
2016-12-12,74.4354,67.2743,68.3284,69.7534,43.762,217.7987
2016-12-13,75.0503,67.756,68.7205,70.1046,43.983,219.2522
2016-12-14,74.6013,67.2068,68.0797,69.3424,43.5506,217.4425
2016-12-15,74.982,67.3899,68.4336,69.5773,43.6563,218.3377
2016-12-16,74.777,67.361,68.204,69.5507,43.8196,217.9106
2016-12-19,75.0308,67.4959,68.3379,69.6779,43.9638,218.3851
2016-12-20,75.2748,67.7175,68.6153,69.8799,43.983,219.2275
2016-12-21,75.1869,67.5441,68.5101,69.7978,43.8389,218.6175
2016-12-22,75.1574,67.5077,68.0886,69.4924,43.8313,218.2398
2016-12-23,75.2948,67.5561,68.2712,69.637,43.8991,218.5594
2016-12-27,75.6283,67.6142,68.4345,69.7431,43.9474,219.1016
2016-12-28,74.8533,67.1299,67.7812,69.0778,43.6862,217.2909
2016-12-29,75.0103,67.2074,67.6755,69.2803,43.8991,217.2424
2016-12-30,74.4217,66.9265,67.4353,69.2417,43.7539,216.4484
2017-01-03,74.6375,67.4108,68.1367,69.3574,43.87,218.1043
2017-01-04,75.079,67.7885,68.8572,70.1863,44.0732,219.4018
2017-01-05,75.3242,67.7207,68.4825,70.0256,44.1216,219.2275
2017-01-06,75.7559,67.9532,68.4153,70.2598,44.1797,220.0118
2017-01-09,75.7264,67.6142,68.1655,69.9232,43.9668,219.2856
2017-01-11,75.9325,67.5464,68.4537,69.8725,44.0442,219.9053
2017-01-12,75.8442,67.4689,68.2039,70.0227,44.0345,219.3534
2017-01-17,75.854,67.5077,67.9445,69.9824,44.199,219.0823
2017-01-18,76.0796,67.6239,68.079,70.3215,44.2377,219.5664
2017-01-19,75.9913,67.2849,67.7908,69.8395,43.9958,218.753
2017-01-20,76.1483,67.4689,67.8965,69.9793,44.1506,219.5567
2017-01-23,75.9815,67.3721,67.6755,70.0709,44.1313,218.9854
2017-01-24,76.5996,67.8273,68.3865,70.4854,44.2377,220.3895
2017-01-25,77.2274,68.3987,69.1839,71.006,44.3829,222.2971
2017-01-26,77.1195,68.2341,69.0013,70.9386,44.3151,222.0647
2017-01-27,77.2373,68.1372,68.7035,70.6975,44.3345,221.7161
2017-01-30,76.7664,67.837,68.2712,70.4179,44.199,220.3411
2017-02-01,76.9429,67.6045,68.7612,70.0034,44.0055,220.4089
2017-02-02,77.0803,67.6239,68.6363,70.254,44.2667,220.5541
2017-02-03,77.3942,68.1178,69.3472,70.9482,44.499,222.0744
2017-02-06,77.355,68.0404,69.2896,70.7901,44.3732,221.6773
2017-02-08,77.7866,68.1178,69.0206,70.9196,44.6441,221.9775
2017-02-09,77.9338,68.4568,69.4913,71.3758,44.8376,223.2944
2017-02-10,78.179,68.7861,69.7123,71.758,45.0021,224.1756
2017-02-13,78.4145,69.1639,70.2311,72.1013,45.1472,225.3957
2017-02-14,78.4047,69.4641,70.7691,72.0473,45.1763,226.2962
2017-02-15,78.7775,69.9,71.2399,72.5004,45.3504,227.4776
2017-02-16,78.9197,69.9775,71.2111,72.3751,45.544,227.2839
2017-02-17,79.0129,70.268,71.2591,72.6547,45.5827,227.6422
2017-02-21,79.5721,70.578,71.8067,73.2042,45.9116,228.9978
2017-02-22,79.6506,70.5683,71.6338,73.1078,45.9213,228.7945
2017-02-23,79.4544,70.7717,71.4897,73.0692,46.1632,228.9494
2017-02-24,79.6212,70.9944,71.5569,73.1708,46.3857,229.2399
2017-02-27,79.788,70.9847,71.8164,73.5368,46.2987,229.5982
2017-02-28,79.68,70.8782,71.4128,73.2138,46.318,228.9785
2017-03-01,80.5139,71.808,72.364,74.014,46.618,232.1836
2017-03-02,80.0332,71.5465,71.9316,73.6959,46.5115,230.7215
2017-03-03,80.1607,71.5174,72.0854,73.5223,46.4244,230.8667
2017-03-06,80.0136,71.3334,71.5954,73.1263,46.3374,230.1792
2017-03-08,79.9842,71.0332,71.0574,72.8695,46.1051,229.0656
2017-03-10,80.6022,71.314,71.1534,72.9824,46.3277,230.1598
2017-03-13,80.8867,71.3237,71.0381,72.9922,46.4051,230.276
2017-03-14,80.5924,71.101,70.7499,72.7896,46.26,229.3949
2017-03-15,81.3086,71.7596,71.3264,73.5223,46.7147,231.3799
2017-03-16,81.1025,71.6046,71.2015,73.3681,46.5599,230.9248
2017-03-17,81.2938,71.5949,70.8844,73.4452,46.6954,230.5193
2017-03-20,81.3449,71.4981,70.6907,73.4061,46.5888,230.2665
2017-03-21,80.3864,70.791,69.4625,72.54,46.3664,227.31
2017-03-22,80.8082,70.9266,69.7123,72.4908,46.4341,227.8449
2017-03-23,80.6513,70.8395,69.6547,72.5628,46.4051,227.6017
2017-03-24,80.8237,70.7491,69.6215,72.7291,46.3651,227.4364
2017-03-27,80.7253,70.6226,69.5828,72.2601,46.2776,227.203
2017-03-28,81.05,70.9826,70.2976,72.9798,46.4039,228.8563
2017-03-29,81.2861,70.9145,70.4811,72.8374,46.3942,229.0703
2017-03-30,81.3157,70.9924,70.8095,73.147,46.4039,229.7997
2017-04-04,81.2665,70.6518,70.3942,72.7019,46.3359,229.0119
2017-04-05,81.1539,70.4571,69.9885,72.5858,46.3554,228.3311
2017-04-06,81.3058,70.6226,70.2783,72.8221,46.3359,228.973
2017-04-07,81.2763,70.6031,70.2203,72.8664,46.3068,228.7396
2017-04-11,81.1681,70.6128,70.1913,72.8374,46.4234,228.6035
2017-04-12,80.8631,70.389,69.7953,72.5858,46.3651,227.6017
2017-04-13,80.4794,70.0289,69.2834,72.42,46.1901,226.1235
2017-04-17,81.3255,70.5544,69.7953,72.8954,46.4914,228.1269
2017-04-18,81.2763,70.3306,69.5152,72.8471,46.5011,227.4461
2017-04-19,81.4042,70.0873,69.4669,72.7406,46.4914,227.028
2017-04-20,81.8764,70.5934,70.1817,73.1664,46.6372,228.8758
2017-04-21,81.8568,70.4669,69.8726,73.1083,46.608,228.1464
2017-04-24,82.693,71.0605,70.7129,73.7228,46.9579,230.6555
2017-04-25,83.1653,71.5373,71.051,74.0857,47.0939,231.9976
2017-04-26,82.8898,71.4108,71.1089,74.1921,47.0842,231.8517
2017-05-01,83.8442,71.2065,70.8288,73.7954,46.9773,232.124
2017-05-02,83.6966,71.333,70.8578,73.5728,46.9579,232.2116
2017-05-03,83.4605,71.2357,70.7419,73.5148,46.7927,231.9295
2017-05-04,83.5982,71.3135,70.6646,73.6348,46.9773,232.2018
2017-05-05,84.0311,71.5568,71.0993,74.1147,47.1522,233.116
2017-05-08,83.9721,71.5276,71.1765,73.7679,47.0065,233.0771
2017-05-09,83.9425,71.5179,71.2248,73.6773,46.8899,232.8631
2017-05-10,84.5427,71.5081,71.3311,73.8539,46.9482,233.2813
2017-05-11,84.5132,71.3427,71.1186,73.718,46.8801,232.8048
2017-05-12,84.6608,71.2454,70.8095,73.371,46.7927,232.4158
2017-05-15,85.3101,71.6541,71.1959,73.8825,47.0162,233.6995
2017-05-16,85.4478,71.5957,71.0027,73.6212,46.8413,233.4856
2017-05-17,83.8442,70.681,69.3896,72.8954,46.5789,229.3426
2017-05-18,84.464,70.8269,69.4669,72.9922,46.7052,230.2665
2017-05-19,84.9756,71.1967,69.9885,73.4373,46.8801,231.7642
2017-05-22,85.7528,71.6541,70.2686,73.9212,47.1814,232.941
2017-05-23,85.8709,71.6249,70.568,73.9599,47.2397,233.4564
2017-05-24,86.3136,71.8293,70.6067,74.2889,47.4341,234.001
2017-05-25,87.0023,72.2477,70.8481,74.6857,47.7839,235.1194
2017-05-26,87.1401,72.2283,70.8771,74.6663,47.7548,235.0708
2017-05-30,87.3368,72.1894,70.8288,74.5986,47.8228,234.8666
2017-05-31,87.386,72.3451,70.6936,74.6179,47.9686,234.8082
2017-06-01,88.0059,72.8414,71.389,75.4017,48.299,236.6755
2017-06-02,88.4683,73.0457,71.447,75.6727,48.435,237.4632
2017-06-05,88.3109,72.9971,71.2635,75.5372,48.3767,237.2882
2017-06-06,88.0944,72.7343,70.9544,75.1598,48.2018,236.5296
2017-06-07,88.6257,72.7927,71.1669,75.1405,48.3184,236.9672
2017-06-08,88.9209,72.8706,71.3697,75.2856,48.0755,237.0839
2017-06-09,88.0157,72.929,71.5243,75.305,48.0463,236.7241
2017-06-12,87.7304,72.89,71.6015,75.5662,48.0366,236.6755
2017-06-13,88.4584,73.2696,71.8527,75.9533,48.1921,237.8328
2017-06-14,88.2813,73.2501,71.5822,75.9823,48.2893,237.5313
2017-06-15,88.1141,73.2112,71.2152,75.963,48.3573,237.0742
2017-06-16,88.0059,73.2696,70.9158,75.9533,48.4156,237.126
2017-06-19,89.3242,73.8048,71.6015,76.3307,48.61,239.1001
2017-06-20,88.5667,73.3085,71.051,75.7985,48.4447,237.4876
2017-06-21,88.606,73.2404,70.9737,75.5566,48.3573,237.429
2017-06-22,88.3994,73.1723,71.1089,75.5082,48.2698,237.3215
2017-06-23,88.242,73.2988,71.1669,75.4685,48.2795,237.6049
2017-06-26,88.1534,73.328,71.4953,75.8565,48.3573,237.7613
2017-06-27,87.3824,72.8026,71.1125,75.3362,47.9846,235.8458
2017-06-28,88.5365,73.3602,71.8514,75.7883,48.1604,237.9567
2017-06-29,87.7178,72.5091,71.4528,75.1709,47.6817,235.8653
2017-06-30,87.6882,72.7537,71.5306,75.4565,47.799,236.3051
2017-07-05,88.4872,72.9885,72.0945,75.686,47.838,237.2531
2017-07-06,87.9348,72.3917,71.3653,74.8407,47.4375,235.0835
2017-07-07,88.793,72.8711,71.7542,75.3363,47.7306,236.6081
2017-07-10,89.1975,72.92,71.6278,75.3168,47.6427,236.8622
2017-07-11,89.158,72.7048,71.5598,75.1127,47.5645,236.6863
2017-07-12,89.9669,73.2917,71.9778,75.6378,47.8771,238.4649
2017-07-13,90.0656,73.3504,72.3279,75.8415,47.838,238.8656
2017-07-14,90.4207,73.8004,72.6779,76.1427,48.1116,239.9797
2017-07-17,90.401,73.7222,72.814,76.2594,48.1409,239.9504
2017-07-18,90.3319,73.8298,72.6098,76.1136,48.1018,240.0774
2017-07-19,90.7956,74.0548,72.9404,76.4586,48.3362,241.3772
2017-07-20,90.7068,74.2504,72.8626,76.4245,48.4339,241.4847
2017-07-21,90.6871,74.2309,72.7751,76.4828,48.5414,241.2697
2017-07-25,91.0027,74.1428,73.1932,76.7555,48.5121,241.7974
2017-07-27,90.5095,74.0352,72.9307,76.5617,48.6488,241.5824
2017-08-01,91.3776,73.7515,73.1251,76.7549,48.727,241.6997
2017-08-02,91.0521,73.7417,73.3001,76.5305,48.7368,241.8169
2017-08-03,90.9435,73.6145,73.0571,76.5023,48.727,241.3479
2017-08-07,91.8314,73.9178,73.4363,76.6092,48.7661,242.2372
2017-08-08,91.7327,73.7515,73.4071,76.3662,48.6098,241.641
2017-08-10,90.1149,72.695,72.0945,75.4043,48.3753,238.2206
2017-08-11,90.1938,72.6754,72.1334,75.3314,48.4242,238.5724
2017-08-14,91.6735,73.37,72.8432,76.0359,48.8638,240.9374
2017-08-16,91.8412,73.5167,72.8918,76.2982,49.0884,241.3283
2017-08-17,90.0656,72.3721,71.6278,75.1905,48.5316,237.5658
2017-08-18,90.0557,72.1863,71.3556,75.0836,48.4388,237.1944
2017-08-21,89.9669,72.3526,71.3361,75.171,48.6293,237.3801
2017-08-22,91.348,73.0178,72.1237,75.7265,48.9712,239.8624
2017-08-23,90.9238,72.8124,71.9876,75.5937,48.7661,239.0024
2017-08-24,90.8153,72.7635,71.8223,75.4917,48.6293,238.4453
2017-08-25,90.8548,72.92,72.1431,75.8027,48.7856,239.0024
2017-08-29,90.9534,72.9591,72.2501,75.5058,48.8051,239.2858
2017-08-30,91.565,73.4091,72.639,75.7541,48.9126,240.4194
2017-08-31,92.0681,73.8395,73.1057,76.0724,49.1373,241.8658
2017-09-01,92.3049,73.9765,73.621,76.3662,49.0982,242.2079
2017-09-05,91.1507,73.4678,72.9015,75.618,48.8931,240.4683
2017-09-06,91.4269,73.6341,73.3196,75.861,48.981,241.2892
2017-09-07,90.9238,73.8591,73.1446,75.7541,49.0884,241.2599
2017-09-08,90.9633,73.9374,72.9696,75.994,49.2545,240.9765
2017-09-11,92.1175,74.6515,73.8543,76.8433,49.6257,243.5467
2017-09-13,92.6797,74.7787,74.5349,76.8424,49.4792,244.4849
2017-09-14,92.5515,74.8374,74.428,76.8812,49.489,244.4067
2017-09-15,93.0151,75.1406,74.7002,77.0173,49.5085,244.7354
2017-09-18,93.6366,75.3754,74.778,77.163,49.5573,245.256
2017-09-19,93.8537,75.4928,74.7586,77.1242,49.4303,245.5015
2017-09-20,93.8339,75.3559,74.7343,77.0486,49.3815,245.5899
2017-09-21,93.5676,75.1406,74.603,76.9687,49.1764,244.9319
2017-09-22,93.607,75.3852,74.7391,77.0853,49.2057,244.981
2017-09-26,92.7545,75.5521,75.0995,77.1881,49.1558,244.6274
2017-09-27,93.9713,75.8076,75.5691,77.2956,49.1755,245.5801
2017-09-28,94.0703,75.729,75.4909,77.2712,49.2441,245.8747
2017-09-29,94.6539,75.7977,75.6474,77.5497,49.3913,246.739
2017-10-02,95.0398,76.2301,76.3322,77.97,49.5483,247.8095
2017-10-03,95.3365,76.4168,76.7432,78.0775,49.6366,248.3398
2017-10-04,95.3662,76.5543,76.6942,78.2143,49.7445,248.6345
2017-10-05,95.9499,77.0358,77.0856,78.4684,49.9113,250.1077
2017-10-06,96.0488,76.8884,76.8997,78.3707,49.8426,249.8228
2017-10-09,95.9301,76.967,76.7725,78.1947,49.7347,249.4103
2017-10-10,96.1082,77.2913,77.1247,78.3022,49.8623,250.0684
2017-10-11,96.2368,77.478,77.1736,78.3707,49.9506,250.4612
2017-10-12,95.9499,77.4878,76.8116,78.5435,50.0291,250.088
2017-10-13,96.1576,77.5369,77.066,78.6248,50.0683,250.3925
2017-10-18,96.9787,77.7138,77.2519,78.7323,50.1566,251.1487
2017-10-19,97.2755,77.8415,77.1736,78.8495,50.3921,251.2175
2017-10-20,98.2846,78.1953,77.6922,79.2893,50.5687,252.5139
2017-10-23,98.0768,78.0675,77.6433,79.1818,50.5294,251.5317
2017-10-24,98.6407,78.097,77.9759,79.1755,50.4117,251.9737
2017-10-25,98.0472,77.8808,77.4476,78.8437,50.343,250.7264
2017-10-26,98.2252,78.0086,77.5846,79.0645,50.3627,251.0505
2017-10-27,99.4321,78.1953,77.7607,79.0352,50.5883,253.1031
2017-10-30,99.1551,77.9398,77.4965,78.6639,50.3038,252.1603
2017-10-31,99.4223,78.0086,77.6237,78.8397,50.3528,252.5531
2017-11-01,99.1947,78.0479,77.8487,78.8691,50.3038,252.8871
2017-11-02,99.5805,78.1953,77.9857,78.8495,50.4313,252.9853
2017-11-03,100.0653,78.3328,78.1618,78.981,50.4902,253.8299
2017-11-06,100.2236,78.4311,78.3086,79.1721,50.3921,254.2228
2017-11-07,99.9367,78.3132,78.064,79.0841,50.6079,254.046
2017-11-08,99.8872,78.5883,78.2498,79.26,50.7551,254.4781
2017-11-09,99.1255,78.2935,78.0248,79.1036,50.657,253.5549
2017-11-10,99.4124,78.3918,78.1227,78.9668,50.6079,253.4763
2017-11-13,99.6597,78.4606,78.1814,79.2502,50.7747,253.712
2017-11-14,99.4915,78.4901,77.8389,79.2186,50.8729,253.1228
2017-11-15,99.1551,78.0282,77.5454,79.0645,50.5294,251.8558
2017-11-16,100.095,78.6178,78.6705,79.5923,50.8532,253.9969
2017-11-20,100.2038,78.775,78.8467,79.6998,50.7159,253.6826
2017-11-21,100.9556,79.2663,79.2869,79.9637,51.0102,255.3424
2017-11-22,100.5401,79.0993,79.2967,79.8562,50.863,255.1165
2017-11-24,100.7281,79.2368,79.3065,79.9527,50.9808,255.7058
2017-11-27,100.5302,79.2172,79.0032,80.0503,51.0887,255.5781
2017-11-28,101.7569,80.072,79.9522,80.853,51.4714,258.1709
2017-11-29,101.2227,80.2194,80.4023,81.2146,51.5695,258.0138
2017-11-30,102.2021,80.8188,80.8523,81.6837,51.9031,260.2726
2017-12-01,101.569,80.8483,80.6468,81.5762,51.854,259.7325
2017-12-04,100.2928,80.9073,81.0284,81.8108,51.7166,259.4182
2017-12-05,100.1939,80.7009,80.549,81.1853,51.5498,258.4852
2017-12-06,100.4214,80.6518,80.3436,81.068,51.5891,258.5343
2017-12-07,101.0743,80.9662,80.6566,81.3808,51.6382,259.3494
2017-12-08,101.658,81.3396,81.2632,81.6837,51.854,260.7637
2017-12-11,101.7668,81.487,81.6595,81.7717,51.9129,261.5494
2017-12-12,101.846,81.5263,81.6741,81.9476,51.9325,262.011
2017-12-13,101.7767,81.5656,81.5959,81.8562,52.0306,261.9815
2017-12-14,101.2623,81.2315,81.0382,81.3417,51.8049,260.911
2017-12-15,102.3901,81.8407,81.8209,81.9672,52.2759,263.0704
2017-12-18,103.1914,82.332,82.809,82.4254,52.3642,264.7386
2017-12-19,102.8155,82.1748,82.5644,82.1919,52.0699,263.7219
2017-12-20,102.7957,82.1453,82.809,82.0649,51.9423,263.5837
2017-12-21,102.7143,82.0935,82.9479,82.2323,51.9089,264.1266
2017-12-22,102.6945,82.0343,82.879,82.3799,51.9286,264.0575
2017-12-26,102.4266,82.0541,82.6823,82.3996,51.9385,263.7416
2017-12-27,102.6945,82.1429,82.5643,82.4445,52.0666,263.8699
2017-12-28,102.9028,82.2416,82.7413,82.5274,52.1455,264.4128
2017-12-29,102.3273,81.827,82.2397,82.4979,52.0272,263.4159
2018-01-03,104.1629,82.7845,83.4298,82.8717,52.1159,266.9793
2018-01-04,105.0361,83.1596,83.892,83.0193,52.3229,268.1046
2018-01-05,105.8795,83.7024,84.2756,83.6881,52.5891,269.8912
2018-01-08,106.1771,83.9591,84.4428,83.8258,52.6778,270.3847
2018-01-09,106.574,84.2157,84.4329,84.0236,52.7074,270.9967
2018-01-10,106.4649,84.0578,84.4428,83.6193,52.4511,270.5822
2018-01-11,107.1892,84.502,85.4853,84.3078,52.6088,272.5564
2018-01-12,108.2112,85.1139,86.1344,84.5399,52.7665,274.3331
2018-01-16,107.9731,84.8178,85.8098,84.0914,52.7271,273.3954
2018-01-17,109.769,86.0023,86.636,85.0652,53.2199,276.0013
2018-01-18,109.6499,85.7555,86.5376,84.6816,53.1214,275.5374
2018-01-19,110.2948,86.2984,86.7343,85.2964,53.3481,276.791
2018-01-22,110.9696,86.7525,87.3637,85.6357,53.6832,279.0416
2018-01-23,111.1085,86.7722,87.3834,86.0587,53.772,279.6338
2018-01-24,110.8604,86.5452,87.1277,86.0489,53.8015,279.5252
2018-01-25,111.1085,86.5649,86.695,86.1606,54.0677,279.6437
2018-01-26,112.6762,87.4631,87.9145,86.7374,54.5211,282.8814
2018-01-29,111.8229,86.6932,87.4621,86.5407,54.1071,281.0059
2018-01-30,110.1063,85.7654,86.1344,85.5374,53.7917,278.1236
2018-01-31,110.7413,85.568,85.8295,85.3505,53.841,278.2618
2018-02-01,110.6322,85.6371,85.6623,85.498,53.6931,277.9459
2018-02-02,108.0822,83.8702,83.4298,84.0422,52.7961,271.895
2018-02-05,103.4585,80.6623,80.2236,81.1208,50.8936,260.5237
2018-02-06,105.9688,81.9159,82.1119,81.6592,51.2189,265.6566
2018-02-07,105.6116,81.6198,81.984,82.1143,51.0612,264.2154
2018-02-08,101.1466,78.7869,78.9352,80.1323,49.5234,254.305
2018-02-09,103.1608,80.0799,79.899,80.4716,50.3416,258.125
2018-02-12,104.9666,81.0374,81.0989,80.9143,50.8345,261.9155
2018-02-13,105.4231,81.3335,81.4136,81.0225,50.9922,262.567
2018-02-14,107.3579,82.3995,82.643,80.8848,51.416,266.1106
2018-02-15,108.6875,83.4162,83.4593,82.9406,52.0568,269.5062
2018-02-16,108.5783,83.4656,83.4396,83.275,52.2243,269.5852
2018-02-20,108.5585,83.0016,82.7708,82.4881,51.692,267.8973
2018-02-21,108.0425,82.4588,82.2692,83.1078,51.3372,266.5647
2018-02-22,108.2211,82.4884,82.3774,82.0159,51.3865,266.9102
2018-02-23,109.9178,83.8308,83.7347,83.0193,52.1159,271.1646
2018-02-26,111.2077,84.7783,84.8165,83.9144,52.5792,274.3134
2018-02-27,110.1659,83.8308,83.8625,83.0438,51.9681,270.8882
2018-02-28,109.124,83.0806,82.997,82.0061,51.5491,268.144
2018-03-01,107.1694,82.0245,81.866,81.0716,50.9823,264.245
2018-03-02,107.5166,82.5279,82.2889,81.1012,51.2386,265.6072
2018-03-05,108.7966,83.3274,83.1446,82.5569,51.8202,268.6771
2018-03-06,109.1141,83.7222,83.4494,82.8471,51.8892,269.3582
2018-03-07,109.3721,83.6136,83.2232,82.9996,51.9188,269.2595
2018-03-08,109.8484,84.1368,83.4003,83.2061,52.2145,270.5624
2018-03-09,112.0015,85.5482,84.787,84.3127,52.8256,275.2709
2018-03-12,111.932,85.5384,84.7968,84.2882,52.6876,274.9254
2018-03-13,111.0886,85.1337,84.5608,84.0422,52.6285,273.1486
2018-03-14,110.4933,84.5513,83.9707,83.5701,52.4018,271.7469
2018-03-15,110.5925,84.5711,83.7543,83.4324,52.3525,271.4508
2018-03-16,110.7215,84.7783,84.1379,83.9935,52.5004,271.7448
2018-03-19,109.4614,83.7024,83.0659,83.4127,52.0863,268.0681
2018-03-20,110.2948,84.043,83.1937,83.2061,52.1455,268.5239
2018-03-21,109.9079,83.9097,83.0462,83.2652,51.9089,268.0086
2018-03-22,106.3111,81.7354,81.0921,81.7043,50.9431,261.3091
2018-03-23,103.6453,79.9111,79.0944,80.2333,50.2005,255.7395
2018-03-26,107.1665,82.1716,81.4283,81.4229,51.2005,262.7362
2018-03-27,104.3018,80.9522,80.0933,80.411,50.7747,258.2666
2018-03-28,103.6652,80.8084,79.9746,80.875,50.9134,257.5035
2018-03-29,105.3562,82.0031,81.1119,81.7932,51.4183,260.7938
2018-04-02,102.034,80.04,79.2823,80.0704,50.5569,255.1646
2018-04-03,103.2375,81.1703,80.4592,80.6966,51.1015,258.4351
2018-04-04,104.4311,82.1816,81.4184,80.8849,51.6263,261.2001
2018-04-05,105.3263,82.5583,81.8931,82.1486,51.8738,263.2615
2018-04-06,102.5711,80.6944,80.1724,80.0556,50.9827,257.3945
2018-04-09,102.9988,80.8927,80.4295,81.3686,51.1609,258.663
2018-04-10,105.3164,82.2708,81.8832,81.5957,51.6461,262.7759
2018-04-11,104.5604,81.7751,81.4679,81.3292,51.4084,261.3983
2018-04-12,106.2116,82.3303,82.3381,81.8129,51.4976,263.5489
2018-04-13,105.1572,82.0229,82.0217,81.418,51.5273,262.7759
2018-04-16,105.8834,82.6674,82.8029,82.3115,52.052,264.9364
2018-04-17,107.6439,83.3614,83.4062,83.0371,52.4976,267.7708
2018-04-18,107.8926,83.064,83.5842,83.1556,52.4778,267.969
2018-04-19,107.6837,82.1122,82.7634,82.4284,52.1015,266.4824
2018-04-20,106.9775,81.3983,81.9327,82.0301,51.7253,264.2228
2018-04-23,106.689,81.3091,82.0217,82.0498,51.7946,264.1832
2018-04-24,104.7594,80.3573,81.3789,81.1218,51.349,260.6253
2018-04-26,106.6095,81.3289,82.1799,81.9807,51.7946,263.9255
2018-04-27,106.6692,81.438,82.1601,82.0696,51.8441,264.1733
2018-04-30,105.8834,80.9323,81.4283,81.7382,51.5273,262.1416
2018-05-01,106.5398,80.972,81.4679,81.3686,51.448,262.6074
2018-05-02,105.5949,80.7043,81.013,81.1487,50.9431,260.8433
2018-05-03,105.8237,80.7241,80.5383,80.564,50.9629,260.2685
2018-05-04,106.9377,81.7156,81.5767,81.5463,51.5075,263.6381
2018-05-07,107.7931,81.904,81.6063,81.5661,51.5471,264.53
2018-05-09,109.6731,82.6872,82.3579,82.0597,51.6956,267.0869
2018-05-10,110.429,83.3515,83.1688,82.5731,52.2006,269.5844
2018-05-11,110.5086,83.5795,83.4161,82.7212,52.3095,270.4069
2018-05-14,110.5285,83.4903,83.6435,83.0766,52.2006,270.5358
2018-05-15,109.8223,82.945,83.3963,82.114,51.8342,268.6726
2018-05-16,110.2798,83.3812,84.1083,82.3658,51.9134,269.8024
2018-05-18,109.8223,83.3118,83.5545,82.504,51.7748,268.9005
2018-05-21,110.9065,83.7481,84.227,83.1358,52.1213,270.9223
2018-05-22,110.4688,83.4705,84.1182,82.8989,51.8738,270.1691
2018-05-23,110.9363,83.8175,84.0391,82.9877,52.161,270.9124
2018-05-24,110.8766,83.7877,83.96,82.9435,52.1411,270.3574
2018-05-25,110.5583,83.5299,83.6534,82.9186,52.1213,269.7132
2018-05-29,109.1558,82.707,82.6546,82.0893,51.8045,266.6112
2018-05-30,110.6379,83.7877,83.5644,83.101,52.4382,270.1691
2018-05-31,109.5338,83.1135,83.0403,82.309,52.0421,268.514
2018-06-01,111.2745,84.0257,83.9995,82.9811,52.2798,271.1502
2018-06-04,112.0702,84.5313,84.405,83.2089,52.5471,272.4386
2018-06-05,112.5974,84.6602,84.5731,83.2839,52.5273,272.6368
2018-06-06,113.6816,85.4137,85.2851,83.7973,52.8045,274.9162
2018-06-07,112.6969,85.3245,85.4631,83.9651,52.8442,274.8865
2018-06-08,113.0749,85.5822,85.5917,84.3501,53.1115,275.6991
2018-06-11,112.9754,85.4633,85.7895,84.4619,53.1016,276.0658
2018-06-12,113.2937,85.5922,85.7302,84.6265,53.2006,276.4226
2018-06-13,113.2639,85.1064,85.3939,84.2711,52.963,275.5406
2018-06-14,113.7413,85.2154,85.3642,84.5081,53.161,276.2343
2018-06-15,113.423,85.3641,85.2357,84.2909,53.3392,275.8815
2018-06-18,113.5424,85.1064,84.9687,84.4686,53.1511,275.3141
2018-06-19,112.7964,84.7792,84.494,84.2317,53.0719,274.2589
2018-06-20,113.4131,84.6899,84.6324,84.3599,53.0422,274.7268
2018-06-21,112.3687,84.0405,84.0292,83.8664,52.8937,273.0045
2018-06-22,111.553,84.105,84.0094,84.3402,53.0818,273.5023
2018-06-25,109.0464,83.0342,82.8128,83.5505,52.8739,269.7791
2018-06-26,109.5555,83.1307,82.9309,83.7163,52.8246,270.3764
2018-06-27,108.0289,82.324,82.2845,82.8924,52.4463,268.1366
2018-06-28,109.2462,82.9116,82.3641,83.2691,52.8346,269.6696
2018-06-29,109.4557,83.1108,82.1552,83.756,52.9242,270.0579
2018-07-02,109.9247,83.1307,82.3342,83.2095,53.0038,270.6353
2018-07-03,109.0267,83.0012,81.8867,83.3983,53.0337,269.6796
2018-07-05,109.765,83.6785,82.6127,84.0244,53.4518,271.8796
2018-07-06,110.7628,84.3955,83.2094,84.6504,53.7306,274.1792
2018-07-09,112.03,85.0728,84.3232,84.9893,53.7953,276.6481
2018-07-10,112.3093,85.3915,84.5221,85.3411,54.0989,277.6436
2018-07-11,111.7206,84.774,83.3884,84.9287,53.9894,275.6127
2018-07-12,113.2772,85.4612,84.0448,85.356,54.3379,278.1114
2018-07-16,113.1774,85.1724,83.9553,85.0778,54.1985,278.0816
2018-07-17,113.786,85.7301,84.1741,85.4653,54.3777,279.2065
2018-07-19,113.2971,85.75,84.2437,85.6364,54.3877,278.7386
2018-07-20,113.3969,85.5807,83.9254,85.4057,54.3478,278.42
2018-07-23,113.6064,85.5707,84.1343,85.3461,54.2582,278.9377
2018-07-24,113.5166,85.9392,84.2337,85.207,54.3279,280.3413
2018-07-25,115.0332,86.8057,84.6116,85.7933,54.756,282.7305
2018-07-26,114.684,86.736,84.9,86.1759,54.8257,282.0636
2018-07-27,112.9579,86.1982,84.4426,85.7257,54.5868,280.1522
2018-07-30,110.9723,85.6205,84.6216,85.3461,54.2682,278.6888
2018-07-31,111.3814,86.1982,84.9597,85.9722,54.6664,280.0626
2018-08-01,111.6109,85.9691,84.8702,85.8629,54.527,279.5947
2018-08-02,112.7683,86.2679,85.4072,85.9125,54.7361,281.1178
2018-08-03,112.7982,86.6663,86.0537,86.3299,55.0348,282.3224
2018-08-06,113.3869,86.9352,86.2625,86.5883,55.1841,283.3577
2018-08-07,113.9257,87.3037,86.4912,86.6678,55.2737,284.2935
2018-08-09,114.1452,86.9949,86.352,86.479,55.2837,283.7858
2018-08-10,113.5765,86.4372,85.6459,86.0219,55.0945,281.8844
2018-08-13,113.0577,86.1085,85.2183,85.8003,54.9551,280.8291
2018-08-14,113.8559,86.6961,85.8349,86.2007,55.2638,282.621
2018-08-15,112.3492,86.3077,85.1188,86.0219,55.2339,280.5106
2018-08-16,113.1874,86.9949,86.173,86.5684,55.662,282.7803
2018-08-17,113.2672,87.3734,86.7498,87.0355,55.9806,283.7758
2018-08-20,113.8659,87.7518,87.1476,87.4381,56.0801,284.3831
2018-08-21,114.235,87.9112,87.5156,87.602,55.9806,285.05
2018-08-23,114.8636,87.9411,86.9288,86.956,55.8412,284.5025
2018-08-24,116.1408,88.4191,87.2669,87.5821,56.1598,286.2148
2018-08-27,117.0887,88.9968,88.0625,87.7908,56.2295,288.4745
2018-08-29,118.2561,89.4947,88.4504,88.2976,56.4684,290.1669
2018-08-30,117.6773,89.0864,88.0924,87.7411,56.2394,288.9922
2018-09-04,118.3059,89.3155,87.8537,87.8802,56.3091,288.5044
2018-09-06,116.3503,89.2059,87.1575,87.9299,56.6775,286.8618
2018-09-07,116.0111,88.8972,86.8294,87.592,56.4883,286.3044
2018-09-10,116.4202,89.1163,86.8095,87.8902,56.6078,286.8021
2018-09-11,117.0388,89.3254,86.9487,88.1187,56.6675,287.7478
2018-09-12,117.1984,89.3652,86.9885,88.079,56.7671,287.8175
2018-09-13,117.8669,89.8831,87.5553,88.6156,57.0657,289.5198
2018-09-14,118.0665,90.0226,87.7145,88.6852,57.0757,289.5696
2018-09-17,116.6496,89.5943,87.3465,88.4268,56.9761,288.0365
2018-09-18,117.8969,90.0126,87.8139,88.6454,57.1653,289.5994
2018-09-19,117.4079,89.9977,88.0625,88.437,56.8567,289.9081
2018-09-20,118.1862,90.6898,88.8183,89.0728,57.1952,292.2574
2018-09-21,118.0665,90.889,88.7388,89.1274,57.3246,291.99
2018-09-24,118.296,90.4707,88.3012,88.4467,56.9164,291.02
2018-09-25,118.6951,90.2417,87.8935,88.1841,56.8567,290.75
2018-09-26,118.51,90.08,87.57,87.71,56.66,289.88
2018-09-27,118.84,90.24,87.77,87.76,56.77,290.69
2018-09-28,119,90.37,87.85,87.9465,57.04,290.72
2018-10-01,119.62,90.71,88.14,87.68,57.03,291.73
2018-10-02,119.09,90.78,88.24,87.93,57.05,291.56
2018-10-03,119.48,90.74,88.78,87.66,56.84,291.72
2018-10-04,117.58,89.93,88.21,86.95,56.58,289.44
