"","date","changepMTUM","changepQUAL","changepVLUE","changepSIZE","changepUSMV","changepSPY"
"1",2013-07-22,0.0013,0.0048,0.0027,0.0181,1e-04,0.002
"2",2013-07-29,-0.0015,0.0036,0.0024,-0.0046,-0.0015,-0.0031
"3",2013-08-05,-0.0029,2e-04,-0.0013,0.0108,-9e-04,-0.0015
"4",2013-08-09,-0.0025,-0.0022,0.004,-0.0055,-0.0021,-0.0029
"5",2013-08-15,-0.0173,-0.0143,-0.0166,-0.0225,-0.0134,-0.014
"6",2013-08-19,-0.0017,-0.0012,-0.0033,-0.0081,-0.0049,-0.0064
"7",2013-08-26,-0.0021,-0.0014,0.0123,0.0021,-0.0048,-0.0037
"8",2013-09-06,9e-04,0.005,0.0176,0.0049,0.0024,5e-04
"9",2013-09-10,0.0069,0.0058,0.0132,0.0064,0.0064,0.0074
"10",2013-09-19,-2e-04,0.0013,-0.0037,0.0173,-0.0023,-0.0017
"11",2013-09-30,-0.0061,-0.0063,-0.0041,-0.0054,-0.0044,-0.0053
"12",2013-10-02,6e-04,0.0015,-0.0055,0.0024,-0.0036,-9e-04
"13",2013-10-03,-0.0096,-0.0072,-0.0035,-0.0059,-0.0081,-0.0092
"14",2013-10-08,-0.013,-0.0154,-0.0118,-0.0047,-0.007,-0.0116
"15",2013-10-09,-0.0038,8e-04,-0.0039,-0.0082,6e-04,7e-04
"16",2013-10-11,0.0114,0.0087,0.007,0.0229,0.006,0.0064
"17",2013-10-16,0.0163,0.0131,0.0062,0.0108,0.0166,0.014
"18",2013-10-21,-0.0041,0.0019,0.0133,0.0069,-6e-04,1e-04
"19",2013-10-28,0.0034,0.0047,0.0023,0.0107,0.0026,0.0016
"20",2013-10-29,0.006,0.0064,0.0039,0.0032,0.006,0.0053
"21",2013-11-01,0.0026,8e-04,-0.0037,-0.0029,0.0029,0.0024
"22",2013-11-04,-0.0024,0.0044,0.0067,0.003,0.0026,0.0035
"23",2013-11-11,0.0018,0.0034,0.0067,0.0131,-0.0014,2e-04
"24",2013-11-21,0.0065,0.0086,0.0031,7e-04,0.0034,0.0081
"25",2013-11-25,7e-04,-0.0011,0.001,0.0035,-7e-04,-0.001
"26",2013-12-03,-0.0038,-0.0024,-0.0121,-0.0083,-0.0026,-0.0043
"27",2013-12-06,0.0114,0.0075,0.009,0.0069,0.0126,0.0112
"28",2013-12-09,0.0017,0.0031,0.005,0.0042,-0.0011,0.0025
"29",2013-12-12,0.001,-0.0023,-0.0031,-0.0189,-0.0058,-0.0033
"30",2013-12-13,0.0054,-0.0023,-0.0012,0.0024,6e-04,-1e-04
"31",2013-12-16,0.0036,0.0066,0.0069,0.0048,0.0032,0.0062
"32",2013-12-18,0.0136,0.0142,0.0097,-0.0025,0.0174,0.0171
"33",2013-12-23,0.0044,0.0055,0.0028,0.0123,0.0024,0.0053
"34",2013-12-26,0.0052,0.0064,0.0077,2e-04,0.0034,0.0051
"35",2013-12-27,-0.0047,-0.0016,6e-04,0.0042,5e-04,-1e-04
"36",2013-12-31,0.0047,0.0039,0.0031,0.0019,0.0017,0.0047
"37",2014-01-03,0.0017,-0.002,-0.0012,-0.0054,-3e-04,-2e-04
"38",2014-01-07,0.0083,0.0081,0.0056,2e-04,0.0057,0.0061
"39",2014-01-09,0.0018,-5e-04,-0.0022,-0.0021,0.0014,7e-04
"40",2014-01-13,-0.0175,-0.0139,-0.0069,0.0072,-0.0101,-0.0133
"41",2014-01-14,0.0153,0.0115,0.0032,-0.0047,0.006,0.0109
"42",2014-01-16,7e-04,5e-04,-0.0049,-0.0023,5e-04,-0.0013
"43",2014-01-17,-0.0053,-0.0027,-0.0022,-0.001,-0.0015,-0.0043
"44",2014-01-22,0.0046,-0.0025,0.0015,0.0052,-0.0449,7e-04
"45",2014-01-24,-0.0249,-0.0207,-0.0192,-0.0246,-0.0159,-0.0213
"46",2014-01-27,-0.0102,0.0454,-0.005,-0.0028,-0.0043,-0.0049
"47",2014-01-30,0.0219,0.0074,0.0037,0.0037,0.0087,0.0106
"48",2014-02-04,0.0107,0.0078,-0.0063,-0.0194,0.0062,0.007
"49",2014-02-07,0.0213,0.0156,0.0028,0.0173,0.0126,0.0124
"50",2014-02-10,0.0014,0.0022,0.0083,0.005,0.0026,0.0018
"51",2014-02-13,0.0105,0.0065,0.0068,0.0192,0.0066,0.0052
"52",2014-02-19,-0.0065,-0.0073,-0.0022,0.0121,-0.0037,-0.0066
"53",2014-02-21,-0.0019,-0.0021,-0.0018,0.002,-0.0011,-0.0011
"54",2014-03-03,-0.0086,-0.0095,-0.0072,-9e-04,-0.007,-0.007
"55",2014-03-04,0.0202,0.0168,0.0152,0.0123,0.0137,0.0141
"56",2014-03-05,0.0016,-0.0026,-5e-04,-0.0024,-0.0022,9e-04
"57",2014-03-07,-0.0028,-0.0028,0.0013,0.0012,0.0025,4e-04
"58",2014-03-11,-0.0073,-0.0024,-0.0068,-0.0032,-0.0011,-0.0049
"59",2014-03-18,0.0088,0.0088,0.0095,0.0102,0.0044,0.0071
"60",2014-03-21,-0.0111,-0.0053,0.0029,0.0026,-0.0028,-0.0039
"61",2014-03-24,-0.0135,-0.0019,-0.0058,-0.0086,-0.0042,-0.0041
"62",2014-03-27,-0.0058,-0.0034,-0.0033,-0.0072,3e-04,-0.0021
"63",2014-03-28,0.0014,0.0025,0.0067,0.0098,0.0025,0.0049
"64",2014-03-31,0.01,0.0095,0.0072,0.0068,0.0095,0.0082
"65",2014-04-07,-0.0129,-0.0085,-0.0235,-0.0123,-0.007,-0.0111
"66",2014-04-09,0.0214,0.0139,0.0099,-0.001,0.0073,0.0108
"67",2014-04-10,-0.0307,-0.0185,-0.0167,-0.0037,-0.0144,-0.021
"68",2014-04-11,-0.013,-0.0123,-0.0088,-0.0095,-0.0073,-0.009
"69",2014-04-15,0.009,0.0086,0.0108,-8e-04,0.0059,0.0069
"70",2014-04-16,0.0142,0.0116,0.0085,0.0148,0.0098,0.0105
"71",2014-04-17,0.004,0.002,0.0048,0.0054,6e-04,0.0014
"72",2014-04-21,0.0072,0.0021,0.0012,3e-04,0.003,0.0035
"73",2014-04-22,0.0082,0.0055,0.0056,0.0044,0.0022,0.0045
"74",2014-04-25,-0.017,-0.0074,-0.0069,-0.0043,-0.0022,-0.0082
"75",2014-04-28,-0.0027,0.0073,0.0029,-0.0032,0.0055,0.0031
"76",2014-04-30,0.0078,0.0014,0.0013,0.0019,0.0041,0.003
"77",2014-05-01,0.0023,0.0014,-7e-04,0.003,-3e-04,1e-04
"78",2014-05-06,-0.0146,-0.0081,-5e-04,-0.005,-0.0074,-0.0087
"79",2014-05-09,0.0058,0.0042,-0.0038,-7e-04,0.0014,0.0015
"80",2014-05-12,0.0166,0.0106,0.0147,0.0092,0.0049,0.0097
"81",2014-05-13,0.0011,0.0017,0.0024,2e-04,0.0014,9e-04
"82",2014-05-14,-0.0077,-0.0059,-0.0047,-0.0012,-0.0026,-0.0047
"83",2014-05-15,-0.0111,-0.0104,-0.0123,-0.012,-0.0081,-0.0088
"84",2014-05-20,-0.0081,-0.0062,-0.0065,-0.0067,-0.006,-0.0063
"85",2014-05-21,0.012,0.0071,0.0061,0.0037,0.0055,0.0084
"86",2014-05-22,0.0064,0.0025,0.0051,0.005,0.0019,0.0024
"87",2014-05-23,0.0052,0.005,0.002,0.003,0.0022,0.004
"88",2014-05-27,0.0101,0.0039,0.0039,0.0043,0.0022,0.0061
"89",2014-05-28,6e-04,-2e-04,7e-04,0.0027,-0.0019,-7e-04
"90",2014-05-29,0.0039,0.0039,0.0026,0.002,0.0046,0.0052
"91",2014-06-02,0.0029,7e-04,0.0055,0.0024,-5e-04,0.0011
"92",2014-06-04,0.0021,0.0022,0.0028,-9e-04,0.0041,0.002
"93",2014-06-06,0.0024,0.0039,0.0095,0.0123,0.0019,0.0048
"94",2014-06-09,-0.001,8e-04,0.001,-2e-04,-3e-04,0.001
"95",2014-06-10,2e-04,-0.002,5e-04,-0.0027,-0.0024,1e-04
"96",2014-06-18,0.0096,0.0029,0.0078,7e-04,0.007,0.0073
"97",2014-06-20,0.0065,0.0014,0.0032,8e-04,0.0016,0.0069
"98",2014-06-25,0.0102,0.0085,0.0074,0.0067,0.0086,0.0045
"99",2014-06-26,-8e-04,-0.0017,-0.0056,-2e-04,-0.0011,-7e-04
"100",2014-06-27,9e-04,0.0022,0.0032,0.0026,0.0016,0.0019
"101",2014-07-01,0.0087,0.0107,0.0055,0.006,0.0054,0.0067
"102",2014-07-03,0.005,0.0056,0.0055,0.0053,0.0032,0.0049
"103",2014-07-07,-0.0089,-0.003,-0.0036,-0.005,-0.0019,-0.0035
"104",2014-07-08,-0.008,-0.0053,-0.005,-0.0052,-0.0021,-0.0064
"105",2014-07-09,0.0064,0.0032,0.004,0.0042,0.0035,0.0045
"106",2014-07-10,-0.0033,-0.0058,-0.0043,-0.0034,-0.0016,-0.004
"107",2014-07-16,8e-04,0.0015,0.0025,0.0055,0.0032,0.0037
"108",2014-07-17,-0.0139,-0.0119,-0.0058,-0.0076,-5e-04,-0.0114
"109",2014-07-21,3e-04,-0.0037,-0.0016,-0.0031,-0.0032,-0.0019
"110",2014-07-22,0.0068,0.007,0.0039,0.0025,0.0021,0.0044
"111",2014-07-24,0.0033,-0.0028,8e-04,0.0032,3e-04,1e-04
"112",2014-07-28,-0.0017,0.0036,-0.0017,-0.0103,0.0021,4e-04
"113",2014-07-29,-0.0033,-0.0036,0.002,0.0067,-0.0029,-0.0043
"114",2014-07-30,0.0016,2e-04,-0.0046,-0.0092,-0.0019,2e-04
"115",2014-07-31,-0.0216,-0.0197,-0.0146,-0.0096,-0.0171,-0.0197
"116",2014-08-05,-0.0113,-0.0075,-0.0076,-0.0079,-0.0098,-0.0097
"117",2014-08-06,-0.0043,0.0027,0.0037,-8e-04,0.0025,3e-04
"118",2014-08-07,-0.0052,-0.0064,-0.0063,-0.0053,-0.0038,-0.0054
"119",2014-08-08,0.0108,0.0115,0.0107,0.0114,0.0118,0.0116
"120",2014-08-11,0.0037,0.0024,0.0042,0.0048,0.0046,0.0029
"121",2014-08-12,-0.001,-9e-04,-0.0016,-0.0021,-5e-04,-0.0014
"122",2014-08-13,0.0085,0.0065,0.002,0.0037,0.0054,0.0068
"123",2014-08-14,0.0054,0.0047,0.0066,0.0063,0.0059,0.0047
"124",2014-08-15,0.0022,0.001,-2e-04,0.0059,-5e-04,-2e-04
"125",2014-08-18,0.0064,0.0101,0.0081,0.0037,0.0067,0.0084
"126",2014-08-19,0.0071,0.0075,0.0065,0.006,0.0056,0.0052
"127",2014-08-20,0.0041,0.0041,0.0031,0.0016,0.0011,0.0027
"128",2014-08-21,0.0019,0.001,0.0042,0.0033,0.0032,0.0029
"129",2014-08-22,5e-04,-2e-04,-0.0037,-0.0023,-0.0034,-0.0016
"130",2014-08-25,0.0051,0.0038,0.0058,0.0042,0.0037,0.0051
"131",2014-08-26,9e-04,0.0018,0.0017,5e-04,-5e-04,6e-04
"132",2014-08-29,0.0049,0.0016,1e-04,0.0035,0.0024,0.0028
"133",2014-09-02,0.003,0.0023,2e-04,3e-04,-0.001,-5e-04
"134",2014-09-04,-0.0018,-0.0023,-0.0029,-0.0011,-8e-04,-0.0014
"135",2014-09-05,0.0059,0.0043,0.0037,0.0021,0.0058,0.0045
"136",2014-09-09,-0.0071,-0.0058,-0.0051,-0.0049,-0.0057,-0.0063
"137",2014-09-12,-0.0062,-0.004,-0.0065,-0.0072,-0.0084,-0.0058
"138",2014-09-15,-0.0054,-0.0027,0.0016,-0.0012,0.0016,-7e-04
"139",2014-09-16,0.0111,0.0083,-3e-04,0.0079,0.0069,0.0075
"140",2014-09-18,0.0055,0.007,0.0048,5e-04,0.0029,0.0053
"141",2014-09-22,-0.0114,-0.0073,-0.0069,-0.0076,-0.0055,-0.0077
"142",2014-09-23,-0.0035,-0.0053,-0.0056,-0.0074,-0.0053,-0.0057
"143",2014-09-24,0.0107,0.0101,0.0051,0.008,0.0075,0.0078
"144",2014-09-25,-0.0136,-0.0169,-0.0134,-0.0116,-0.0111,-0.0161
"145",2014-09-30,-0.0048,-0.0022,-0.0031,0.0013,-0.0016,-0.0026
"146",2014-10-01,-0.0147,-0.0141,-0.0156,-0.0116,-0.0077,-0.0136
"147",2014-10-02,-7e-04,2e-04,-0.0072,0.0023,0.0013,2e-04
"148",2014-10-03,0.0146,0.0104,0.0166,0.0104,0.011,0.011
"149",2014-10-06,-0.0025,-0.002,0.003,-0.0019,-5e-04,-0.0012
"150",2014-10-07,-0.0173,-0.0145,-0.0128,-0.0029,-0.0111,-0.0154
"151",2014-10-08,0.02,0.0183,0.0135,0.0026,0.0168,0.0175
"152",2014-10-09,-0.0238,-0.0178,-0.0211,-0.0098,-0.0163,-0.0198
"153",2014-10-10,-0.0146,-0.014,-0.0134,-0.0135,-0.0045,-0.0114
"154",2014-10-14,-0.0044,0.0013,0.0025,-0.0102,0.0046,0.0015
"155",2014-10-15,-0.0051,-0.0052,-0.0106,-0.0148,-0.0081,-0.0068
"156",2014-10-16,0.0065,-3e-04,0.0015,0.0128,0.0084,-9e-04
"157",2014-10-20,0.0079,0.0051,0.0107,0.006,0.0086,0.0097
"158",2014-10-22,-0.0072,-0.0053,-0.0034,0.016,-0.0021,-0.0071
"159",2014-10-23,0.0156,0.0141,0.009,0.0101,0.0069,0.0116
"160",2014-10-24,0.0106,0.0072,0.0042,0.0066,0.0081,0.0077
"161",2014-10-28,0.0119,0.0099,0.0027,0.0038,0.0065,0.0115
"162",2014-10-30,0.0077,0.0113,0.0081,0.0099,0.0308,0.0064
"163",2014-10-31,0.0106,0.0094,0.0108,0.0102,-0.0136,0.0114
"164",2014-11-03,0.0015,-0.0015,0.0062,0.0029,0.0013,5e-04
"165",2014-11-04,-0.0017,-0.0026,-0.0048,-0.0031,0.0018,-0.0035
"166",2014-11-05,0.005,0.0023,0.0062,0.0057,0.0051,0.0063
"167",2014-11-10,0.0037,0.0054,0.0046,0.0078,0.0045,0.0031
"168",2014-11-12,4e-04,0.0013,5e-04,-0.0017,-3e-04,-0.0011
"169",2014-11-17,0.0018,-0.0021,-0.0018,0.002,0.0028,6e-04
"170",2014-11-19,-0.0042,-0.0023,0.0067,-0.0031,-5e-04,-0.0016
"171",2014-11-25,0.0016,-8e-04,0.0018,0.0117,2e-04,-7e-04
"172",2014-11-26,0.007,0.0022,-0.0039,8e-04,0.0045,0.0026
"173",2014-11-28,0.0017,3e-04,-0.0045,0.002,0.0054,-0.0021
"174",2014-12-01,-0.007,-0.005,-0.0059,-0.0058,-0.0037,-0.0069
"175",2014-12-02,0.0066,0.0051,0.0086,0.0028,0.0035,0.0064
"176",2014-12-03,0.0019,0.0048,0.0035,0.0042,0.0017,0.0039
"177",2014-12-08,-0.0035,-0.0075,-0.0085,-0.0036,-0.0017,-0.0067
"178",2014-12-10,-0.0151,-0.0168,-0.0166,-0.0121,-0.0121,-0.016
"179",2014-12-11,0.0054,0.0054,0.0046,0.0096,0.0061,0.0051
"180",2014-12-12,-0.0113,-0.0142,-0.008,-0.015,-0.013,-0.0162
"181",2014-12-15,-0.007,-0.0049,-0.0167,-0.0105,-0.005,-0.0069
"182",2014-12-18,0.0262,0.0283,0.0378,0.0175,0.0187,0.0247
"183",2014-12-19,4e-04,0.0043,0.0102,0.0117,0.0022,0.0043
"184",2014-12-23,-0.0052,3e-04,0.0069,0.0063,0.0012,0.0013
"185",2014-12-26,0.0047,0.0024,0.0029,0.0032,0.002,0.0032
"186",2014-12-29,-3e-04,3e-04,0.0017,0.0017,0.001,0.0013
"187",2014-12-30,-0.0078,-0.0038,-0.0043,-0.0048,-0.0041,-0.0054
"188",2014-12-31,-0.0064,-0.0089,-0.0083,-0.0116,-0.0112,-0.0099
"189",2015-01-02,-0.0016,-2e-04,-0.0094,-0.0032,7e-04,-5e-04
"190",2015-01-06,-0.0085,-0.0086,-0.0208,-0.004,-0.0027,-0.0094
"191",2015-01-07,0.0165,0.0114,0.008,0.0092,0.0127,0.0125
"192",2015-01-08,0.0204,0.0187,0.0203,0.015,0.0148,0.0177
"193",2015-01-09,-0.0052,-0.0086,-0.0094,-0.0065,-0.0058,-0.008
"194",2015-01-12,-0.0058,-0.0082,-0.0104,-0.0076,-0.0044,-0.0078
"195",2015-01-13,-0.0034,-0.0028,-0.0028,-0.0014,-0.001,-0.0028
"196",2015-01-14,-0.0034,-0.0039,-0.008,-0.0062,-0.0034,-0.006
"197",2015-01-15,-0.0066,-0.0093,-0.0089,-0.0011,-0.0015,-0.0092
"198",2015-01-16,0.0122,0.0135,0.0134,0.0028,0.0109,0.0131
"199",2015-01-20,0.0054,0.0046,-0.0032,0.0064,0.0017,0.0021
"200",2015-01-21,0.0039,0.0019,0.0075,0.0035,0.0016,0.0051
"201",2015-01-22,0.0172,0.016,0.0073,0.0143,0.0147,0.0149
"202",2015-01-23,-0.002,-0.0022,0.0032,-0.0012,-0.0053,-0.0055
"203",2015-01-26,0.001,0.0018,-0.0015,0.0027,0.0022,0.0023
"204",2015-01-27,-0.0127,-0.0167,-0.0042,-0.0073,-0.0072,-0.0132
"205",2015-01-28,-0.0115,-0.0094,-0.0204,2e-04,-0.0114,-0.0128
"206",2015-01-29,0.0095,0.0097,0.0084,-0.007,0.0052,0.0092
"207",2015-01-30,-0.0183,-0.009,-0.01,-0.0118,-0.0166,-0.0126
"208",2015-02-02,0.0074,0.009,-0.0028,0.0035,0.0087,0.0124
"209",2015-02-03,0.0095,0.0151,0.0345,0.0179,0.0111,0.0145
"210",2015-02-04,-0.0016,-0.0072,0.0027,-0.0015,-0.0024,-0.0038
"211",2015-02-05,0.0109,0.0122,0.0049,0.0108,0.0098,0.0101
"212",2015-02-06,-0.0096,-0.0067,0.0039,-0.0049,-0.0087,-0.0028
"213",2015-02-10,0.0139,0.0106,0.0093,0.0029,0.0105,0.0107
"214",2015-02-11,0.0052,5e-04,0.0015,-0.001,5e-04,6e-04
"215",2015-02-12,0.0065,0.0082,0.0099,0.0085,0.0048,0.0096
"216",2015-02-13,0.0013,0.0062,0.0043,4e-04,7e-04,0.0041
"217",2015-02-17,0.0043,6e-04,0.0025,0.0029,5e-04,0.0016
"218",2015-02-18,0.003,0.002,-0.0021,-0.0032,0.0034,1e-04
"219",2015-02-20,0.0081,0.0073,4e-04,-0.002,0.0065,0.006
"220",2015-02-23,0.0035,8e-04,0.0012,0.0046,0.0012,-1e-04
"221",2015-02-24,0.0011,0.0022,0.004,0.0019,5e-04,0.0028
"222",2015-02-25,-0.0024,0.0015,-0.0012,1e-04,2e-04,-8e-04
"223",2015-03-02,0.0062,0.0077,0.0054,0.0012,0.0034,0.0063
"224",2015-03-03,-0.0067,-0.0057,-0.0068,-0.0013,-0.0038,-0.0041
"225",2015-03-04,-0.0013,-0.0042,-0.0034,-0.0064,-0.0046,-0.0042
"226",2015-03-05,0.0022,0.0031,0.0015,0.0039,0.0036,0.0011
"227",2015-03-06,-0.016,-0.0151,-0.0157,-0.015,-0.0178,-0.0141
"228",2015-03-09,0.0061,0.0056,0.0064,0.0041,0.0046,0.0041
"229",2015-03-10,-0.0154,-0.0166,-0.0169,-0.0113,-0.0129,-0.0162
"230",2015-03-11,-0.0022,-0.0051,3e-04,-0.0015,-0.0022,-0.0023
"231",2015-03-12,0.0112,0.0105,0.0083,0.0097,0.0131,0.0127
"232",2015-03-13,-0.0043,-0.0068,-0.0029,-0.002,-0.0049,-0.0061
"233",2015-03-16,0.0153,0.0147,0.0116,0.0112,0.0137,0.0134
"234",2015-03-17,6e-04,-0.0044,-0.0018,-0.0033,-0.0043,-0.003
"235",2015-03-18,0.0108,0.0122,0.011,0.0174,0.0121,0.012
"236",2015-03-19,0.0014,-2e-04,-0.0062,-0.0081,-0.0031,-0.0046
"237",2015-03-20,0.0075,0.0096,0.0127,0.0112,0.0079,0.0088
"238",2015-03-23,-0.0051,-2e-04,-0.002,-0.0013,0.0017,-0.0019
"239",2015-03-24,-0.005,-0.0069,-0.0072,-0.0062,-0.006,-0.0056
"240",2015-03-25,-0.0207,-0.0144,-0.0112,-0.0142,-0.0125,-0.0147
"241",2015-03-26,2e-04,-0.0016,-0.0041,-0.0025,-0.0032,-0.0024
"242",2015-03-27,0.0075,5e-04,-0.0011,0.0025,0.0044,0.0023
"243",2015-03-30,0.0092,0.0115,0.0134,0.0147,0.0109,0.0122
"244",2015-04-01,-0.0082,-0.006,-0.008,-3e-04,-0.0024,-0.0035
"245",2015-04-02,0.0024,0.0019,9e-04,0.0033,0.0019,0.0036
"246",2015-04-06,0.005,0.0055,0.0096,0.0074,0.0056,0.0068
"247",2015-04-07,-2e-04,0.0019,-0.0044,-5e-04,-0.0039,-0.0026
"248",2015-04-08,0.0034,0.0013,8e-04,-0.003,0.0029,0.0034
"249",2015-04-09,0.0034,0.005,0.0039,0.0015,0.0017,0.0044
"250",2015-04-10,0.0056,0.0025,0.006,0.0051,0.0027,0.0055
"251",2015-04-13,-0.0052,-0.0033,-7e-04,-0.0044,-0.0043,-0.0045
"252",2015-04-14,-0.0011,-0.0025,-5e-04,6e-04,0.0022,0.0019
"253",2015-04-16,6e-04,-0.0025,-0.0048,0.0015,-0.001,-3e-04
"254",2015-04-17,-0.0121,-0.0126,-0.0105,-0.0126,-0.0099,-0.0115
"255",2015-04-20,0.0108,0.011,0.01,0.0113,0.0085,0.0091
"256",2015-04-22,0.0034,0.0059,-0.0061,0.0016,0.0034,0.0049
"257",2015-04-23,0.0014,0.0048,0.011,0.0042,0.0037,0.0025
"258",2015-04-24,0.0017,0.0038,-0.0016,-0.0046,0.0016,0.0023
"259",2015-04-27,-0.0078,-0.0039,1e-04,-6e-04,-0.0069,-0.0042
"260",2015-04-28,9e-04,0.0011,0.0019,-0.0028,0.0041,0.0032
"261",2015-04-29,-0.0065,-0.0057,-0.0031,-0.0044,-0.0077,-0.0041
"262",2015-04-30,-0.0138,-0.0133,-0.0072,-0.0086,-0.0082,-0.01
"263",2015-05-01,0.0153,0.0143,0.0071,0.0079,0.0076,0.0108
"264",2015-05-04,0.0024,0.0022,0.0066,0.0076,0.0029,0.0028
"265",2015-05-05,-0.0149,-0.0103,-0.0116,-0.0155,-0.0109,-0.0115
"266",2015-05-06,-0.004,-0.0056,-0.0043,-0.0053,-0.0024,-0.0041
"267",2015-05-07,0.0085,0.0053,0.0026,0.0084,0.0054,0.004
"268",2015-05-08,0.0128,0.015,0.0119,0.0112,0.0114,0.0132
"269",2015-05-12,-0.0035,-0.0031,-0.0012,-0.0058,-0.0019,-0.003
"270",2015-05-13,0.0011,-3e-04,-0.0022,-0.001,-0.001,2e-04
"271",2015-05-15,0.0021,8e-04,0.0019,0.0085,0.0034,0.0011
"272",2015-05-18,0.0053,0.0028,0.0028,0.0058,0.0014,0.0031
"273",2015-05-20,-3e-04,-0.0011,0.0013,0.0022,-6e-04,-7e-04
"274",2015-05-21,0.0014,0.0017,-2e-04,-0.0015,-6e-04,0.0029
"275",2015-05-22,-0.0015,-0.003,0.001,3e-04,-0.0026,-0.0024
"276",2015-05-26,-0.0101,-0.0122,-0.0138,-0.0115,-0.0086,-0.0108
"277",2015-05-27,0.0132,0.0082,0.0072,0.0063,0.0065,0.0095
"278",2015-05-28,-0.0014,-6e-04,0.0017,6e-04,-7e-04,-0.0011
"279",2015-05-29,-0.0032,-0.0082,-0.0059,-0.0015,-0.006,-0.0062
"280",2015-06-03,0.0015,0.0019,0.0024,-0.0012,-2e-04,0.0026
"281",2015-06-05,-0.0029,-0.002,-3e-04,-0.0093,-0.0058,-0.0017
"282",2015-06-08,-0.0059,-0.0064,-0.0038,-0.0024,-0.0044,-0.0061
"283",2015-06-09,9e-04,-2e-04,5e-04,-0.0047,-0.0017,-1e-04
"284",2015-06-10,0.0122,0.0136,0.0101,0.0109,0.0086,0.012
"285",2015-06-11,0.0028,0.004,0.0016,0.0028,0.0051,0.0032
"286",2015-06-12,-0.0054,-0.008,-0.0076,-0.0046,-0.0061,-0.0077
"287",2015-06-15,-7e-04,-0.0053,-0.0046,-0.0058,-0.0054,-0.0043
"288",2015-06-16,0.0066,0.0066,0.0052,0.0055,0.0066,0.0055
"289",2015-06-18,0.0142,0.0103,0.0111,0.0074,0.0107,0.0104
"290",2015-06-19,-9e-04,-0.0032,-0.0039,-0.0025,-0.0041,-0.0044
"291",2015-06-22,0.0045,0.0035,0.0044,0.0031,0.0029,0.0051
"292",2015-06-24,-0.0088,-0.0055,-0.0061,-0.0074,-0.0073,-0.0073
"293",2015-06-29,-0.0186,-0.0222,-0.0152,-0.0219,-0.0171,-0.021
"294",2015-06-30,0.0029,0.0046,0.0023,0.0022,0.001,0.0021
"295",2015-07-01,0.0094,0.0051,8e-04,0.0061,0.0119,0.008
"296",2015-07-07,0.0063,0.0069,0.0072,0.0065,0.0095,0.0063
"297",2015-07-08,-0.0147,-0.0152,-0.0179,-0.0143,-0.0107,-0.0168
"298",2015-07-10,0.0155,0.0105,0.0097,0.0047,0.0105,0.0126
"299",2015-07-14,0.0057,0.0043,0.0053,0.0118,0.0022,0.0043
"300",2015-07-15,-0.0019,-6e-04,-0.0029,-0.002,-7e-04,-3e-04
"301",2015-07-20,0.0032,0.0021,-0.0011,0.0016,5e-04,5e-04
"302",2015-07-21,-0.0057,-0.0029,-0.0065,1e-04,-0.0045,-0.004
"303",2015-07-27,-0.0078,-0.0064,-0.0141,-0.0236,-0.0027,-0.0058
"304",2015-07-28,0.0128,0.0133,0.0123,0.0047,0.0105,0.0123
"305",2015-07-31,1e-04,-0.0031,-0.0036,0.0227,0.0017,-0.0015
"306",2015-08-03,-0.0011,-0.004,-0.0021,-0.0054,0.001,-0.0034
"307",2015-08-05,0.0041,0.0082,0.0023,0.0042,0.006,0.0033
"308",2015-08-06,-0.018,-0.0121,-0.0041,-0.011,-0.0059,-0.0082
"309",2015-08-10,0.0075,0.0115,0.0099,0.012,0.0064,0.0126
"310",2015-08-11,-0.006,-0.0078,-0.0108,-0.0063,-0.0021,-0.009
"311",2015-08-12,-0.0032,0.0014,5e-04,-0.0104,0.0028,0.0012
"312",2015-08-13,0.0036,2e-04,0.0044,0.0102,2e-04,-0.0012
"313",2015-08-14,0.0025,0.0023,-3e-04,0.0041,0.0047,0.0036
"314",2015-08-17,0.0101,0.0052,0.0037,0.0075,0.0042,0.0056
"315",2015-08-18,-0.0013,-0.0012,-0.0012,-0.002,-2e-04,-0.0029
"316",2015-08-19,-0.0039,-0.0039,-0.008,-0.0042,-0.0035,-0.0079
"317",2015-08-20,-0.0245,-0.0208,-0.0199,-0.0173,-0.0144,-0.0209
"318",2015-08-21,-0.0332,-0.0353,-0.028,-0.0255,-0.0258,-0.0311
"319",2015-08-24,-0.0396,-0.0381,-0.0393,-0.0458,-0.0375,-0.0409
"320",2015-08-25,-0.0027,-0.0117,0.0047,0.0147,-0.0171,-0.012
"321",2015-08-26,0.0397,0.046,0.0093,0.0032,0.0303,0.0384
"322",2015-08-27,0.0245,0.0202,0.0231,0.0234,0.0184,0.0247
"323",2015-08-28,-0.0018,3e-04,0.0031,-0.0033,-0.001,1e-04
"324",2015-08-31,-0.0109,-0.0109,-7e-04,-0.0049,-0.0099,-0.0081
"325",2015-09-01,-0.0271,-0.0273,-0.0329,-0.0276,-0.0237,-0.0298
"326",2015-09-02,0.0226,0.0174,0.0087,0.0115,0.0143,0.019
"327",2015-09-03,-1e-04,0.0021,0.0136,0.0096,0.0023,7e-04
"328",2015-09-04,-0.01,-0.0143,-0.0133,-0.014,-0.0136,-0.0151
"329",2015-09-08,0.0243,0.0245,0.021,0.0185,0.0209,0.0251
"330",2015-09-14,-0.0057,-0.0041,-0.0032,-0.0067,-0.0028,-0.0037
"331",2015-09-17,0.0027,-0.0011,-0.0014,0.0311,0.0025,-0.0022
"332",2015-09-18,-0.0145,-0.0151,-0.0237,-0.0205,-0.0096,-0.0163
"333",2015-09-22,-0.0114,-0.0083,-0.0188,-0.0145,-0.0104,-0.013
"334",2015-09-23,0.0013,-0.0023,-0.0015,0.0018,0.002,-0.0016
"335",2015-09-24,-0.0075,-0.0028,-0.0031,-0.0054,-7e-04,-0.0036
"336",2015-09-25,-0.0058,9e-04,3e-04,0.0088,3e-04,-3e-04
"337",2015-09-28,-0.0312,-0.022,-0.0255,-0.0211,-0.0201,-0.0251
"338",2015-09-29,-0.0074,0.003,5e-04,-0.0105,0.0021,6e-04
"339",2015-09-30,0.0226,0.0175,0.0254,0.021,0.0125,0.0187
"340",2015-10-01,0.0085,-2e-04,-0.0045,-0.0018,0.0013,0.0026
"341",2015-10-02,0.0145,0.0132,0.0137,0.0144,0.0126,0.0149
"342",2015-10-05,0.0104,0.0158,0.0293,0.0176,0.0142,0.0178
"343",2015-10-06,-0.0127,-0.0035,-3e-04,-0.0044,-0.0076,-0.0034
"344",2015-10-07,0.003,0.0081,0.0111,0.0095,0.0072,0.0082
"345",2015-10-08,0.0067,0.0098,0.0113,0.0106,0.0076,0.009
"346",2015-10-09,0.0054,8e-04,-0.0016,-0.0023,0.002,6e-04
"347",2015-10-13,-0.0056,-0.0072,-0.0046,-0.0033,-0.0044,-0.0063
"348",2015-10-15,0.0139,0.0153,0.0113,0.0059,0.0108,0.0154
"349",2015-10-16,0.0083,0.0057,9e-04,0.0028,0.008,0.0045
"350",2015-10-19,0.0046,0.0013,0.0019,0.0014,0.0022,5e-04
"351",2015-10-20,-0.0085,3e-04,-0.0013,0.0014,-0.0017,-0.0014
"352",2015-10-21,-0.008,-0.0024,-0.0092,-0.0035,-0.0036,-0.0061
"353",2015-10-22,0.0066,0.0224,0.0138,0.0119,0.0145,0.0169
"354",2015-10-23,0.0132,0.0094,0.0081,0.0017,5e-04,0.011
"355",2015-10-26,0.0055,-9e-04,-0.0065,-0.0015,5e-04,-0.0025
"356",2015-10-27,0.0034,-0.0021,-0.0061,-0.0032,-0.0014,-0.0019
"357",2015-10-28,0.0081,0.0099,0.016,0.0072,0.0057,0.0114
"358",2015-10-30,-0.0037,-0.0038,-0.0034,-3e-04,-0.0059,-0.0043
"359",2015-11-02,0.0051,0.0097,0.0129,0.0077,0.0091,0.0118
"360",2015-11-03,-0.002,0.0048,0.0012,-0.0044,-9e-04,0.0029
"361",2015-11-05,0.0066,-0.0044,-1e-04,-8e-04,-0.0017,-0.001
"362",2015-11-11,-0.0014,-0.0024,-0.0068,-0.005,-2e-04,-0.0039
"363",2015-11-12,-0.0135,-0.0139,-0.0121,-0.0123,-0.0118,-0.014
"364",2015-11-18,0.0172,0.0156,0.0167,0.0089,0.0116,0.0159
"365",2015-11-19,-0.0061,3e-04,-0.0039,0.0031,2e-04,-9e-04
"366",2015-11-24,-0.0011,6e-04,0.0027,-8e-04,2e-04,0.0013
"367",2015-11-25,0.0034,8e-04,1e-04,0.0073,2e-04,-1e-04
"368",2015-11-27,0.0022,0.0012,9e-04,-9e-04,0.0019,0.0011
"369",2015-11-30,-0.009,-0.0051,-0.002,0.003,-0.0048,-0.0042
"370",2015-12-01,0.0116,0.0067,0.0089,0.0042,0.0107,0.0095
"371",2015-12-02,-0.0052,-0.0078,-0.0095,-0.01,-0.0095,-0.0102
"372",2015-12-03,-0.0163,-0.015,-0.0146,-0.0169,-0.0131,-0.014
"373",2015-12-07,-0.0042,-0.0051,-0.0078,0.0139,-0.0017,-0.0061
"374",2015-12-08,0.0011,-0.0058,-0.0116,-0.0071,-0.0021,-0.0067
"375",2015-12-09,-0.014,-0.009,-0.0066,-0.0083,-0.0086,-0.0078
"376",2015-12-10,8e-04,0.0031,0.013,0.0029,-5e-04,0.0026
"377",2015-12-11,-0.0172,-0.0199,-0.0259,-0.0185,-0.012,-0.0194
"378",2015-12-14,0.0104,0.0067,-0.0047,6e-04,0.007,0.0051
"379",2015-12-15,0.0059,0.0092,0.0178,0.0108,0.0084,0.0105
"380",2015-12-16,0.0157,0.0126,0.0141,0.0135,0.0144,0.0146
"381",2015-12-17,-0.0114,-0.014,-0.0169,-0.0136,-0.0101,-0.0152
"382",2015-12-18,-0.0152,-0.0185,-0.0118,-0.0095,-0.0143,-0.0178
"383",2015-12-21,0.0088,0.0088,0.0044,-3e-04,0.0068,0.0082
"384",2015-12-22,0.0058,0.0084,0.0107,0.0034,0.0077,0.0091
"385",2015-12-23,0.006,0.0116,0.0157,0.0193,0.0095,0.0124
"386",2015-12-28,0.0026,-0.0025,-0.0094,-5e-04,5e-04,-0.0023
"387",2015-12-29,0.0121,0.0106,0.0124,0.0096,0.0083,0.0107
"388",2015-12-30,-0.0054,-0.0067,-0.0087,-0.0024,-0.0042,-0.0071
"389",2016-01-04,-0.0202,-0.0147,-0.017,-0.032,-0.0124,-0.014
"390",2016-01-06,-0.0053,-0.0119,-0.0183,-0.0054,-0.0063,-0.0126
"391",2016-01-07,-0.0223,-0.0238,-0.0216,-0.0172,-0.0162,-0.024
"392",2016-01-08,-0.0095,-0.0114,-0.0109,-0.012,-0.0101,-0.011
"393",2016-01-11,0.006,0.0015,-0.0061,-0.0058,0.0015,0.001
"394",2016-01-12,0.0107,0.0102,0.0073,0.0083,0.0052,0.0081
"395",2016-01-13,-0.0308,-0.0227,-0.0261,-0.0217,-0.0158,-0.0249
"396",2016-01-14,0.0112,0.015,0.0099,0.0127,0.0103,0.0164
"397",2016-01-15,-0.0189,-0.0197,-0.026,-0.0178,-0.0129,-0.0215
"398",2016-01-20,-0.0094,-0.0123,-0.0108,-0.0106,-0.0155,-0.0128
"399",2016-01-21,0.0034,0.0044,0.0044,0.0068,0.003,0.0056
"400",2016-01-22,0.0197,0.0217,0.0162,0.0166,0.019,0.0205
"401",2016-01-25,-0.0107,-0.0153,-0.0186,-0.0164,-0.0084,-0.0151
"402",2016-01-26,0.0087,0.0149,0.0179,0.015,0.013,0.0136
"403",2016-01-27,-0.0149,-0.0125,-0.0038,-0.0061,-0.0058,-0.0109
"404",2016-01-28,0.0145,0.0035,-0.0022,0.0017,0.0014,0.0052
"405",2016-01-29,0.0191,0.0241,0.0243,0.0243,0.0238,0.0244
"406",2016-02-01,0.0054,8e-04,0.0072,1e-04,0.0036,-4e-04
"407",2016-02-02,-0.0142,-0.0167,-0.0304,-0.0162,-0.0104,-0.018
"408",2016-02-03,-0.0104,0.0073,0.0063,0.0022,0.0024,0.006
"409",2016-02-04,-0.0101,0.002,0.0052,0.0094,-0.0029,0.0016
"410",2016-02-05,-0.03,-0.0181,-0.011,-0.0044,-0.0117,-0.0191
"411",2016-02-08,-0.0227,-0.0103,-0.0166,-0.0288,-0.0091,-0.0135
"412",2016-02-09,0.0054,0.0025,-0.0029,0.0012,2e-04,1e-04
"413",2016-02-10,0.0109,0.0012,-9e-04,0.0019,0.0025,-9e-04
"414",2016-02-11,-0.0077,-0.0122,-0.0158,-0.017,-0.009,-0.013
"415",2016-02-12,0.0136,0.0176,0.0265,0.0191,0.0138,0.0206
"416",2016-02-16,0.0172,0.016,0.0231,0.0195,0.0121,0.0169
"417",2016-02-17,0.016,0.0148,0.0181,0.0147,0.0093,0.0163
"418",2016-02-18,-0.0083,-0.0021,-0.0048,-0.0025,0.0022,-0.0041
"419",2016-02-19,0.0057,-0.001,-0.0051,-0.0012,7e-04,-5e-04
"420",2016-02-22,0.0151,0.0118,0.021,0.0143,0.0097,0.0145
"421",2016-02-23,-0.0049,-0.0109,-0.0138,-0.0048,-0.0048,-0.0126
"422",2016-02-24,0.0058,0.0053,0.0044,0.0018,0.0046,0.0046
"423",2016-02-26,-0.0034,-0.0041,2e-04,0.0152,-0.0078,-0.0023
"424",2016-02-29,-0.0094,-0.0074,-0.0027,-0.0106,-0.0067,-0.0078
"425",2016-03-01,0.023,0.0226,0.02,0.0157,0.0154,0.0235
"426",2016-03-03,-7e-04,0.0013,0.0076,0.0083,0.0019,0.0039
"427",2016-03-07,-0.0106,6e-04,0.0085,0.0112,-5e-04,8e-04
"428",2016-03-09,0.005,0.0019,0.0098,-0.0047,0.0033,0.0049
"429",2016-03-10,0.0011,8e-04,0.0028,-0.0041,0.0014,8e-04
"430",2016-03-16,0.0054,0.0045,0.0079,0.0088,0.0049,0.0058
"431",2016-03-17,-6e-04,0.0079,0.006,0.0088,0.0058,0.0063
"432",2016-03-18,0.0019,0.0023,0.0083,0.0037,0.0018,0.0039
"433",2016-03-21,0.0018,0.0021,0.001,-0.0011,-9e-04,0.0014
"434",2016-03-22,3e-04,-5e-04,-0.0012,8e-04,-0.0016,-5e-04
"435",2016-03-23,-0.0011,-0.0048,-0.0133,-0.0078,-0.0016,-0.0066
"436",2016-03-28,0.0029,0.0014,8e-04,0.0072,0.0023,6e-04
"437",2016-03-30,0.0049,0.005,0.0042,0.0154,0.0018,0.0044
"438",2016-04-01,0.0109,0.0076,0.0013,0.0014,0.0084,0.0068
"439",2016-04-04,-0.005,-0.0035,-0.0065,-0.0041,-0.0018,-0.0032
"440",2016-04-05,-0.0103,-0.007,-0.0103,-0.008,-0.0084,-0.01
"441",2016-04-07,-0.0096,-0.0107,-0.0141,-0.0059,-0.0066,-0.012
"442",2016-04-08,-0.0016,0.0024,0.0027,0.0062,0.0023,0.0027
"443",2016-04-11,-0.0062,-0.0026,-0.0015,-2e-04,-0.0039,-0.0023
"444",2016-04-12,0.0058,0.009,0.0101,0.0042,0.0062,0.0093
"445",2016-04-13,0.0056,0.0083,0.0156,0.0094,2e-04,0.0101
"446",2016-04-18,0.0072,0.0062,0.0081,0.0074,0.007,0.007
"447",2016-04-19,-0.0035,0.0022,0.009,0.0031,0.002,0.0032
"448",2016-04-20,0.0018,-7e-04,0.0067,0.0025,-0.0056,0.001
"449",2016-04-21,-0.0065,-0.0058,-0.0051,-0.0123,-0.012,-0.0054
"450",2016-04-25,0.0018,-8e-04,-0.0046,-0.0019,0.0023,-0.0017
"451",2016-04-26,-0.0011,0.0015,0.0051,0.007,-7e-04,0.0015
"452",2016-04-27,-1e-04,6e-04,0.0054,0.0024,0.0034,0.0021
"453",2016-04-28,-0.004,-0.0093,-0.0109,0.0026,-0.0045,-0.0091
"454",2016-04-29,0.0017,-0.0094,-0.0142,-0.0177,-0.0034,-0.0054
"455",2016-05-02,0.0127,0.009,0.0036,0.0099,0.0087,0.0079
"456",2016-05-03,-0.0068,-0.0079,-0.0116,-0.0057,-0.0034,-0.0087
"457",2016-05-04,-0.001,-0.0063,-0.0106,-0.0039,0.0011,-0.0056
"458",2016-05-05,-0.0016,5e-04,-0.0025,0.0035,7e-04,-2e-04
"459",2016-05-06,0.0063,0.0023,0.0045,-5e-04,0.0032,0.0037
"460",2016-05-09,0.0071,0.0021,-0.0023,0.003,0.0043,8e-04
"461",2016-05-10,0.0134,0.0113,0.013,0.0117,0.0083,0.0124
"462",2016-05-11,-0.0108,-0.0106,-0.0104,-0.0073,-0.0083,-0.0094
"463",2016-05-12,0.0024,0.002,-0.0036,-0.0027,0.0032,3e-04
"464",2016-05-13,-0.0055,-0.0089,-0.0096,-0.0091,-0.0067,-0.0087
"465",2016-05-16,0.0065,0.0095,0.0118,0.0116,0.0086,0.0099
"466",2016-05-17,-0.0139,-0.0093,-0.0051,-0.0101,-0.0137,-0.0093
"467",2016-05-18,-3e-04,-0.0015,8e-04,-0.003,-0.0059,3e-04
"468",2016-05-20,0.0045,0.0046,0.0091,0.0032,0.0023,0.0063
"469",2016-05-23,-0.0041,-0.0017,-2e-04,0.0018,-0.0025,-0.0014
"470",2016-05-24,0.016,0.0153,0.0131,0.0102,0.0101,0.013
"471",2016-05-25,5e-04,0.0043,0.01,0.0061,0.0018,0.0068
"472",2016-05-26,0.002,-3e-04,-8e-04,4e-04,0.0029,3e-04
"473",2016-05-27,0.0034,0.0035,0.0045,0.0024,0.0025,0.0043
"474",2016-05-31,-0.0027,-0.0027,0.0014,0.0035,-7e-04,-0.0019
"475",2016-06-01,0.0028,0.0015,-3e-04,-1e-04,0.0018,0.002
"476",2016-06-02,0.0027,8e-04,0.004,0.0052,0.004,0.003
"477",2016-06-03,0.0039,-0.002,-0.0056,-0.002,0.0025,-0.003
"478",2016-06-06,-5e-04,0.0064,0.0067,0.0012,-7e-04,0.0051
"479",2016-06-07,3e-04,-8e-04,0.0043,0.0036,0.0013,0.0016
"480",2016-06-08,0.0061,0.003,0.0024,0.0038,0.0053,0.0033
"481",2016-06-09,0.0037,-0.0012,-0.0028,-0.0017,0.0031,-0.0014
"482",2016-06-10,-0.0058,-0.0081,-0.0115,-0.0089,-0.004,-0.0095
"483",2016-06-13,-0.0064,-0.0079,-0.0107,-0.0063,-0.0058,-0.0077
"484",2016-06-14,0.0011,-0.0014,-0.0065,-0.0032,0.0013,-0.002
"485",2016-06-16,0.004,0.0051,-3e-04,-0.0016,0.0051,0.003
"486",2016-06-17,-0.0063,-0.004,0.0024,0.0031,-0.0044,-0.0037
"487",2016-06-20,0.0058,0.0064,0.0063,0.0081,0.0042,0.0064
"488",2016-06-21,0.0021,0.002,0.0018,0.0013,0.0033,0.0028
"489",2016-06-22,-0.0024,-0.0015,-0.0018,0.0034,-2e-04,-0.0016
"490",2016-06-23,0.0091,0.0127,0.0159,0.0046,0.0087,0.013
"491",2016-06-24,-0.0212,-0.0346,-0.0415,-0.0304,-0.0177,-0.0364
"492",2016-06-27,-0.0047,-0.0153,-0.0265,-0.0213,-0.0049,-0.0174
"493",2016-06-28,0.0122,0.0165,0.0198,0.0085,0.012,0.018
"494",2016-06-29,0.0114,0.0164,0.0185,0.0274,0.0134,0.017
"495",2016-06-30,0.0141,0.0149,0.0153,0.0138,0.0174,0.0136
"496",2016-07-01,9e-04,0.0018,0.0021,0.0047,0.0017,0.0021
"497",2016-07-05,0.0033,-0.0059,-0.0139,-0.0087,0.0028,-0.0072
"498",2016-07-06,0.0061,0.0041,0.0071,3e-04,0.0024,0.006
"499",2016-07-07,-0.0053,-6e-04,0.0011,0.0052,-0.0047,-6e-04
"500",2016-07-08,0.012,0.0138,0.0186,0.0151,0.0112,0.0149
"501",2016-07-11,0.0021,0.0027,0.0045,0.0032,9e-04,0.0035
"502",2016-07-12,-0.0023,0.0054,0.0131,0.005,-0.0023,0.0073
"503",2016-07-14,0.0018,0.0046,0.0069,0.003,0.0015,0.0056
"504",2016-07-15,-0.0012,1e-04,-2e-04,-0.0014,-0.0019,-0.0013
"505",2016-07-18,0.0022,0.0018,0.0031,0.0022,-6e-04,0.0027
"506",2016-07-19,0.0023,6e-04,-0.0019,-0.0017,0.0011,-0.001
"507",2016-07-20,0.0018,0.0046,0.0059,0.0049,6e-04,0.0041
"508",2016-07-21,-0.005,-0.004,-0.0036,-0.0043,-0.0013,-0.0038
"509",2016-07-22,0.0069,0.0049,0.0045,0.0017,0.006,0.0045
"510",2016-07-25,-0.0027,-0.0015,-0.002,0.0026,-0.0028,-0.0027
"511",2016-07-26,-0.0032,-0.0025,0.0028,0.0042,-0.0019,5e-04
"512",2016-07-27,-0.0033,-6e-04,-6e-04,-0.0045,-0.0057,-0.0011
"513",2016-07-28,0.0048,3e-04,-0.0032,0.0016,0.0021,0.0012
"514",2016-07-29,0.004,7e-04,1e-04,9e-04,0.0021,0.0016
"515",2016-08-01,0.0015,-0.001,-0.0045,-0.0021,0.0015,-8e-04
"516",2016-08-02,-0.0043,-0.0037,-0.0126,-0.0107,-0.0045,-0.0064
"517",2016-08-03,-0.004,0.0015,0.0077,0.0046,-0.0075,0.0029
"518",2016-08-04,0.0022,-3e-04,2e-04,0.0014,0.003,0.0011
"519",2016-08-05,0.0032,0.0084,0.0128,0.0052,0.003,0.0082
"520",2016-08-08,-0.0024,-6e-04,-6e-04,6e-04,-0.0026,-6e-04
"521",2016-08-09,0.0026,-7e-04,9e-04,-9e-04,0.0021,6e-04
"522",2016-08-10,0.0015,-0.0018,-0.0049,-0.0026,6e-04,-0.0025
"523",2016-08-11,0.0031,0.0053,0.0073,0.0061,0.0017,0.0046
"524",2016-08-12,-4e-04,-0.0013,-6e-04,-3e-04,-0.0013,-9e-04
"525",2016-08-15,-0.0028,0.0028,0.0068,0.0021,-0.0015,0.0029
"526",2016-08-16,-0.0097,-0.0061,-0.0035,-0.0042,-0.009,-0.0052
"527",2016-08-17,0.0033,0.0029,-2e-04,-0.0037,0.0024,0.0019
"528",2016-08-18,4e-04,7e-04,0.0037,0.0056,0.0032,0.0022
"529",2016-08-19,-0.0033,-1e-04,-6e-04,8e-04,-0.0034,-0.0015
"530",2016-08-24,-0.0056,-0.0041,-0.0054,-0.005,-0.005,-0.0051
"531",2016-08-26,-0.0029,-0.0029,-0.0014,-0.0078,-0.0048,-0.0019
"532",2016-08-29,0.0064,0.0035,0.0063,0.0077,0.0067,0.0049
"533",2016-08-30,-0.0042,-0.0035,3e-04,-0.0011,-0.0056,-0.0017
"534",2016-08-31,-8e-04,-0.0026,-9e-04,-0.0072,-4e-04,-0.0028
"535",2016-09-02,0.0053,0.0047,0.0057,0.0032,0.0061,0.0045
"536",2016-09-06,0.0058,0.0012,0.002,0.0033,0.0035,0.003
"537",2016-09-07,-0.0027,1e-04,0.0021,7e-04,-6e-04,-1e-04
"538",2016-09-08,-0.0047,-0.0043,-6e-04,-7e-04,-0.0056,-0.0023
"539",2016-09-09,-0.0268,-0.0226,-0.0226,-0.0243,-0.0269,-0.0239
"540",2016-09-12,0.0151,0.0132,0.0153,0.0024,0.0143,0.0143
"541",2016-09-13,-0.0139,-0.0116,-0.0115,-0.0087,-0.0143,-0.0144
"542",2016-09-15,0.0094,0.0098,0.0127,0.0102,0.0089,0.01
"543",2016-09-16,-0.0013,-0.0045,-0.0015,-0.0068,-0.0027,-0.0039
"544",2016-09-19,0.0014,0.0012,5e-04,0.007,0.0022,2e-04
"545",2016-09-21,0.0141,0.0106,0.0105,0.002,0.0137,0.0112
"546",2016-09-22,0.0076,0.0053,0.005,0.0169,0.0063,0.0063
"547",2016-09-23,-0.0045,-0.0063,-0.0041,-0.0043,-0.0043,-0.0055
"548",2016-09-26,-0.0063,-0.0067,-0.0116,-0.0076,-0.0054,-0.0081
"549",2016-09-27,0.0065,0.0057,0.0067,0.0023,0.0031,0.0062
"550",2016-09-28,0.0015,0.003,0.0059,7e-04,9e-04,0.005
"551",2016-09-29,-0.0084,-0.0087,-0.0112,-0.0019,-0.0094,-0.009
"552",2016-09-30,0.0035,0.0091,0.0122,0.0054,0.0044,0.0075
"553",2016-10-03,-0.0036,-0.0031,-0.0021,-0.0064,-0.007,-0.0024
"554",2016-10-04,-0.0097,-0.0064,-0.0023,-0.0039,-0.0098,-0.0051
"555",2016-10-05,-7e-04,0.0037,0.0088,9e-04,-0.0022,0.0044
"556",2016-10-06,0.003,9e-04,-4e-04,0.0011,7e-04,7e-04
"557",2016-10-07,-0.0039,-0.003,-0.0054,-0.0048,-0.0011,-0.0034
"558",2016-10-10,0.0045,0.0049,0.0068,0.004,0.0049,0.0052
"559",2016-10-11,-0.0124,-0.011,-0.0131,-0.0131,-0.0125,-0.0126
"560",2016-10-12,0.0066,0.0014,-8e-04,0.0041,0.0052,0.0013
"561",2016-10-13,-0.0011,-0.0023,-0.0046,-0.0041,7e-04,-0.0033
"562",2016-10-14,-0.0011,0.0011,-0.0011,0.0067,-4e-04,5e-04
"563",2016-10-17,-0.0018,-0.0017,-0.0025,-0.0076,-0.0022,-0.0035
"564",2016-10-18,0.0053,5e-04,0.0084,0.0054,0.0045,0.0063
"565",2016-10-19,-5e-04,0.0018,0.0014,0.0018,-9e-04,0.0027
"566",2016-10-20,-0.0012,-0.0032,-6e-04,-0.0031,-0.0036,-0.0019
"567",2016-10-21,8e-04,-0.0017,-0.0031,-0.0016,-0.0027,5e-04
"568",2016-10-24,0.0067,0.0045,0.0045,0.0054,0.0034,0.0043
"569",2016-10-25,-0.0056,-0.0045,-0.0037,-0.0044,-0.002,-0.0034
"570",2016-10-27,-0.0065,-0.0039,-0.0039,-0.0045,-0.007,-0.0027
"571",2016-10-28,0.0021,3e-04,-6e-04,0.005,0.0021,-0.003
"572",2016-11-01,-0.0096,-0.007,-0.0068,-0.0118,-0.0106,-0.0072
"573",2016-11-02,-0.0069,-0.005,-0.0034,-0.0054,-0.0016,-0.006
"574",2016-11-03,-0.0056,-0.0023,-0.0058,-0.0011,-0.0023,-0.0046
"575",2016-11-04,-0.0011,-0.0017,-0.0016,-0.0011,-9e-04,-0.0011
"576",2016-11-07,0.02,0.0211,0.0224,0.0183,0.0161,0.0221
"577",2016-11-08,0.0073,0.0048,0.0028,0.0065,0.0066,0.0045
"578",2016-11-09,-0.0042,0.0118,0.0202,0.0098,-0.0029,0.0106
"579",2016-11-10,-0.0128,0.0013,0.0115,7e-04,-0.0052,0.0025
"580",2016-11-11,-0.0013,-0.001,9e-04,-0.0011,-0.0016,-0.0023
"581",2016-11-14,-0.0082,-0.0027,0.0103,0.0048,-0.0014,8e-04
"582",2016-11-15,0.0094,0.0043,0.0079,0.0099,0.0057,0.0078
"583",2016-11-16,0.0029,0.0016,-0.0047,-0.0017,0.0011,-0.0019
"584",2016-11-17,0.0055,0.0047,0.0026,0.0053,0.0029,0.0051
"585",2016-11-18,-0.0028,-0.0018,-0.0021,-0.0028,-0.0027,-0.0022
"586",2016-11-21,0.0068,0.0065,0.0059,0.0068,0.0041,0.0076
"587",2016-11-22,0.0034,0.0031,0.0037,0.0028,0.0031,0.002
"588",2016-11-23,0.0021,-0.0029,0.0033,0.0011,-0.0025,5e-04
"589",2016-11-25,0.0017,0.0041,0.0033,0.0042,0.0054,0.0037
"590",2016-11-28,-4e-04,-0.0033,-0.0056,-0.0037,0.0016,-0.0047
"591",2016-11-29,0.0039,3e-04,6e-04,0.0027,0.0042,0.002
"592",2016-11-30,-0.0154,-0.0058,0.0038,-0.0028,-0.0127,-0.0024
"593",2016-12-01,-0.0188,-0.0034,0.0014,-0.0089,-0.0083,-0.0037
"594",2016-12-05,0.0074,0.0044,0.0056,0.0079,0.0025,0.006
"595",2016-12-06,0.0025,0.0018,0.0056,0.0052,0.0029,0.0032
"596",2016-12-07,0.013,0.0132,0.016,0.0119,0.0124,0.0131
"597",2016-12-08,-4e-04,0.002,0.0052,0.0059,4e-04,0.0024
"598",2016-12-09,0.0029,0.0053,0.0055,3e-04,0.0064,0.006
"599",2016-12-12,-0.0012,0.0017,-0.0038,-2e-04,0.0049,-0.0011
"600",2016-12-13,0.0083,0.0072,0.0057,0.005,0.0051,0.0067
"601",2016-12-14,-0.006,-0.0081,-0.0093,-0.0109,-0.0098,-0.0083
"602",2016-12-15,0.0051,0.0027,0.0052,0.0034,0.0024,0.0041
"603",2016-12-16,-0.0027,-4e-04,-0.0034,-4e-04,0.0037,-0.002
"604",2016-12-19,0.0034,0.002,0.002,0.0018,0.0033,0.0022
"605",2016-12-20,0.0033,0.0033,0.0041,0.0029,4e-04,0.0039
"606",2016-12-21,-0.0012,-0.0026,-0.0015,-0.0012,-0.0033,-0.0028
"607",2016-12-22,-4e-04,-5e-04,-0.0062,-0.0044,-2e-04,-0.0017
"608",2016-12-23,0.0018,7e-04,0.0027,0.0021,0.0015,0.0015
"609",2016-12-27,0.0044,9e-04,0.0024,0.0015,0.0011,0.0025
"610",2016-12-28,-0.0102,-0.0072,-0.0095,-0.0095,-0.0059,-0.0083
"611",2016-12-29,0.0021,0.0012,-0.0016,0.0029,0.0049,-2e-04
"612",2016-12-30,-0.0078,-0.0042,-0.0035,-6e-04,-0.0033,-0.0037
"613",2017-01-03,0.0029,0.0072,0.0104,0.0017,0.0027,0.0076
"614",2017-01-04,0.0059,0.0056,0.0106,0.012,0.0046,0.0059
"615",2017-01-05,0.0033,-0.001,-0.0054,-0.0023,0.0011,-8e-04
"616",2017-01-06,0.0057,0.0034,-0.001,0.0033,0.0013,0.0036
"617",2017-01-09,-4e-04,-0.005,-0.0037,-0.0048,-0.0048,-0.0033
"618",2017-01-11,0.0032,6e-04,3e-04,-5e-04,0.0031,0.0028
"619",2017-01-12,-0.0012,-0.0011,-0.0036,0.0021,-2e-04,-0.0025
"620",2017-01-17,-0.0023,6e-04,-0.0044,-0.0025,0.0031,-0.0035
"621",2017-01-18,0.003,0.0017,0.002,0.0048,9e-04,0.0022
"622",2017-01-19,-0.0012,-0.005,-0.0042,-0.0069,-0.0055,-0.0037
"623",2017-01-20,0.0021,0.0027,0.0016,0.002,0.0035,0.0037
"624",2017-01-23,-0.0022,-0.0014,-0.0033,0.0013,-4e-04,-0.0026
"625",2017-01-24,0.0081,0.0068,0.0105,0.0059,0.0024,0.0064
"626",2017-01-25,0.0082,0.0084,0.0117,0.0074,0.0033,0.0087
"627",2017-01-26,-0.0014,-0.0024,-0.0026,-0.001,-0.0015,-0.001
"628",2017-01-27,0.0015,-0.0014,-0.0043,-0.0034,4e-04,-0.0016
"629",2017-01-30,-0.0061,-0.0044,-0.0063,-0.004,-0.0031,-0.0062
"630",2017-02-01,0.0023,-0.0014,0.0069,-0.0047,-0.0068,4e-04
"631",2017-02-02,0.0018,3e-04,-0.0018,0.0036,0.0059,7e-04
"632",2017-02-03,0.0041,0.0073,0.0104,0.0099,0.0052,0.0069
"633",2017-02-06,-5e-04,-0.0011,-8e-04,-0.0022,-0.0028,-0.0018
"634",2017-02-08,0.0025,-4e-04,-0.0017,0.0019,0.0035,0.0013
"635",2017-02-09,0.0019,0.005,0.0068,0.0064,0.0043,0.0059
"636",2017-02-10,0.0031,0.0048,0.0032,0.0054,0.0037,0.0039
"637",2017-02-13,0.003,0.0055,0.0074,0.0048,0.0032,0.0054
"638",2017-02-14,-1e-04,0.0043,0.0077,-7e-04,6e-04,0.004
"639",2017-02-15,0.0048,0.0063,0.0067,0.0063,0.0039,0.0052
"640",2017-02-16,0.0018,0.0011,-4e-04,-0.0017,0.0043,-9e-04
"641",2017-02-17,0.0012,0.0042,7e-04,0.0039,8e-04,0.0016
"642",2017-02-21,0.0071,0.0044,0.0077,0.0076,0.0072,0.006
"643",2017-02-22,0.001,-1e-04,-0.0024,-0.0013,2e-04,-9e-04
"644",2017-02-23,-0.0025,0.0029,-0.002,-5e-04,0.0053,7e-04
"645",2017-02-24,0.0021,0.0031,9e-04,0.0014,0.0048,0.0013
"646",2017-02-27,0.0021,-1e-04,0.0036,0.005,-0.0019,0.0016
"647",2017-02-28,-0.0014,-0.0015,-0.0056,-0.0044,4e-04,-0.0027
"648",2017-03-01,0.0105,0.0131,0.0133,0.0109,0.0065,0.014
"649",2017-03-02,-0.006,-0.0036,-0.006,-0.0043,-0.0023,-0.0063
"650",2017-03-03,0.0016,-4e-04,0.0021,-0.0024,-0.0019,6e-04
"651",2017-03-06,-0.0018,-0.0026,-0.0068,-0.0054,-0.0019,-0.003
"652",2017-03-08,-4e-04,-0.0016,-0.0016,-2e-04,-0.0033,-0.0019
"653",2017-03-10,0.006,0.004,0.0037,0.0037,0.0044,0.0035
"654",2017-03-13,0.0035,1e-04,-0.0016,1e-04,0.0017,5e-04
"655",2017-03-14,-0.0036,-0.0031,-0.0041,-0.0028,-0.0031,-0.0038
"656",2017-03-15,0.0089,0.0093,0.0081,0.0101,0.0098,0.0087
"657",2017-03-16,-0.0025,-0.0022,-0.0018,-0.0021,-0.0033,-0.002
"658",2017-03-17,0.0024,-1e-04,-0.0045,0.0011,0.0029,-0.0018
"659",2017-03-20,6e-04,-0.0014,-0.0027,-5e-04,-0.0023,-0.0011
"660",2017-03-21,-0.0118,-0.0099,-0.0174,-0.0118,-0.0048,-0.0128
"661",2017-03-22,0.0052,0.0019,0.0036,-7e-04,0.0015,0.0024
"662",2017-03-23,-0.0019,-0.0012,-8e-04,0.001,-6e-04,-0.0011
"663",2017-03-24,0.0021,-0.0013,-5e-04,0.0023,-9e-04,-7e-04
"664",2017-03-27,-0.0012,-0.0018,-6e-04,-0.0064,-0.0019,-0.001
"665",2017-03-28,0.004,0.0051,0.0103,0.01,0.0027,0.0073
"666",2017-03-29,0.0029,-0.001,0.0026,-0.002,-2e-04,9e-04
"667",2017-03-30,4e-04,0.0011,0.0047,0.0043,2e-04,0.0032
"668",2017-04-04,-6e-04,-3e-04,7e-04,-6e-04,4e-04,6e-04
"669",2017-04-05,-0.0014,-0.0028,-0.0058,-0.0016,4e-04,-0.003
"670",2017-04-06,0.0019,0.0023,0.0041,0.0033,-4e-04,0.0028
"671",2017-04-07,-4e-04,-3e-04,-8e-04,6e-04,-6e-04,-0.001
"672",2017-04-11,-0.0011,1e-04,-0.0015,-8e-04,0.001,-0.0012
"673",2017-04-12,-0.0038,-0.0032,-0.0056,-0.0035,-0.0013,-0.0044
"674",2017-04-13,-0.0047,-0.0051,-0.0073,-0.0023,-0.0038,-0.0065
"675",2017-04-17,0.0105,0.0075,0.0074,0.0066,0.0065,0.0089
"676",2017-04-18,-6e-04,-0.0032,-0.004,-7e-04,2e-04,-0.003
"677",2017-04-19,0.0016,-0.0035,-7e-04,-0.0015,-2e-04,-0.0018
"678",2017-04-20,0.0058,0.0072,0.0103,0.0059,0.0031,0.0081
"679",2017-04-21,-2e-04,-0.0018,-0.0044,-8e-04,-6e-04,-0.0032
"680",2017-04-24,0.0102,0.0084,0.012,0.0084,0.0075,0.011
"681",2017-04-25,0.0057,0.0067,0.0048,0.0049,0.0029,0.0058
"682",2017-04-26,-0.0033,-0.0018,8e-04,0.0014,-2e-04,-6e-04
"683",2017-05-01,0.0052,-0.0011,7e-04,-0.0053,-0.001,0.0025
"684",2017-05-02,-0.0018,0.0018,4e-04,-0.003,-4e-04,4e-04
"685",2017-05-03,-0.0028,-0.0014,-0.0016,-8e-04,-0.0035,-0.0012
"686",2017-05-04,0.0017,0.0011,-0.0011,0.0016,0.0039,0.0012
"687",2017-05-05,0.0052,0.0034,0.0062,0.0065,0.0037,0.0039
"688",2017-05-08,-7e-04,-4e-04,0.0011,-0.0047,-0.0031,-2e-04
"689",2017-05-09,-4e-04,-1e-04,7e-04,-0.0012,-0.0025,-9e-04
"690",2017-05-10,0.0071,-1e-04,0.0015,0.0024,0.0012,0.0018
"691",2017-05-11,-3e-04,-0.0023,-0.003,-0.0018,-0.0014,-0.002
"692",2017-05-12,0.0017,-0.0014,-0.0043,-0.0047,-0.0019,-0.0017
"693",2017-05-15,0.0077,0.0057,0.0055,0.007,0.0048,0.0055
"694",2017-05-16,0.0016,-8e-04,-0.0027,-0.0035,-0.0037,-9e-04
"695",2017-05-17,-0.0188,-0.0128,-0.0227,-0.0099,-0.0056,-0.0177
"696",2017-05-18,0.0074,0.0021,0.0011,0.0013,0.0027,0.004
"697",2017-05-19,0.0061,0.0052,0.0075,0.0061,0.0037,0.0065
"698",2017-05-22,0.0091,0.0064,0.004,0.0066,0.0064,0.0051
"699",2017-05-23,0.0014,-4e-04,0.0043,5e-04,0.0012,0.0022
"700",2017-05-24,0.0052,0.0029,5e-04,0.0044,0.0041,0.0023
"701",2017-05-25,0.008,0.0058,0.0034,0.0053,0.0074,0.0048
"702",2017-05-26,0.0016,-3e-04,4e-04,-3e-04,-6e-04,-2e-04
"703",2017-05-30,0.0023,-5e-04,-7e-04,-9e-04,0.0014,-9e-04
"704",2017-05-31,6e-04,0.0022,-0.0019,3e-04,0.003,-2e-04
"705",2017-06-01,0.0071,0.0069,0.0098,0.0105,0.0069,0.008
"706",2017-06-02,0.0053,0.0028,8e-04,0.0036,0.0028,0.0033
"707",2017-06-05,-0.0018,-7e-04,-0.0026,-0.0018,-0.0012,-7e-04
"708",2017-06-06,-0.0025,-0.0036,-0.0043,-0.005,-0.0036,-0.0032
"709",2017-06-07,0.006,8e-04,0.003,-3e-04,0.0024,0.0019
"710",2017-06-08,0.0033,0.0011,0.0029,0.0019,-0.005,5e-04
"711",2017-06-09,-0.0102,8e-04,0.0022,3e-04,-6e-04,-0.0015
"712",2017-06-12,-0.0032,-5e-04,0.0011,0.0035,-2e-04,-2e-04
"713",2017-06-13,0.0083,0.0052,0.0035,0.0051,0.0032,0.0049
"714",2017-06-14,-0.002,-3e-04,-0.0038,4e-04,0.002,-0.0013
"715",2017-06-15,-0.0019,-5e-04,-0.0051,-3e-04,0.0014,-0.0019
"716",2017-06-16,-0.0012,8e-04,-0.0042,-1e-04,0.0012,2e-04
"717",2017-06-19,0.015,0.0073,0.0097,0.005,0.004,0.0083
"718",2017-06-20,-0.0085,-0.0067,-0.0077,-0.007,-0.0034,-0.0067
"719",2017-06-21,4e-04,-9e-04,-0.0011,-0.0032,-0.0018,-2e-04
"720",2017-06-22,-0.0023,-9e-04,0.0019,-6e-04,-0.0018,-5e-04
"721",2017-06-23,-0.0018,0.0017,8e-04,-5e-04,2e-04,0.0012
"722",2017-06-26,-0.001,4e-04,0.0046,0.0051,0.0016,7e-04
"723",2017-06-27,-0.0087,-0.0072,-0.0054,-0.0069,-0.0077,-0.0081
"724",2017-06-28,0.0132,0.0077,0.0104,0.006,0.0037,0.009
"725",2017-06-29,-0.0092,-0.0116,-0.0055,-0.0081,-0.0099,-0.0088
"726",2017-06-30,-3e-04,0.0034,0.0011,0.0038,0.0025,0.0019
"727",2017-07-05,0.0091,-4e-04,3e-04,0.003,8e-04,0.0023
"728",2017-07-06,-0.0062,-0.0082,-0.0101,-0.0112,-0.0084,-0.0091
"729",2017-07-07,0.0098,0.0066,0.0054,0.0066,0.0062,0.0065
"730",2017-07-10,0.0046,7e-04,-0.0018,-3e-04,-0.0018,0.0011
"731",2017-07-11,-4e-04,-0.003,-0.001,-0.0027,-0.0016,-7e-04
"732",2017-07-12,0.0091,0.0081,0.0058,0.007,0.0066,0.0075
"733",2017-07-13,0.0011,8e-04,0.0049,0.0027,-8e-04,0.0017
"734",2017-07-14,0.0039,0.0061,0.0048,0.004,0.0057,0.0047
"735",2017-07-17,-2e-04,-0.0011,0.0019,0.0015,6e-04,-1e-04
"736",2017-07-18,-8e-04,0.0015,-0.0028,-0.0019,-8e-04,5e-04
"737",2017-07-19,0.0051,0.003,0.0046,0.0045,0.0049,0.0054
"738",2017-07-20,-0.001,0.0026,-0.0011,-4e-04,0.002,4e-04
"739",2017-07-21,-2e-04,-3e-04,-0.0012,8e-04,0.0022,-9e-04
"740",2017-07-25,0.0029,0.0013,0.0057,0.0024,0.0016,0.0024
"741",2017-07-27,-0.0056,-0.0013,-0.0012,5e-04,0.0022,-9e-04
"742",2017-08-01,0.0071,0.0035,0.0024,0.0023,-8e-04,0.0022
"743",2017-08-02,-0.0036,-1e-04,0.0024,-0.0029,2e-04,5e-04
"744",2017-08-03,-0.0012,-0.0017,-0.0033,-4e-04,-2e-04,-0.0019
"745",2017-08-07,0.005,0.0029,0.0032,9e-04,8e-04,0.0019
"746",2017-08-08,-0.0011,-0.0022,-4e-04,-0.0032,-0.0032,-0.0025
"747",2017-08-10,-0.0183,-0.0135,-0.0166,-0.0118,-0.006,-0.0141
"748",2017-08-11,9e-04,-3e-04,5e-04,-0.001,0.001,0.0015
"749",2017-08-14,0.0164,0.0096,0.0098,0.0094,0.0091,0.0099
"750",2017-08-16,0.0016,0.002,5e-04,0.005,0.0034,0.0017
"751",2017-08-17,-0.0193,-0.0156,-0.0173,-0.0145,-0.0113,-0.0156
"752",2017-08-18,-1e-04,-0.0026,-0.0038,-0.0014,-0.0019,-0.0016
"753",2017-08-21,-0.001,0.0023,-3e-04,0.0012,0.0039,8e-04
"754",2017-08-22,0.0154,0.0092,0.011,0.0074,0.007,0.0105
"755",2017-08-23,-0.0046,-0.0028,-0.0019,-0.0018,-0.0042,-0.0036
"756",2017-08-24,-0.0012,-7e-04,-0.0023,-0.0013,-0.0028,-0.0023
"757",2017-08-25,4e-04,0.0022,0.0045,0.0041,0.0032,0.0023
"758",2017-08-29,3e-04,-3e-04,1e-04,2e-04,4e-04,0.0011
"759",2017-08-30,0.0067,0.0062,0.0054,0.0033,0.0022,0.0047
"760",2017-08-31,0.0055,0.0059,0.0064,0.0042,0.0046,0.006
"761",2017-09-01,0.0026,0.0019,0.007,0.0039,-8e-04,0.0014
"762",2017-09-05,-0.0125,-0.0069,-0.0098,-0.0098,-0.0042,-0.0072
"763",2017-09-06,0.003,0.0023,0.0057,0.0032,0.0018,0.0034
"764",2017-09-07,-0.0055,0.0031,-0.0024,-0.0014,0.0022,-1e-04
"765",2017-09-08,4e-04,0.0011,-0.0024,0.0032,0.0034,-0.0012
"766",2017-09-11,0.0127,0.0097,0.0121,0.0112,0.0075,0.0107
"767",2017-09-13,0.0013,-0.0014,0.0018,-0.0026,-0.003,5e-04
"768",2017-09-14,-0.0014,8e-04,-0.0014,5e-04,2e-04,-3e-04
"769",2017-09-15,0.005,0.0041,0.0037,0.0018,4e-04,0.0013
"770",2017-09-18,0.0067,0.0031,0.001,0.0019,0.001,0.0021
"771",2017-09-19,0.0023,0.0016,-3e-04,-5e-04,-0.0026,0.001
"772",2017-09-20,-2e-04,-0.0018,-3e-04,-0.001,-0.001,4e-04
"773",2017-09-21,-0.0028,-0.0029,-0.0018,-0.001,-0.0042,-0.0027
"774",2017-09-22,4e-04,0.0033,0.0018,0.0015,6e-04,2e-04
"775",2017-09-26,3e-04,0.0012,0.0029,0.0013,-8e-04,6e-04
"776",2017-09-27,0.0131,0.0034,0.0063,0.0014,4e-04,0.0039
"777",2017-09-28,0.0011,-0.001,-0.001,-3e-04,0.0014,0.0012
"778",2017-09-29,0.0062,9e-04,0.0021,0.0036,0.003,0.0035
"779",2017-10-02,0.0041,0.0057,0.0091,0.0054,0.0032,0.0043
"780",2017-10-03,0.0031,0.0024,0.0054,0.0014,0.0018,0.0021
"781",2017-10-04,3e-04,0.0018,-6e-04,0.0018,0.0022,0.0012
"782",2017-10-05,0.0061,0.0063,0.0051,0.0032,0.0034,0.0059
"783",2017-10-06,0.001,-0.0019,-0.0024,-0.0012,-0.0014,-0.0011
"784",2017-10-09,-0.0012,0.001,-0.0017,-0.0022,-0.0022,-0.0017
"785",2017-10-10,0.0019,0.0042,0.0046,0.0014,0.0026,0.0026
"786",2017-10-11,0.0013,0.0024,6e-04,9e-04,0.0018,0.0016
"787",2017-10-12,-0.003,1e-04,-0.0047,0.0022,0.0016,-0.0015
"788",2017-10-13,0.0022,6e-04,0.0033,0.001,8e-04,0.0012
"789",2017-10-18,0.0026,0.0013,0.0018,0.0014,4e-04,0.001
"790",2017-10-19,0.0031,0.0016,-0.001,0.0015,0.0047,3e-04
"791",2017-10-20,0.0104,0.0045,0.0067,0.0056,0.0035,0.0052
"792",2017-10-23,-0.0021,-0.0016,-6e-04,-0.0014,-8e-04,-0.0039
"793",2017-10-24,0.0057,4e-04,0.0043,-1e-04,-0.0023,0.0018
"794",2017-10-25,-0.006,-0.0028,-0.0068,-0.0042,-0.0014,-0.005
"795",2017-10-26,0.0018,0.0016,0.0018,0.0028,4e-04,0.0013
"796",2017-10-27,0.0123,0.0024,0.0023,-4e-04,0.0045,0.0082
"797",2017-10-30,-0.0028,-0.0033,-0.0034,-0.0047,-0.0056,-0.0037
"798",2017-10-31,0.0027,9e-04,0.0016,0.0022,0.001,0.0016
"799",2017-11-01,-0.0023,5e-04,0.0029,4e-04,-0.001,0.0013
"800",2017-11-02,0.0039,0.0019,0.0018,-2e-04,0.0025,4e-04
"801",2017-11-03,0.0049,0.0018,0.0023,0.0017,0.0012,0.0033
"802",2017-11-06,0.0016,0.0013,0.0019,0.0024,-0.0019,0.0015
"803",2017-11-07,-0.0029,-0.0015,-0.0031,-0.0011,0.0043,-7e-04
"804",2017-11-08,-5e-04,0.0035,0.0024,0.0022,0.0029,0.0017
"805",2017-11-09,-0.0076,-0.0038,-0.0029,-0.002,-0.0019,-0.0036
"806",2017-11-10,0.0029,0.0013,0.0013,-0.0017,-0.001,-3e-04
"807",2017-11-13,0.0025,9e-04,8e-04,0.0036,0.0033,9e-04
"808",2017-11-14,-0.0017,4e-04,-0.0044,-4e-04,0.0019,-0.0023
"809",2017-11-15,-0.0034,-0.0059,-0.0038,-0.0019,-0.0068,-0.005
"810",2017-11-16,0.0095,0.0076,0.0145,0.0067,0.0064,0.0085
"811",2017-11-20,0.0048,0.0019,0.0035,0.0014,8e-04,0.0017
"812",2017-11-21,0.0075,0.0062,0.0056,0.0033,0.0058,0.0065
"813",2017-11-22,-0.0041,-0.0021,1e-04,-0.0013,-0.0029,-9e-04
"814",2017-11-24,0.0019,0.0017,1e-04,0.0012,0.0023,0.0023
"815",2017-11-27,-0.002,-2e-04,-0.0038,0.0012,0.0021,-5e-04
"816",2017-11-28,0.0122,0.0108,0.012,0.01,0.0075,0.0101
"817",2017-11-29,-0.0052,0.0018,0.0056,0.0045,0.0019,-6e-04
"818",2017-11-30,0.0097,0.0075,0.0056,0.0058,0.0065,0.0088
"819",2017-12-01,-0.0062,4e-04,-0.0025,-0.0013,-9e-04,-0.0021
"820",2017-12-04,-0.0126,7e-04,0.0047,0.0029,-0.0026,-0.0012
"821",2017-12-05,-0.001,-0.0026,-0.0059,-0.0076,-0.0032,-0.0036
"822",2017-12-06,0.0023,-6e-04,-0.0026,-0.0014,8e-04,2e-04
"823",2017-12-07,0.0065,0.0039,0.0039,0.0039,0.001,0.0032
"824",2017-12-08,0.0058,0.0046,0.0075,0.0037,0.0042,0.0055
"825",2017-12-11,0.0011,0.0018,0.0049,0.0011,0.0011,0.003
"826",2017-12-12,8e-04,5e-04,2e-04,0.0022,4e-04,0.0018
"827",2017-12-13,-7e-04,5e-04,-0.001,-0.0011,0.0019,-1e-04
"828",2017-12-14,-0.0051,-0.0041,-0.0068,-0.0063,-0.0043,-0.0041
"829",2017-12-15,0.0111,0.0075,0.0097,0.0077,0.0091,0.0083
"830",2017-12-18,0.0078,0.006,0.0121,0.0056,0.0017,0.0063
"831",2017-12-19,-0.0036,-0.0019,-0.003,-0.0028,-0.0056,-0.0038
"832",2017-12-20,-2e-04,-4e-04,0.003,-0.0015,-0.0024,-5e-04
"833",2017-12-21,-8e-04,-6e-04,0.0017,0.002,-6e-04,0.0021
"834",2017-12-22,-2e-04,-7e-04,-8e-04,0.0018,4e-04,-3e-04
"835",2017-12-26,-0.0026,2e-04,-0.0024,2e-04,2e-04,-0.0012
"836",2017-12-27,0.0026,0.0011,-0.0014,5e-04,0.0025,5e-04
"837",2017-12-28,0.002,0.0012,0.0021,0.001,0.0015,0.0021
"838",2017-12-29,-0.0056,-0.005,-0.0061,-4e-04,-0.0023,-0.0038
"839",2018-01-03,0.01,0.0071,0.0012,0.0045,0.0021,0.0063
"840",2018-01-04,0.0084,0.0045,0.0055,0.0018,0.004,0.0042
"841",2018-01-05,0.008,0.0065,0.0046,0.0081,0.0051,0.0067
"842",2018-01-08,0.0028,0.0031,0.002,0.0016,0.0017,0.0018
"843",2018-01-09,0.0037,0.0031,-1e-04,0.0024,6e-04,0.0023
"844",2018-01-10,-0.001,-0.0019,1e-04,-0.0048,-0.0049,-0.0015
"845",2018-01-11,0.0068,0.0053,0.0123,0.0082,0.003,0.0073
"846",2018-01-12,0.0095,0.0072,0.0076,0.0028,0.003,0.0065
"847",2018-01-16,-0.0022,-0.0035,-0.0038,-0.0053,-7e-04,-0.0034
"848",2018-01-17,0.0166,0.014,0.0096,0.0116,0.0093,0.0095
"849",2018-01-18,-0.0011,-0.0029,-0.0011,-0.0045,-0.0019,-0.0017
"850",2018-01-19,0.0059,0.0063,0.0023,0.0073,0.0043,0.0045
"851",2018-01-22,0.0061,0.0053,0.0073,0.004,0.0063,0.0081
"852",2018-01-23,0.0013,2e-04,2e-04,0.0049,0.0017,0.0021
"853",2018-01-24,-0.0022,-0.0026,-0.0029,-1e-04,5e-04,-4e-04
"854",2018-01-25,0.0022,2e-04,-0.005,0.0013,0.0049,4e-04
"855",2018-01-26,0.0141,0.0104,0.0141,0.0067,0.0084,0.0116
"856",2018-01-29,-0.0076,-0.0088,-0.0051,-0.0023,-0.0076,-0.0066
"857",2018-01-30,-0.0154,-0.0107,-0.0152,-0.0116,-0.0058,-0.0103
"858",2018-01-31,0.0058,-0.0023,-0.0035,-0.0022,9e-04,5e-04
"859",2018-02-01,-0.001,8e-04,-0.0019,0.0017,-0.0027,-0.0011
"860",2018-02-02,-0.023,-0.0206,-0.0261,-0.017,-0.0167,-0.0218
"861",2018-02-05,-0.0428,-0.0382,-0.0384,-0.0348,-0.036,-0.0418
"862",2018-02-06,0.0243,0.0155,0.0235,0.0066,0.0064,0.0197
"863",2018-02-07,-0.0034,-0.0036,-0.0016,0.0056,-0.0031,-0.0054
"864",2018-02-08,-0.0423,-0.0347,-0.0372,-0.0241,-0.0301,-0.0375
"865",2018-02-09,0.0199,0.0164,0.0122,0.0042,0.0165,0.015
"866",2018-02-12,0.0175,0.012,0.015,0.0055,0.0098,0.0147
"867",2018-02-13,0.0043,0.0037,0.0039,0.0013,0.0031,0.0025
"868",2018-02-14,0.0184,0.0131,0.0151,-0.0017,0.0083,0.0135
"869",2018-02-15,0.0124,0.0123,0.0099,0.0254,0.0125,0.0128
"870",2018-02-16,-0.001,6e-04,-2e-04,0.004,0.0032,3e-04
"871",2018-02-20,-2e-04,-0.0056,-0.008,-0.0094,-0.0102,-0.0063
"872",2018-02-21,-0.0048,-0.0065,-0.0061,0.0075,-0.0069,-0.005
"873",2018-02-22,0.0017,4e-04,0.0013,-0.0131,0.001,0.0013
"874",2018-02-23,0.0157,0.0163,0.0165,0.0122,0.0142,0.0159
"875",2018-02-26,0.0117,0.0113,0.0129,0.0108,0.0089,0.0116
"876",2018-02-27,-0.0094,-0.0112,-0.0112,-0.0104,-0.0116,-0.0125
"877",2018-02-28,-0.0095,-0.0089,-0.0103,-0.0125,-0.0081,-0.0101
"878",2018-03-01,-0.0179,-0.0127,-0.0136,-0.0114,-0.011,-0.0145
"879",2018-03-02,0.0032,0.0061,0.0052,4e-04,0.005,0.0052
"880",2018-03-05,0.0119,0.0097,0.0104,0.018,0.0114,0.0116
"881",2018-03-06,0.0029,0.0047,0.0037,0.0035,0.0013,0.0025
"882",2018-03-07,0.0024,-0.0013,-0.0027,0.0018,6e-04,-4e-04
"883",2018-03-08,0.0044,0.0063,0.0021,0.0025,0.0057,0.0048
"884",2018-03-09,0.0196,0.0168,0.0166,0.0133,0.0117,0.0174
"885",2018-03-12,-6e-04,-1e-04,1e-04,-3e-04,-0.0026,-0.0013
"886",2018-03-13,-0.0075,-0.0047,-0.0028,-0.0029,-0.0011,-0.0065
"887",2018-03-14,-0.0054,-0.0068,-0.007,-0.0056,-0.0043,-0.0051
"888",2018-03-15,9e-04,2e-04,-0.0026,-0.0016,-9e-04,-0.0011
"889",2018-03-16,0.0012,0.0025,0.0046,0.0067,0.0028,0.0011
"890",2018-03-19,-0.0114,-0.0127,-0.0127,-0.0069,-0.0079,-0.0135
"891",2018-03-20,0.0076,0.0041,0.0015,-0.0025,0.0011,0.0017
"892",2018-03-21,-0.0035,-0.0016,-0.0018,7e-04,-0.0045,-0.0019
"893",2018-03-22,-0.0327,-0.0259,-0.0235,-0.0187,-0.0186,-0.025
"894",2018-03-23,-0.0251,-0.0223,-0.0246,-0.018,-0.0146,-0.0213
"895",2018-03-26,0.034,0.0283,0.0295,0.0148,0.0199,0.0274
"896",2018-03-27,-0.0267,-0.0148,-0.0164,-0.0124,-0.0083,-0.017
"897",2018-03-28,-0.0061,-0.0018,-0.0015,0.0058,0.0027,-0.003
"898",2018-03-29,0.0163,0.0148,0.0142,0.0114,0.0099,0.0128
"899",2018-04-02,-0.0315,-0.0239,-0.0226,-0.0211,-0.0168,-0.0216
"900",2018-04-03,0.0118,0.0141,0.0148,0.0078,0.0108,0.0128
"901",2018-04-04,0.0116,0.0125,0.0119,0.0023,0.0103,0.0107
"902",2018-04-05,0.0086,0.0046,0.0058,0.0156,0.0048,0.0079
"903",2018-04-06,-0.0262,-0.0226,-0.021,-0.0255,-0.0172,-0.0223
"904",2018-04-09,0.0042,0.0025,0.0032,0.0164,0.0035,0.0049
"905",2018-04-10,0.0225,0.017,0.0181,0.0028,0.0095,0.0159
"906",2018-04-11,-0.0072,-0.006,-0.0051,-0.0033,-0.0046,-0.0052
"907",2018-04-12,0.0158,0.0068,0.0107,0.0059,0.0017,0.0082
"908",2018-04-13,-0.0099,-0.0037,-0.0038,-0.0048,6e-04,-0.0029
"909",2018-04-16,0.0069,0.0079,0.0095,0.011,0.0102,0.0082
"910",2018-04-17,0.0166,0.0084,0.0073,0.0088,0.0086,0.0107
"911",2018-04-18,0.0023,-0.0036,0.0021,0.0014,-4e-04,7e-04
"912",2018-04-19,-0.0019,-0.0115,-0.0098,-0.0087,-0.0072,-0.0055
"913",2018-04-20,-0.0066,-0.0087,-0.01,-0.0048,-0.0072,-0.0085
"914",2018-04-23,-0.0027,-0.0011,0.0011,2e-04,0.0013,-2e-04
"915",2018-04-24,-0.0181,-0.0117,-0.0078,-0.0113,-0.0086,-0.0135
"916",2018-04-26,0.0161,0.0103,0.0042,0.0075,0.0087,0.0102
"917",2018-04-27,6e-04,0.0013,-2e-04,0.0011,0.001,9e-04
"918",2018-04-30,-0.0074,-0.0062,-0.0089,-0.004,-0.0061,-0.0077
"919",2018-05-01,0.0062,5e-04,5e-04,-0.0045,-0.0015,0.0018
"920",2018-05-02,-0.0089,-0.0033,-0.0056,-0.0027,-0.0098,-0.0067
"921",2018-05-03,0.0022,2e-04,-0.0059,-0.0072,4e-04,-0.0022
"922",2018-05-04,0.0105,0.0123,0.0129,0.0122,0.0107,0.0129
"923",2018-05-07,0.008,0.0023,4e-04,2e-04,8e-04,0.0034
"924",2018-05-09,0.0131,0.0085,0.0081,0.0069,0.0042,0.0097
"925",2018-05-10,0.0069,0.008,0.0098,0.0063,0.0098,0.0094
"926",2018-05-11,7e-04,0.0027,0.003,0.0018,0.0021,0.0031
"927",2018-05-14,2e-04,-0.0011,0.0027,0.0043,-0.0021,5e-04
"928",2018-05-15,-0.0064,-0.0065,-0.003,-0.0116,-0.007,-0.0069
"929",2018-05-16,0.0042,0.0053,0.0085,0.0031,0.0015,0.0042
"930",2018-05-18,-0.0016,-0.0019,-0.0066,-0.001,-4e-04,-0.0025
"931",2018-05-21,0.0099,0.0052,0.008,0.0077,0.0067,0.0075
"932",2018-05-22,-0.0039,-0.0033,-0.0013,-0.0029,-0.0047,-0.0028
"933",2018-05-23,0.0042,0.0042,-9e-04,0.0011,0.0055,0.0028
"934",2018-05-24,-5e-04,-4e-04,-9e-04,-5e-04,-4e-04,-0.002
"935",2018-05-25,-0.0029,-0.0031,-0.0037,-3e-04,-4e-04,-0.0024
"936",2018-05-29,-0.0127,-0.0099,-0.0119,-0.01,-0.0061,-0.0115
"937",2018-05-30,0.0136,0.0131,0.011,0.0123,0.0122,0.0133
"938",2018-05-31,-0.01,-0.008,-0.0063,-0.0095,-0.0076,-0.0061
"939",2018-06-01,0.0159,0.011,0.0116,0.0082,0.0046,0.0098
"940",2018-06-04,0.0072,0.006,0.0048,0.0027,0.0051,0.0048
"941",2018-06-05,0.0047,0.0015,0.002,9e-04,-4e-04,7e-04
"942",2018-06-06,0.0096,0.0089,0.0084,0.0062,0.0053,0.0084
"943",2018-06-07,-0.0087,-0.001,0.0021,0.002,8e-04,-1e-04
"944",2018-06-08,0.0034,0.003,0.0015,0.0046,0.0051,0.003
"945",2018-06-11,-9e-04,-0.0014,0.0023,0.0013,-2e-04,0.0013
"946",2018-06-12,0.0028,0.0015,-7e-04,0.0019,0.0019,0.0013
"947",2018-06-13,-3e-04,-0.0057,-0.0039,-0.0042,-0.0045,-0.0032
"948",2018-06-14,0.0042,0.0013,-3e-04,0.0028,0.0037,0.0025
"949",2018-06-15,-0.0028,0.0017,-0.0015,-0.0026,0.0034,-0.0013
"950",2018-06-18,0.0011,-0.003,-0.0031,0.0021,-0.0035,-0.0021
"951",2018-06-19,-0.0066,-0.0038,-0.0056,-0.0028,-0.0015,-0.0038
"952",2018-06-20,0.0055,-0.0011,0.0016,0.0015,-6e-04,0.0017
"953",2018-06-21,-0.0092,-0.0077,-0.0071,-0.0059,-0.0028,-0.0063
"954",2018-06-22,-0.0073,8e-04,-2e-04,0.0057,0.0036,0.0018
"955",2018-06-25,-0.0225,-0.0127,-0.0142,-0.0094,-0.0039,-0.0136
"956",2018-06-26,0.0047,0.0012,0.0014,0.002,-9e-04,0.0022
"957",2018-06-27,-0.0139,-0.0097,-0.0078,-0.0098,-0.0072,-0.0083
"958",2018-06-28,0.0113,0.0071,0.001,0.0045,0.0074,0.0057
"959",2018-06-29,0.0019,0.0024,-0.0025,0.0058,0.0017,0.0014
"960",2018-07-02,0.0043,2e-04,0.0022,-0.0065,0.0015,0.0021
"961",2018-07-03,-0.0082,-0.0016,-0.0054,0.0023,6e-04,-0.0035
"962",2018-07-05,0.0068,0.0082,0.0089,0.0075,0.0079,0.0082
"963",2018-07-06,0.0091,0.0086,0.0072,0.0075,0.0052,0.0085
"964",2018-07-09,0.0114,0.008,0.0134,0.004,0.0012,0.009
"965",2018-07-10,0.0025,0.0037,0.0024,0.0041,0.0056,0.0036
"966",2018-07-11,-0.0052,-0.0072,-0.0134,-0.0048,-0.002,-0.0073
"967",2018-07-12,0.0139,0.0081,0.0079,0.005,0.0065,0.0091
"968",2018-07-16,6e-04,-0.0045,-8e-04,-0.0033,-0.0029,-9e-04
"969",2018-07-17,0.0054,0.0065,0.0026,0.0046,0.0033,0.004
"970",2018-07-19,-0.0068,-0.0018,-0.0022,0.0021,2e-04,-0.0038
"971",2018-07-20,9e-04,-0.002,-0.0038,-0.0027,-7e-04,-0.0011
"972",2018-07-23,0.0018,-1e-04,0.0025,-7e-04,-0.0016,0.0019
"973",2018-07-24,-8e-04,0.0043,0.0012,-0.0016,0.0013,0.005
"974",2018-07-25,0.0134,0.0101,0.0045,0.0069,0.0079,0.0085
"975",2018-07-26,-0.003,-8e-04,0.0034,0.0045,0.0013,-0.0024
"976",2018-07-27,-0.0151,-0.0062,-0.0054,-0.0052,-0.0044,-0.0068
"977",2018-07-30,-0.0176,-0.0067,0.0021,-0.0044,-0.0058,-0.0052
"978",2018-07-31,0.0037,0.0067,0.004,0.0073,0.0073,0.0049
"979",2018-08-01,0.0021,-0.0027,-0.0011,-0.0013,-0.0025,-0.0017
"980",2018-08-02,0.0104,0.0035,0.0063,6e-04,0.0038,0.0054
"981",2018-08-03,3e-04,0.0046,0.0076,0.0049,0.0055,0.0043
"982",2018-08-06,0.0052,0.0031,0.0024,0.003,0.0027,0.0037
"983",2018-08-07,0.0048,0.0042,0.0027,9e-04,0.0016,0.0033
"984",2018-08-09,2e-04,-0.0023,-0.002,-8e-04,2e-04,-0.0014
"985",2018-08-10,-0.005,-0.0064,-0.0082,-0.0053,-0.0034,-0.0067
"986",2018-08-13,-0.0046,-0.0038,-0.005,-0.0026,-0.0025,-0.0037
"987",2018-08-14,0.0071,0.0068,0.0072,0.0047,0.0056,0.0064
"988",2018-08-15,-0.0132,-0.0045,-0.0083,-0.0021,-5e-04,-0.0075
"989",2018-08-16,0.0075,0.008,0.0124,0.0064,0.0078,0.0081
"990",2018-08-17,7e-04,0.0044,0.0067,0.0054,0.0057,0.0035
"991",2018-08-20,0.0053,0.0043,0.0046,0.0046,0.0018,0.0021
"992",2018-08-21,0.0032,0.0018,0.0042,0.0019,-0.0018,0.0023
"993",2018-08-23,0.0012,3e-04,-0.0034,-0.0041,2e-04,-0.0013
"994",2018-08-24,0.0111,0.0054,0.0039,0.0072,0.0057,0.006
"995",2018-08-27,0.0082,0.0065,0.0091,0.0024,0.0012,0.0079
"996",2018-08-29,0.0087,0.0058,0.0025,0.0051,0.0042,0.0054
"997",2018-08-30,-0.0049,-0.0046,-0.004,-0.0063,-0.0041,-0.004
"998",2018-09-04,0.0033,-0.0011,-0.0019,0.0025,-5e-04,-0.0017
"999",2018-09-06,6e-04,-0.0012,-0.0079,-6e-04,0.0049,-0.003
"1000",2018-09-07,-0.0029,-0.0035,-0.0038,-0.0038,-0.0033,-0.0019
"1001",2018-09-10,0.0035,0.0025,-2e-04,0.0034,0.0021,0.0017
"1002",2018-09-11,0.0053,0.0023,0.0016,0.0026,0.0011,0.0033
"1003",2018-09-12,0.0014,4e-04,5e-04,-5e-04,0.0018,2e-04
"1004",2018-09-13,0.0057,0.0058,0.0065,0.0061,0.0053,0.0059
"1005",2018-09-14,0.0017,0.0016,0.0018,8e-04,2e-04,2e-04
"1006",2018-09-17,-0.012,-0.0048,-0.0042,-0.0029,-0.0017,-0.0053
"1007",2018-09-18,0.0107,0.0047,0.0054,0.0025,0.0033,0.0054
"1008",2018-09-19,-0.0041,-2e-04,0.0028,-0.0024,-0.0054,0.0011
"1009",2018-09-20,0.0066,0.0077,0.0086,0.0072,0.006,0.0081
"1010",2018-09-21,-0.001,0.0022,-9e-04,6e-04,0.0023,-9e-04
"1011",2018-09-24,0.0019,-0.0046,-0.0049,-0.0076,-0.0071,-0.0033
"1012",2018-09-25,0.0034,-0.0025,-0.0046,-0.003,-0.001,-9e-04
"1013",2018-09-26,-0.0016,-0.0018,-0.0037,-0.0054,-0.0035,-0.003
"1014",2018-09-27,0.0028,0.0018,0.0023,6e-04,0.0019,0.0028
"1015",2018-09-28,0.0013,0.0014,9e-04,0.0021,0.0048,1e-04
"1016",2018-10-01,0.0052,0.0038,0.0033,-0.003,-2e-04,0.0035
"1017",2018-10-02,-0.0044,8e-04,0.0011,0.0029,4e-04,-6e-04
"1018",2018-10-03,0.0033,-4e-04,0.0061,-0.0031,-0.0037,5e-04
"1019",2018-10-04,-0.0159,-0.0089,-0.0064,-0.0081,-0.0046,-0.0078
