"","date","closeMTUM","closeQUAL","closeVLUE","closeSIZE","closeUSMV","closeSPY"
"1",2013-07-22,54.419,50,54.78,54,33.935,169.5
"2",2013-07-29,54.6,50.05,54.63,53.75,33.83,168.59
"3",2013-08-05,55,50.73,55.31,54.48,33.98,170.7
"4",2013-08-09,54.522,50.378,54.85,54.18,33.83,169.31
"5",2013-08-15,53.038,49.46,54.01,52.96,33.12,166.38
"6",2013-08-19,52.7,49.26,53.58,52.53,32.76,164.77
"7",2013-08-26,53.05,49.89,54.11,53.12,32.97,166
"8",2013-09-06,52.99,50.02,53.9,52.82,32.78,166.04
"9",2013-09-10,53.74,50.59,54.61,53.38,33.25,168.87
"10",2013-09-19,55.41,52.07,55.83,54.94,34.2,172.76
"11",2013-09-30,53.88,50.78,54.15,53.49,33.232,168.01
"12",2013-10-02,54.37,51.108,54.23,53.62,33.34,169.18
"13",2013-10-03,53.85,50.74,54.04,53.306,33.07,167.62
"14",2013-10-08,53.19,49.8,53.61,53.37,32.78,165.48
"15",2013-10-09,52.99,49.84,53.4,52.93,32.8,165.6
"16",2013-10-11,54.585,51,54.82,54.14,33.57,170.26
"17",2013-10-16,55.4396,51.74,55.56,54.565,33.955,172.07
"18",2013-10-21,56.2,52.54,56.2979,55.33,34.37,174.4
"19",2013-10-28,57.04,53.21,56.7,55.92,34.89,176.23
"20",2013-10-29,57.383,53.55,56.92,56.1001,35.1,177.17
"21",2013-11-01,57.03,53.2937,56.5,55.94,34.9,176.21
"22",2013-11-04,56.8934,53.53,56.88,56.11,34.99,176.83
"23",2013-11-11,56.66,53.74,57.25,55.996,34.91,177.32
"24",2013-11-21,57.84,54.87,57.99,56.45,35.29,179.91
"25",2013-11-25,58.48,55,58.3399,56.649,35.39,180.63
"26",2013-12-03,58.09,55.05,57.87,56.18,35.04,179.75
"27",2013-12-06,58.47,55.27,58.35,56.57,35.23,180.94
"28",2013-12-09,58.57,55.44,58.639,56.81,35.19,181.4
"29",2013-12-12,57.78,54.536,57.65,55.7377,34.52,178.13
"30",2013-12-13,58.09,54.41,57.58,55.87,34.54,178.11
"31",2013-12-16,58.3,54.77,57.98,56.1407,34.65,179.216
"32",2013-12-18,59.11,55.3367,58.45,56,35.12,181.7
"33",2013-12-23,59.7399,55.92,58.89,56.92,35.1,182.53
"34",2013-12-26,60.1332,56.39,59.342,57.171,35.314,183.855
"35",2013-12-27,59.85,56.3,59.38,57.41,35.33,183.845
"36",2013-12-31,60.03,56.52,59.544,57.52,35.5,184.69
"37",2014-01-03,59.51,55.99,59.14,57.2099,35.14,182.885
"38",2014-01-07,59.87,56.22,59.46,57.22,35.26,183.48
"39",2014-01-09,60.42,56.1699,59.33,57.1,35.3,183.64
"40",2014-01-13,59.478,55.51,59.11,57.51,35.11,181.685
"41",2014-01-14,60.39,56.15,59.3,57.24,35.32,183.67
"42",2014-01-16,60.43,56.46,59.3899,57.47,35.41,184.42
"43",2014-01-17,60.11,56.31,59.26,57.41,35.3561,183.635
"44",2014-01-22,60.86,56.39,59.43,57.71,35.3675,184.3
"45",2014-01-24,58.6699,54.81,57.63,56.2899,34.56,178.89
"46",2014-01-27,58.0726,56.7,57.34,56.13,34.41,178.01
"47",2014-01-30,59.16,54.4,57.55,56.4,34.6,179.23
"48",2014-02-04,57.68,53.29,56.422,55.304,33.89,175.385
"49",2014-02-07,59.41,54.63,57.15,56.26,34.57,179.68
"50",2014-02-10,59.4923,54.75,57.622,56.543,34.66,180.01
"51",2014-02-13,60.95,55.82,58.716,57.6299,35.26,183.01
"52",2014-02-19,61.18,55.8499,59.02,58.33,35.42,183.02
"53",2014-02-21,61.65,56.15,59.092,58.4455,35.61,183.89
"54",2014-03-03,62.0445,56.2625,59.27,58.6476,35.68,184.98
"55",2014-03-04,63.3,57.21,60.17,59.37,36.17,187.58
"56",2014-03-05,63.4,57.0588,60.14,59.23,36.09,187.75
"57",2014-03-07,63.1,56.942,60.46,59.3,36.16,188.26
"58",2014-03-11,62.682,56.9,60,59.1099,36.09,187.23
"59",2014-03-18,62.73,57.08,60.36,59.3099,36.24,187.66
"60",2014-03-21,61.56,56.44,60.5,59.4636,35.93,186.2
"61",2014-03-24,60.73,56.33,60.1462,58.95,35.78,185.43
"62",2014-03-27,59.6546,55.66,59.72,58.26,35.62,184.58
"63",2014-03-28,59.74,55.8,60.12,58.83,35.71,185.49
"64",2014-03-31,60.34,56.3299,60.55,59.23,36.05,187.01
"65",2014-04-07,58.83,55.4586,59.9496,58.8199,35.63,184.34
"66",2014-04-09,60.27,56.26,60.532,58.76,36.04,187.09
"67",2014-04-10,58.422,55.2188,59.52,58.544,35.52,183.155
"68",2014-04-11,57.6614,54.54,58.9946,57.99,35.26,181.51
"69",2014-04-15,58.5,55.4156,59.74,57.9401,35.73,184.2
"70",2014-04-16,59.3299,56.058,60.25,58.8,36.08,186.125
"71",2014-04-17,59.57,56.17,60.54,59.12,36.1,186.39
"72",2014-04-21,60,56.29,60.61,59.14,36.21,187.04
"73",2014-04-22,60.49,56.602,60.95,59.4,36.29,187.89
"74",2014-04-25,58.95,55.96,60.44,59.144,36.09,186.29
"75",2014-04-28,58.79,56.37,60.6175,58.9568,36.29,186.875
"76",2014-04-30,59.74,56.75,61.0399,59.48,36.53,188.31
"77",2014-05-01,59.88,56.83,61,59.66,36.52,188.325
"78",2014-05-06,59.44,56.5,60.632,59.39,36.25,186.78
"79",2014-05-09,59.6767,56.72,60.6,59.53,36.5,187.96
"80",2014-05-12,60.67,57.3204,61.49,60.079,36.68,189.785
"81",2014-05-13,60.739,57.42,61.64,60.09,36.73,189.96
"82",2014-05-14,60.27,57.08,61.35,60.02,36.635,189.06
"83",2014-05-15,59.6,56.486,60.598,59.3,36.34,187.4
"84",2014-05-20,59.88,56.62,60.73,59.4,36.29,187.55
"85",2014-05-21,60.6,57.02,61.1,59.619,36.49,189.13
"86",2014-05-22,60.99,57.16,61.41,59.92,36.56,189.59
"87",2014-05-23,61.31,57.4479,61.5299,60.1,36.64,190.35
"88",2014-05-27,61.93,57.67,61.77,60.36,36.72,191.52
"89",2014-05-28,61.97,57.6577,61.816,60.52,36.65,191.38
"90",2014-05-29,62.21,57.8799,61.979,60.64,36.82,192.37
"91",2014-06-02,62.35,58.11,62.32,60.9879,36.93,192.895
"92",2014-06-04,62.36,58.11,62.497,60.93,37.04,193.19
"93",2014-06-06,62.82,58.7,63.184,61.68,37.25,195.375
"94",2014-06-09,62.76,58.749,63.2501,61.67,37.24,195.58
"95",2014-06-10,62.77,58.63,63.28,61.506,37.15,195.6
"96",2014-06-18,63.1392,58.33,63.5799,61.55,37.25,196.255
"97",2014-06-20,63.57,58.5697,63.81,62.14,37.46,195.94
"98",2014-06-25,63.33,58.25,63.23,61.69,37.2,195.58
"99",2014-06-26,63.28,58.15,62.878,61.68,37.16,195.44
"100",2014-06-27,63.337,58.28,63.08,61.84,37.22,195.82
"101",2014-07-01,63.81,58.81,63.65,62.2201,37.42,197.03
"102",2014-07-03,64,59.19,64,62.27,37.49,198.2
"103",2014-07-07,63.43,59.01,63.77,61.96,37.42,197.51
"104",2014-07-08,62.92,58.7,63.452,61.6401,37.34,196.24
"105",2014-07-09,63.32,58.89,63.706,61.9,37.47,197.12
"106",2014-07-10,63.11,58.55,63.435,61.69,37.41,196.34
"107",2014-07-16,63.41,58.8,64.0227,62.03,37.6,197.96
"108",2014-07-17,62.53,58.1,63.65,61.56,37.58,195.71
"109",2014-07-21,63.47,58.64,63.85,61.78,37.46,197.34
"110",2014-07-22,63.9,59.05,64.1,61.9332,37.54,198.2
"111",2014-07-24,64.41,59.17,64.33,62.13,37.59,198.65
"112",2014-07-28,64.09,59.11,63.89,61.49,37.51,197.8
"113",2014-07-29,63.88,58.9,64.02,61.9,37.4,196.95
"114",2014-07-30,63.98,58.91,63.7228,61.33,37.33,196.98
"115",2014-07-31,62.6001,57.7499,62.79,60.74,36.69,193.09
"116",2014-08-05,62.38,57.445,61.8501,60.17,36.48,192.01
"117",2014-08-06,62.11,57.6,62.076,60.12,36.57,192.07
"118",2014-08-07,61.7899,57.23,61.682,59.8,36.43,191.03
"119",2014-08-08,62.4599,57.89,62.34,60.48,36.86,193.24
"120",2014-08-11,62.69,58.03,62.6,60.7705,37.03,193.795
"121",2014-08-12,62.63,57.98,62.5,60.645,37.01,193.53
"122",2014-08-13,63.16,58.3545,62.6243,60.87,37.21,194.84
"123",2014-08-14,63.5,58.63,63.04,61.2515,37.43,195.76
"124",2014-08-15,63.64,58.69,63.03,61.61,37.41,195.72
"125",2014-08-18,64.05,59.28,63.54,61.84,37.66,197.36
"126",2014-08-19,64.5065,59.7224,63.95,62.21,37.87,198.39
"127",2014-08-20,64.77,59.9701,64.15,62.3101,37.91,198.92
"128",2014-08-21,64.89,60.03,64.42,62.5148,38.03,199.5
"129",2014-08-22,64.92,60.02,64.18,62.37,37.9,199.19
"130",2014-08-25,65.25,60.251,64.55,62.63,38.04,200.2
"131",2014-08-26,65.31,60.36,64.66,62.6599,38.02,200.33
"132",2014-08-29,65.48,60.2599,64.609,62.84,38.15,200.71
"133",2014-09-02,65.6752,60.4,64.62,62.86,38.11,200.61
"134",2014-09-04,65.56,60.01,64.5599,62.82,38.14,200.2101
"135",2014-09-05,65.95,60.27,64.8,62.95,38.36,201.11
"136",2014-09-09,65.48,59.89,64.3575,62.72,38.05,199.32
"137",2014-09-12,65.29,59.84,64.0201,62.257,37.79,199.13
"138",2014-09-15,64.94,59.68,64.12,62.18,37.85,198.981
"139",2014-09-16,65.66,60.1728,64.1,62.67,38.11,200.48
"140",2014-09-18,66.12,60.5799,65.0889,62.64,38.22,201.82
"141",2014-09-22,65.29,60.14,64.4,62.2501,38.04,199.15
"142",2014-09-23,65.06,59.82,64.04,61.7919,37.84,198.01
"143",2014-09-24,65.58,60.2395,64.2099,62.049,37.95,199.56
"144",2014-09-25,64.69,59.22,63.35,61.329,37.53,196.34
"145",2014-09-30,64.87,59.6099,63.44,61.39,37.68,197.02
"146",2014-10-01,63.915,58.7699,62.45,60.68,37.39,194.35
"147",2014-10-02,63.87,58.78,62,60.82,37.44,194.38
"148",2014-10-03,64.8,59.3899,63.0305,61.4552,37.85,196.52
"149",2014-10-06,64.64,59.2708,63.22,61.34,37.83,196.29
"150",2014-10-07,63.52,58.41,62.408,61.16,37.41,193.26
"151",2014-10-08,64.793,59.48,63.252,61.318,38.04,196.64
"152",2014-10-09,63.25,58.42,61.92,60.72,37.42,192.74
"153",2014-10-10,62.329,57.5999,61.09,59.902,37.25,190.54
"154",2014-10-14,60.6001,56.7,60.26,59.29,37.03,187.7
"155",2014-10-15,60.29,56.4065,59.6199,58.41,36.73,186.43
"156",2014-10-16,60.682,56.3879,59.71,59.16,37.04,186.27
"157",2014-10-20,62.2,57.3,61.13,60.13,37.36,190.3
"158",2014-10-22,63.29,58.11,61.98,61.09,37.84,192.69
"159",2014-10-23,64.278,58.93,62.54,61.71,38.1,194.93
"160",2014-10-24,64.96,59.354,62.8,62.12,38.41,196.43
"161",2014-10-28,65.56,60.06,63.0201,62.355,38.72,198.41
"162",2014-10-30,65.66,60.63,63.6818,62.97,39.82,199.38
"163",2014-10-31,66.359,61.2,64.37,63.6136,39.28,201.66
"164",2014-11-03,66.46,61.11,64.77,63.7988,39.33,201.77
"165",2014-11-04,66.35,60.95,64.46,63.6,39.4,201.07
"166",2014-11-05,66.68,61.09,64.8599,63.96,39.6,202.34
"167",2014-11-10,66.99,61.64,65.4,64.46,39.85,203.98
"168",2014-11-12,67.05,61.79,65.358,64.3501,39.82,203.96
"169",2014-11-17,66.96,61.64,65.32,64.45,39.92,204.37
"170",2014-11-19,67.483,61.79,65.76,64.68,40.09,205.22
"171",2014-11-25,68.25,62.44,66.56,65.439,40.28,207.11
"172",2014-11-26,68.73,62.58,66.3,65.4892,40.46,207.64
"173",2014-11-28,68.85,62.6,66,65.621,40.68,207.2
"174",2014-12-01,68.37,62.29,65.6138,65.24,40.53,205.76
"175",2014-12-02,68.82,62.61,66.181,65.42,40.67,207.085
"176",2014-12-03,68.95,62.91,66.411,65.6961,40.74,207.89
"177",2014-12-08,68.97,62.5,65.9348,65.45,40.63,206.61
"178",2014-12-10,67.91,61.546,64.84,64.6,40.04,203.1601
"179",2014-12-11,68.2787,61.88,65.14,65.22,40.285,204.19
"180",2014-12-12,67.51,61,64.6199,64.2439,39.76,200.89
"181",2014-12-15,67.04,60.7,63.54,63.57,39.56,199.51
"182",2014-12-18,69.2,62.71,65.54,65.078,40.79,206.78
"183",2014-12-19,69.23,62.979,66.207,65.84,40.88,206.52
"184",2014-12-23,68.879,62.999,66.9971,66.659,41.18,207.75
"185",2014-12-26,69.06,63.03,66.73,66.51,41.07,208.44
"186",2014-12-29,69.04,63.05,66.8462,66.62,41.11,208.72
"187",2014-12-30,68.5,62.81,66.56,66.3,40.94,207.6
"188",2014-12-31,68.06,62.25,66.01,65.53,40.48,205.54
"189",2015-01-02,67.95,62.24,65.3901,65.32,40.51,205.43
"190",2015-01-06,66.5,60.7699,64.03,64.27,40.02,199.82
"191",2015-01-07,67.6,61.46,64.54,64.86,40.53,202.31
"192",2015-01-08,68.98,62.61,65.849,65.83,41.13,205.9
"193",2015-01-09,68.62,62.07,65.2305,65.4,40.89,204.25
"194",2015-01-12,68.22,61.56,64.55,64.9,40.71,202.65
"195",2015-01-13,67.99,61.3881,64.37,64.81,40.67,202.08
"196",2015-01-14,67.76,61.15,63.8582,64.41,40.53,200.86
"197",2015-01-15,67.31,60.5799,63.29,64.34,40.47,199.0199
"198",2015-01-16,68.13,61.3999,64.135,64.52,40.91,201.63
"199",2015-01-20,68.5,61.68,63.93,64.935,40.98,202.055
"200",2015-01-21,68.77,61.7996,64.41,65.16,41.045,203.08
"201",2015-01-22,69.95,62.79,64.88,66.09,41.65,206.1
"202",2015-01-23,69.81,62.65,65.09,66.012,41.43,204.97
"203",2015-01-26,69.88,62.76,64.99,66.19,41.52,205.45
"204",2015-01-27,68.99,61.71,64.72,65.71,41.22,202.74
"205",2015-01-28,68.2,61.13,63.4,65.72,40.75,200.14
"206",2015-01-29,68.85,61.7225,63.93,65.26,40.96,201.9902
"207",2015-01-30,67.59,61.17,63.29,64.4924,40.28,199.45
"208",2015-02-02,68.09,61.72,63.1099,64.72,40.63,201.92
"209",2015-02-03,68.74,62.65,65.29,65.8764,41.08,204.84
"210",2015-02-04,68.63,62.2,65.468,65.78,40.98,204.06
"211",2015-02-05,69.375,62.96,65.79,66.49,41.38,206.12
"212",2015-02-06,68.71,62.54,66.0443,66.1612,41.02,205.55
"213",2015-02-10,69.23,63,65.97,66.354,41.23,206.81
"214",2015-02-11,69.59,63.03,66.067,66.285,41.25,206.93
"215",2015-02-12,70.04,63.546,66.72,66.85,41.45,208.92
"216",2015-02-13,70.13,63.94,67.0099,66.88,41.48,209.78
"217",2015-02-17,70.43,63.98,67.18,67.0718,41.5,210.11
"218",2015-02-18,70.64,64.11,67.04,66.86,41.64,210.13
"219",2015-02-20,71.26,64.7,67.07,67.1525,41.73,211.239
"220",2015-02-23,71.51,64.75,67.15,67.46,41.78,211.209
"221",2015-02-24,71.59,64.89,67.42,67.585,41.8,211.81
"222",2015-02-25,71.42,64.99,67.34,67.59,41.81,211.63
"223",2015-03-02,71.7,65.35,67.4,67.43,41.89,211.99
"224",2015-03-03,71.22,64.98,66.94,67.34,41.73,211.12
"225",2015-03-04,71.13,64.7072,66.71,66.91,41.54,210.2301
"226",2015-03-05,71.29,64.91,66.8099,67.17,41.69,210.46
"227",2015-03-06,70.15,63.9299,65.76,66.1606,40.95,207.5
"228",2015-03-09,70.58,64.29,66.18,66.43,41.14,208.36
"229",2015-03-10,69.49,63.22,65.06,65.6796,40.61,204.98
"230",2015-03-11,69.34,62.9,65.078,65.58,40.52,204.5
"231",2015-03-12,70.12,63.56,65.618,66.214,41.05,207.1
"232",2015-03-13,69.82,63.13,65.43,66.08,40.85,205.8272
"233",2015-03-16,70.89,64.06,66.19,66.8199,41.41,208.58
"234",2015-03-17,70.9358,63.78,66.07,66.6,41.23,207.96
"235",2015-03-18,71.7,64.56,66.8,67.76,41.73,210.46
"236",2015-03-19,71.8,64.5499,66.3876,67.21,41.6,209.5
"237",2015-03-20,72.3399,65.17,67.233,67.96,41.93,210.41
"238",2015-03-23,71.97,65.1599,67.1,67.87,42,210
"239",2015-03-24,71.61,64.71,66.62,67.4499,41.75,208.82
"240",2015-03-25,69.92,63.5599,65.566,66.22,41.05,205.76
"241",2015-03-26,69.9372,63.46,65.3,66.053,40.92,205.27
"242",2015-03-27,70.46,63.49,65.2287,66.215,41.1,205.74
"243",2015-03-30,71.11,64.22,66.1,67.19,41.55,208.25
"244",2015-04-01,69.72,63.23,65.57,66.58,41.16,205.7
"245",2015-04-02,69.89,63.35,65.628,66.8,41.24,206.435
"246",2015-04-06,70.236,63.6972,66.26,67.294,41.47,207.83
"247",2015-04-07,70.22,63.8199,65.97,67.26,41.31,207.28
"248",2015-04-08,70.46,63.9,66.02,67.0601,41.43,207.975
"249",2015-04-09,70.701,64.22,66.2798,67.16,41.5,208.9
"250",2015-04-10,71.1,64.38,66.678,67.5,41.61,210.04
"251",2015-04-13,70.73,64.17,66.6316,67.2004,41.43,209.09
"252",2015-04-14,70.65,64.0076,66.6,67.2412,41.52,209.49
"253",2015-04-16,70.92,64.25,66.98,67.341,41.52,210.37
"254",2015-04-17,70.06,63.44,66.28,66.49,41.11,207.95
"255",2015-04-20,70.82,64.14,66.946,67.24,41.46,209.85
"256",2015-04-22,71.27,64.58,66.47,67.35,41.58,210.63
"257",2015-04-23,71.37,64.89,67.2,67.63,41.735,211.16
"258",2015-04-24,71.49,65.134,67.09,67.32,41.8,211.6499
"259",2015-04-27,70.9348,64.88,67.098,67.28,41.51,210.77
"260",2015-04-28,71,64.95,67.2266,67.09,41.68,211.44
"261",2015-04-29,70.54,64.5808,67.0212,66.7944,41.36,210.57
"262",2015-04-30,69.565,63.72,66.54,66.22,41.02,208.46
"263",2015-05-01,70.6299,64.63,67.0101,66.7414,41.33,210.72
"264",2015-05-04,70.8,64.77,67.45,67.2495,41.45,211.32
"265",2015-05-05,69.748,64.1,66.67,66.21,41,208.9
"266",2015-05-06,69.47,63.74,66.38,65.86,40.9,208.04
"267",2015-05-07,70.06,64.08,66.5503,66.41,41.12,208.87
"268",2015-05-08,70.96,65.04,67.3416,67.1524,41.59,211.62
"269",2015-05-12,70.48,64.64,66.9399,66.76,41.29,209.98
"270",2015-05-13,70.56,64.62,66.79,66.69,41.25,210.02
"271",2015-05-15,71.7,65.4499,67.51,67.2601,41.88,212.44
"272",2015-05-18,72.08,65.63,67.7,67.6494,41.94,213.1
"273",2015-05-20,72.04,65.62,67.836,67.801,41.945,212.88
"274",2015-05-21,72.14,65.73,67.82,67.7006,41.92,213.5
"275",2015-05-22,72.03,65.53,67.89,67.72,41.81,212.99
"276",2015-05-26,71.3,64.73,66.9499,66.94,41.45,210.7
"277",2015-05-27,72.241,65.26,67.434,67.36,41.72,212.7
"278",2015-05-28,72.1395,65.2222,67.55,67.4,41.69,212.46
"279",2015-05-29,71.91,64.69,67.15,67.299,41.44,211.14
"280",2015-06-03,71.77,64.92,67.3995,67.2101,41.4,211.92
"281",2015-06-05,71,64.2,66.8812,66.5869,40.88,209.77
"282",2015-06-08,70.58,63.79,66.6299,66.43,40.7,208.48
"283",2015-06-09,70.64,63.78,66.66,66.12,40.63,208.45
"284",2015-06-10,71.5,64.65,67.334,66.84,40.98,210.95
"285",2015-06-11,71.7,64.91,67.44,67.03,41.19,211.63
"286",2015-06-12,71.31,64.39,66.93,66.7199,40.94,210.01
"287",2015-06-15,71.26,64.05,66.62,66.33,40.72,209.11
"288",2015-06-16,71.73,64.47,66.9668,66.694,40.99,210.25
"289",2015-06-18,72.863,65.3899,67.71,67.54,41.58,212.78
"290",2015-06-19,72.8,65.18,67.444,67.37,41.41,210.81
"291",2015-06-22,73.13,65.4099,67.74,67.5801,41.53,211.89
"292",2015-06-24,72.4,64.6412,66.983,66.76,40.99,210.5
"293",2015-06-29,71.23,62.91,65.55,65.3,40.28,205.42
"294",2015-06-30,71.44,63.2,65.7,65.443,40.32,205.85
"295",2015-07-01,72.11,63.52,65.75,65.84,40.8,207.5
"296",2015-07-07,72.2499,63.79,65.84,66.27,41.25,208.02
"297",2015-07-08,71.19,62.82,64.66,65.3201,40.81,204.53
"298",2015-07-10,72.59,63.67,65.68,66.12,41.24,207.48
"299",2015-07-14,73.78,64.8,66.6733,66.9008,41.62,210.68
"300",2015-07-15,73.64,64.76,66.48,66.77,41.59,210.61
"301",2015-07-20,74.2999,65.81,66.865,66.84,41.79,212.59
"302",2015-07-21,73.88,65.62,66.4279,66.85,41.6,211.75
"303",2015-07-27,72.8,63.62,64.83,65.2705,41.14,206.79
"304",2015-07-28,73.729,64.465,65.63,65.5801,41.57,209.33
"305",2015-07-31,74.1504,65.02,65.91,67.07,41.94,210.5
"306",2015-08-03,74.07,64.76,65.7701,66.71,41.98,209.79
"307",2015-08-05,74.09,65.31,65.64,66.99,42.2,210.07
"308",2015-08-06,72.76,64.52,65.37,66.256,41.95,208.35
"309",2015-08-10,73.2569,65.12,66.02,67.15,42.21,210.57
"310",2015-08-11,72.82,64.61,65.31,66.7268,42.12,208.67
"311",2015-08-12,72.59,64.7,65.34,66.03,42.24,208.92
"312",2015-08-13,72.85,64.71,65.63,66.702,42.25,208.66
"313",2015-08-14,73.03,64.86,65.61,66.975,42.45,209.42
"314",2015-08-17,73.768,65.2,65.85,67.4766,42.63,210.59
"315",2015-08-18,73.67,65.1214,65.77,67.34,42.62,209.98
"316",2015-08-19,73.38,64.87,65.2409,67.06,42.47,208.32
"317",2015-08-20,71.58,63.52,63.94,65.9,41.86,203.97
"318",2015-08-21,69.2,61.275,62.15,64.22,40.78,197.63
"319",2015-08-24,66.46,58.94,59.71,61.2812,39.25,189.55
"320",2015-08-25,66.28,58.25,59.99,62.18,38.58,187.27
"321",2015-08-26,68.91,60.93,60.55,62.38,39.75,194.46
"322",2015-08-27,70.6,62.16,61.95,63.838,40.48,199.27
"323",2015-08-28,70.47,62.18,62.144,63.6299,40.44,199.28
"324",2015-08-31,69.7,61.5,62.1,63.32,40.04,197.67
"325",2015-09-01,67.81,59.82,60.06,61.57,39.09,191.77
"326",2015-09-02,69.34,60.8599,60.58,62.28,39.65,195.41
"327",2015-09-03,69.33,60.99,61.4052,62.88,39.74,195.55
"328",2015-09-04,68.6399,60.12,60.59,62,39.2,192.59
"329",2015-09-08,70.31,61.59,61.86,63.15,40.02,197.43
"330",2015-09-14,70.1661,61.11,61.42,62.73,39.7,196.01
"331",2015-09-17,71.75,62.2499,62.8999,64.68,40.52,199.73
"332",2015-09-18,70.7099,61.31,61.41,63.354,40.13,195.45
"333",2015-09-22,70.39,61.07,60.59,62.4326,39.96,193.91
"334",2015-09-23,70.48,60.93,60.5,62.5435,40.04,193.6
"335",2015-09-24,69.95,60.76,60.31,62.205,40.01,192.9
"336",2015-09-25,69.365,60.56,59.97,62.47,39.82,192.85
"337",2015-09-28,67.1999,59.23,58.44,61.1501,39.02,188.01
"338",2015-09-29,66.7,59.41,58.472,60.51,39.1,188.12
"339",2015-09-30,68.21,60.45,59.96,61.78,39.59,191.63
"340",2015-10-01,68.79,60.44,59.69,61.67,39.64,192.13
"341",2015-10-02,69.79,61.24,60.505,62.56,40.14,195
"342",2015-10-05,70.515,62.21,62.28,63.66,40.71,198.47
"343",2015-10-06,69.62,61.99,62.26,63.38,40.4,197.79
"344",2015-10-07,69.83,62.49,62.95,63.98,40.69,199.41
"345",2015-10-08,70.3,63.1,63.66,64.66,41,201.21
"346",2015-10-09,70.68,63.15,63.5566,64.51,41.08,201.33
"347",2015-10-13,70.55,62.62,63.32,64.3,41.03,200.25
"348",2015-10-15,70.96,63.19,63.78,64.68,41.19,202.35
"349",2015-10-16,71.55,63.55,63.8367,64.86,41.52,203.27
"350",2015-10-19,71.88,63.63,63.96,64.95,41.61,203.37
"351",2015-10-20,71.27,63.65,63.88,65.04,41.54,203.09
"352",2015-10-21,70.7,63.5,63.2939,64.81,41.39,201.85
"353",2015-10-22,71.17,64.92,64.17,65.58,41.99,205.26
"354",2015-10-23,72.11,65.53,64.69,65.6916,42.01,207.51
"355",2015-10-26,72.51,65.47,64.27,65.59,42.03,207
"356",2015-10-27,72.76,65.33,63.88,65.38,41.97,206.6
"357",2015-10-28,73.35,65.98,64.9,65.85,42.21,208.95
"358",2015-10-30,73.2,65.68,64.34,65.9705,41.96,207.93
"359",2015-11-02,73.57,66.32,65.17,66.48,42.34,210.39
"360",2015-11-03,73.42,66.64,65.25,66.19,42.3,211
"361",2015-11-05,73.925,66.15,64.8338,66.139,42.13,210.15
"362",2015-11-11,73.22,65.42,64.0537,65.8076,41.68,207.74
"363",2015-11-12,72.23,64.51,63.28,65,41.19,204.84
"364",2015-11-18,73.4999,65.73,64,65.58,41.85,208.73
"365",2015-11-19,73.05,65.75,63.75,65.7837,41.86,208.55
"366",2015-11-24,73.85,66.18,63.97,65.73,41.98,209.35
"367",2015-11-25,74.1,66.23,63.9754,66.21,41.99,209.32
"368",2015-11-27,74.26,66.31,64.0305,66.15,42.07,209.56
"369",2015-11-30,73.59,65.97,63.9001,66.35,41.87,208.69
"370",2015-12-01,74.44,66.41,64.47,66.63,42.32,210.68
"371",2015-12-02,74.05,65.89,63.8599,65.965,41.92,208.529
"372",2015-12-03,72.84,64.9,62.9301,64.85,41.37,205.61
"373",2015-12-07,74.13,66.01,63.62,65.7499,42.129,208.35
"374",2015-12-08,74.21,65.63,62.88,65.28,42.04,206.949
"375",2015-12-09,73.17,65.04,62.4679,64.735,41.68,205.34
"376",2015-12-10,73.23,65.24,63.28,64.9242,41.66,205.87
"377",2015-12-11,71.97,63.94,61.64,63.72,41.16,201.88
"378",2015-12-14,72.72,64.37,61.35,63.76,41.45,202.9008
"379",2015-12-15,73.15,64.96,62.44,64.45,41.8,205.0308
"380",2015-12-16,74.3,65.78,63.32,65.32,42.4,208.03
"381",2015-12-17,73.45,64.86,62.25,64.4301,41.97,204.86
"382",2015-12-18,72.33,63.66,61.5185,63.818,41.37,200.0208
"383",2015-12-21,72.97,64.22,61.79,63.8,41.65,201.67
"384",2015-12-22,73.39,64.76,62.45,64.0155,41.97,203.5
"385",2015-12-23,73.83,65.51,63.43,65.25,42.37,206.02
"386",2015-12-28,73.64,65.01,62.42,64.83,42.09,205.21
"387",2015-12-29,74.53,65.7,63.16,65.45,42.44,207.4
"388",2015-12-30,74.13,65.26,62.6101,65.2897,42.26,205.93
"389",2016-01-04,71.81,63.62,61.18,63.2,41.3,201.0192
"390",2016-01-06,71.77,63.03,60.16,62.86,41.32,198.82
"391",2016-01-07,70.17,61.53,58.86,61.78,40.65,194.05
"392",2016-01-08,69.5,60.83,58.218,61.04,40.24,191.923
"393",2016-01-11,69.92,60.92,57.86,60.6848,40.3,192.11
"394",2016-01-12,70.67,61.54,58.28,61.19,40.51,193.6608
"395",2016-01-13,68.49,60.1453,56.758,59.86,39.87,188.83
"396",2016-01-14,69.26,61.05,57.32,60.62,40.28,191.93
"397",2016-01-15,67.95,59.85,55.83,59.54,39.76,187.81
"398",2016-01-20,67.79,59.18,54.75,58.91,39.41,185.65
"399",2016-01-21,68.02,59.44,54.99,59.31,39.53,186.69
"400",2016-01-22,69.36,60.73,55.88,60.296,40.28,190.52
"401",2016-01-25,68.62,59.8,54.84,59.31,39.94,187.64
"402",2016-01-26,69.22,60.69,55.82,60.2,40.46,190.2
"403",2016-01-27,68.19,59.93,55.61,59.83,40.225,188.13
"404",2016-01-28,69.18,60.14,55.49,59.932,40.28,189.11
"405",2016-01-29,70.5,61.59,56.84,61.39,41.24,193.7208
"406",2016-02-01,70.88,61.64,57.25,61.3952,41.39,193.65
"407",2016-02-02,69.87,60.61,55.51,60.4,40.96,190.16
"408",2016-02-03,69.14,61.05,55.86,60.53,41.06,191.3
"409",2016-02-04,68.44,61.17,56.15,61.1,40.94,191.6
"410",2016-02-05,66.39,60.06,55.53,60.83,40.46,187.95
"411",2016-02-08,64.88,59.44,54.6099,59.08,40.09,185.42
"412",2016-02-09,65.23,59.59,54.45,59.15,40.1,185.43
"413",2016-02-10,65.94,59.66,54.4,59.26,40.2,185.27
"414",2016-02-11,65.43,58.93,53.5399,58.25,39.84,182.86
"415",2016-02-12,66.32,59.97,54.96,59.3618,40.39,186.63
"416",2016-02-16,67.46,60.93,56.23,60.5199,40.88,189.78
"417",2016-02-17,68.54,61.83,57.245,61.4099,41.26,192.88
"418",2016-02-18,67.97,61.7,56.9693,61.2591,41.35,192.09
"419",2016-02-19,68.36,61.64,56.68,61.187,41.38,192
"420",2016-02-22,69.39,62.37,57.87,62.0598,41.78,194.78
"421",2016-02-23,69.05,61.69,57.07,61.76,41.58,192.32
"422",2016-02-24,69.45,62.02,57.32,61.87,41.77,193.2
"423",2016-02-26,70.26,62.42,58.03,62.81,41.95,195.0892
"424",2016-02-29,69.6,61.96,57.8732,62.146,41.67,193.56
"425",2016-03-01,71.2,63.36,59.03,63.124,42.31,198.11
"426",2016-03-03,71.01,63.55,59.93,63.65,42.52,199.775
"427",2016-03-07,70.16,63.73,60.62,64.3624,42.59,200.59
"428",2016-03-09,70.25,63.43,59.99,64.06,42.59,199.38
"429",2016-03-10,70.3299,63.48,60.16,63.8001,42.65,199.54
"430",2016-03-16,71.95,64.74,61.22,65.3599,43.35,203.34
"431",2016-03-17,71.91,65.25,61.59,65.9355,43.6,204.63
"432",2016-03-18,72.05,65.4,62.1,66.1799,43.68,204.38
"433",2016-03-21,72.18,65.54,62.16,66.11,43.64,204.67
"434",2016-03-22,72.21,65.51,62.09,66.16,43.57,204.56
"435",2016-03-23,71.93,64.875,60.83,65.34,43.29,203.2092
"436",2016-03-28,72.12,64.89,60.79,65.42,43.39,203.24
"437",2016-03-30,73.3,65.79,61.5,66.428,43.99,206.02
"438",2016-04-01,73.9,66.12,61.43,66.5224,44.3,206.92
"439",2016-04-04,73.53,65.89,61.03,66.25,44.22,206.25
"440",2016-04-05,72.77,65.43,60.4,65.72,43.85,204.1892
"441",2016-04-07,72.96,65.34,60.18,65.334,43.88,203.95
"442",2016-04-08,72.84,65.5,60.34,65.741,43.98,204.4992
"443",2016-04-11,72.39,65.33,60.25,65.7307,43.81,204.0201
"444",2016-04-12,72.81,65.92,60.86,66.0099,44.08,205.92
"445",2016-04-13,73.22,66.47,61.81,66.629,44.09,208.0008
"446",2016-04-18,73.85,66.86,62.02,67.05,44.45,209.2392
"447",2016-04-19,73.59,67.01,62.58,67.26,44.54,209.9
"448",2016-04-20,73.72,66.96,63,67.4301,44.29,210.1
"449",2016-04-21,73.24,66.57,62.68,66.601,43.76,208.97
"450",2016-04-25,72.9,66.46,62.73,66.73,44,208.61
"451",2016-04-26,72.82,66.56,63.05,67.1999,43.97,208.9192
"452",2016-04-27,72.81,66.6,63.39,67.36,44.12,209.35
"453",2016-04-28,72.52,65.98,62.7,67.534,43.92,207.4475
"454",2016-04-29,72.64,65.36,61.81,66.3417,43.77,206.3308
"455",2016-05-02,73.56,65.95,62.03,67,44.15,207.97
"456",2016-05-03,73.06,65.43,61.31,66.62,44,206.1592
"457",2016-05-04,72.99,65.02,60.66,66.3599,44.05,205.01
"458",2016-05-05,72.87,65.05,60.51,66.5916,44.08,204.97
"459",2016-05-06,73.33,65.2,60.78,66.56,44.22,205.72
"460",2016-05-09,73.85,65.34,60.64,66.76,44.41,205.8892
"461",2016-05-10,74.84,66.08,61.43,67.54,44.78,208.45
"462",2016-05-11,74.03,65.38,60.79,67.05,44.41,206.5
"463",2016-05-12,74.21,65.51,60.57,66.87,44.55,206.56
"464",2016-05-13,73.8,64.93,59.99,66.2617,44.25,204.76
"465",2016-05-16,74.28,65.55,60.7,67.03,44.63,206.78
"466",2016-05-17,73.25,64.94,60.39,66.35,44.02,204.8508
"467",2016-05-18,73.23,64.84,60.44,66.15,43.76,204.91
"468",2016-05-20,73.31,64.8671,60.99,66.32,43.84,205.49
"469",2016-05-23,73.01,64.76,60.98,66.44,43.73,205.21
"470",2016-05-24,74.18,65.75,61.78,67.12,44.17,207.87
"471",2016-05-25,74.22,66.03,62.4,67.532,44.25,209.28
"472",2016-05-26,74.37,66.01,62.35,67.56,44.38,209.34
"473",2016-05-27,74.62,66.24,62.63,67.72,44.49,210.24
"474",2016-05-31,74.42,66.06,62.72,67.96,44.46,209.84
"475",2016-06-01,74.63,66.16,62.7,67.95,44.54,210.27
"476",2016-06-02,74.83,66.21,62.95,68.3,44.72,210.91
"477",2016-06-03,75.12,66.08,62.6,68.16,44.83,210.28
"478",2016-06-06,75.08,66.5,63.02,68.245,44.8,211.35
"479",2016-06-07,75.1,66.45,63.29,68.49,44.86,211.68
"480",2016-06-08,75.56,66.65,63.44,68.75,45.1,212.37
"481",2016-06-09,75.8403,66.57,63.26,68.63,45.24,212.08
"482",2016-06-10,75.4,66.03,62.53,68.02,45.06,210.07
"483",2016-06-13,74.92,65.51,61.86,67.59,44.8,208.4492
"484",2016-06-14,75,65.42,61.46,67.3732,44.86,208.04
"485",2016-06-16,75.13,65.57,61.45,67.2591,45.03,208.37
"486",2016-06-17,74.66,65.31,61.6,67.47,44.83,206.52
"487",2016-06-20,75.1,65.73,61.99,68.02,45.02,207.85
"488",2016-06-21,75.04,65.48,61.76,67.78,44.93,208.44
"489",2016-06-22,74.86,65.38,61.65,68.01,44.92,208.1
"490",2016-06-23,75.54,66.21,62.63,68.3199,45.31,210.81
"491",2016-06-24,73.94,63.9201,60.03,66.24,44.51,203.13
"492",2016-06-27,73.59,62.94,58.44,64.8305,44.29,199.6
"493",2016-06-28,74.49,63.98,59.6,65.38,44.82,203.1997
"494",2016-06-29,75.34,65.03,60.7,67.1745,45.42,206.66
"495",2016-06-30,76.4,66,61.63,68.1,46.21,209.475
"496",2016-07-01,76.47,66.12,61.76,68.418,46.29,209.9208
"497",2016-07-05,76.72,65.73,60.9,67.82,46.42,208.41
"498",2016-07-06,77.19,66,61.33,67.84,46.53,209.66
"499",2016-07-07,76.78,65.96,61.4,68.19,46.31,209.526
"500",2016-07-08,77.7,66.87,62.54,69.2192,46.83,212.65
"501",2016-07-11,77.86,67.05,62.82,69.44,46.87,213.4
"502",2016-07-12,77.68,67.41,63.64,69.79,46.76,214.95
"503",2016-07-14,77.94,67.71,64.1,70,47,216.12
"504",2016-07-15,77.85,67.72,64.09,69.9,46.91,215.83
"505",2016-07-18,78.02,67.84,64.29,70.052,46.88,216.4092
"506",2016-07-19,78.2,67.88,64.17,69.93,46.93,216.19
"507",2016-07-20,78.34,68.19,64.55,70.27,46.96,217.085
"508",2016-07-21,77.95,67.92,64.32,69.97,46.9,216.265
"509",2016-07-22,78.49,68.25,64.61,70.0901,47.18,217.24
"510",2016-07-25,78.28,68.15,64.48,70.27,47.05,216.65
"511",2016-07-26,78.03,67.98,64.66,70.565,46.96,216.75
"512",2016-07-27,77.77,67.94,64.62,70.25,46.69,216.52
"513",2016-07-28,78.14,67.96,64.411,70.359,46.79,216.77
"514",2016-07-29,78.45,68.01,64.42,70.425,46.89,217.12
"515",2016-08-01,78.57,67.94,64.13,70.28,46.96,216.94
"516",2016-08-02,78.23,67.69,63.32,69.53,46.75,215.5492
"517",2016-08-03,77.92,67.79,63.8101,69.8489,46.4,216.18
"518",2016-08-04,78.09,67.77,63.82,69.948,46.54,216.4097
"519",2016-08-05,78.34,68.34,64.64,70.3107,46.68,218.18
"520",2016-08-08,78.15,68.3,64.6,70.3507,46.56,218.05
"521",2016-08-09,78.35,68.25,64.66,70.285,46.66,218.18
"522",2016-08-10,78.47,68.13,64.34,70.1,46.69,217.64
"523",2016-08-11,78.71,68.49,64.81,70.53,46.77,218.65
"524",2016-08-12,78.68,68.4,64.77,70.51,46.71,218.46
"525",2016-08-15,78.46,68.59,65.21,70.66,46.64,219.09
"526",2016-08-16,77.7,68.17,64.9818,70.3599,46.22,217.96
"527",2016-08-17,77.96,68.37,64.97,70.1,46.33,218.37
"528",2016-08-18,77.99,68.42,65.21,70.4948,46.48,218.86
"529",2016-08-19,77.73,68.4101,65.17,70.55,46.32,218.54
"530",2016-08-24,77.44,68.24,65.03,70.34,46.15,217.85
"531",2016-08-26,77.1728,68.04,64.85,70.02,45.94,217.29
"532",2016-08-29,77.67,68.28,65.26,70.56,46.25,218.3608
"533",2016-08-30,77.34,68.04,65.28,70.4799,45.99,218
"534",2016-08-31,77.28,67.86,65.22,69.969,45.97,217.38
"535",2016-09-02,77.82,68.13,65.4,70.47,46.27,218.37
"536",2016-09-06,78.27,68.21,65.53,70.7,46.43,219.0308
"537",2016-09-07,78.06,68.22,65.67,70.75,46.4,219.01
"538",2016-09-08,77.69,67.93,65.63,70.7,46.14,218.51
"539",2016-09-09,75.61,66.3925,64.15,68.985,44.9,213.28
"540",2016-09-12,76.75,67.27,65.13,69.15,45.54,216.34
"541",2016-09-13,75.68,66.49,64.38,68.5508,44.89,213.23
"542",2016-09-15,76.5,67.14,64.93,69.1895,45.23,215.28
"543",2016-09-16,76.4,66.84,64.835,68.7201,45.11,213.37
"544",2016-09-19,76.51,66.92,64.87,69.2,45.21,213.41
"545",2016-09-21,77.67,67.71,65.47,69.33,45.88,215.82
"546",2016-09-22,78.26,68.07,65.8,70.5,46.17,217.18
"547",2016-09-23,77.91,67.64,65.53,70.1938,45.97,215.99
"548",2016-09-26,77.13,66.89,64.41,69.341,45.48,214.24
"549",2016-09-27,77.6345,67.27,64.84,69.4979,45.62,215.57
"550",2016-09-28,77.75,67.47,65.22,69.5499,45.66,216.64
"551",2016-09-29,77.1,66.88,64.49,69.4166,45.23,214.68
"552",2016-09-30,77.37,67.49,65.28,69.789,45.43,216.3
"553",2016-10-03,77.09,67.28,65.14,69.34,45.11,215.78
"554",2016-10-04,76.34,66.85,64.9889,69.07,44.67,214.68
"555",2016-10-05,76.29,67.1,65.558,69.135,44.57,215.63
"556",2016-10-06,76.52,67.16,65.535,69.2099,44.6,215.78
"557",2016-10-07,76.22,66.96,65.18,68.88,44.55,215.04
"558",2016-10-10,76.56,67.29,65.62,69.1565,44.77,216.16
"559",2016-10-11,75.61,66.55,64.76,68.25,44.21,213.43
"560",2016-10-12,76.11,66.64,64.71,68.53,44.44,213.71
"561",2016-10-13,76.03,66.49,64.41,68.25,44.47,213.01
"562",2016-10-14,75.95,66.56,64.34,68.705,44.45,213.12
"563",2016-10-17,75.81,66.45,64.18,68.18,44.35,212.38
"564",2016-10-18,76.21,66.48,64.72,68.55,44.55,213.71
"565",2016-10-19,76.17,66.6,64.81,68.67,44.51,214.28
"566",2016-10-20,76.08,66.39,64.77,68.46,44.35,213.88
"567",2016-10-21,76.14,66.28,64.57,68.35,44.23,213.98
"568",2016-10-24,76.65,66.58,64.86,68.72,44.38,214.89
"569",2016-10-25,76.22,66.28,64.62,68.42,44.29,214.17
"570",2016-10-27,75.27,66.09,64.37,67.88,43.82,213.17
"571",2016-10-28,75.43,66.11,64.33,68.2202,43.91,212.54
"572",2016-11-01,75.14,65.65,64.06,67.4762,43.71,211.01
"573",2016-11-02,74.62,65.32,63.84,67.115,43.64,209.74
"574",2016-11-03,74.2,65.17,63.47,67.04,43.54,208.78
"575",2016-11-04,74.12,65.06,63.37,66.965,43.5,208.55
"576",2016-11-07,75.601,66.43,64.79,68.19,44.2,213.15
"577",2016-11-08,76.15,66.75,64.97,68.635,44.49,214.11
"578",2016-11-09,75.83,67.54,66.28,69.31,44.36,216.3792
"579",2016-11-10,74.86,67.63,67.04,69.3565,44.13,216.92
"580",2016-11-11,74.76,67.56,67.1,69.28,44.06,216.42
"581",2016-11-14,74.15,67.38,67.7928,69.61,44,216.59
"582",2016-11-15,74.85,67.67,68.33,70.3,44.25,218.28
"583",2016-11-16,75.07,67.78,68.01,70.18,44.3,217.87
"584",2016-11-17,75.48,68.1,68.19,70.55,44.43,218.99
"585",2016-11-18,75.27,67.98,68.05,70.35,44.31,218.5
"586",2016-11-21,75.78,68.42,68.45,70.83,44.49,220.15
"587",2016-11-22,76.04,68.63,68.7,71.0308,44.63,220.58
"588",2016-11-23,76.2,68.43,68.93,71.1098,44.52,220.7
"589",2016-11-25,76.33,68.71,69.16,71.405,44.76,221.52
"590",2016-11-28,76.3,68.48,68.77,71.14,44.83,220.48
"591",2016-11-29,76.6,68.5,68.81,71.33,45.02,220.91
"592",2016-11-30,75.42,68.1,69.07,71.13,44.45,220.38
"593",2016-12-01,74,67.87,69.17,70.5,44.08,219.57
"594",2016-12-05,74.99,68.17,69.44,71.0999,44.33,221
"595",2016-12-06,75.18,68.29,69.83,71.4699,44.46,221.7
"596",2016-12-07,76.16,69.19,70.95,72.32,45.01,224.6
"597",2016-12-08,76.13,69.33,71.32,72.75,45.03,225.15
"598",2016-12-09,76.35,69.7,71.71,72.7709,45.32,226.51
"599",2016-12-12,76.26,69.82,71.44,72.7537,45.54,226.25
"600",2016-12-13,76.89,70.32,71.85,73.12,45.77,227.76
"601",2016-12-14,76.43,69.75,71.18,72.325,45.32,225.88
"602",2016-12-15,76.82,69.94,71.55,72.57,45.43,226.81
"603",2016-12-16,76.61,69.91,71.31,72.5423,45.6,225.04
"604",2016-12-19,76.87,70.05,71.45,72.675,45.75,225.53
"605",2016-12-20,77.12,70.28,71.74,72.8856,45.77,226.4
"606",2016-12-21,77.03,70.1,71.63,72.8,45.62,225.77
"607",2016-12-22,76.61,69.7,70.87,72.08,45.3,225.38
"608",2016-12-23,76.75,69.75,71.06,72.23,45.37,225.71
"609",2016-12-27,77.09,69.81,71.23,72.34,45.42,226.27
"610",2016-12-28,76.3,69.31,70.55,71.65,45.15,224.4
"611",2016-12-29,76.46,69.39,70.44,71.86,45.37,224.35
"612",2016-12-30,75.86,69.1,70.19,71.82,45.22,223.53
"613",2017-01-03,76.08,69.6,70.92,71.94,45.34,225.24
"614",2017-01-04,76.53,69.99,71.67,72.7997,45.55,226.58
"615",2017-01-05,76.78,69.92,71.28,72.6331,45.6,226.4
"616",2017-01-06,77.22,70.16,71.21,72.876,45.66,227.21
"617",2017-01-09,77.19,69.81,70.95,72.5268,45.44,226.46
"618",2017-01-11,77.4,69.74,71.25,72.4743,45.52,227.1
"619",2017-01-12,77.31,69.66,70.99,72.63,45.51,226.53
"620",2017-01-17,77.32,69.7,70.72,72.5882,45.68,226.25
"621",2017-01-18,77.55,69.82,70.86,72.94,45.72,226.75
"622",2017-01-19,77.46,69.47,70.56,72.44,45.47,225.91
"623",2017-01-20,77.62,69.66,70.67,72.585,45.63,226.74
"624",2017-01-23,77.45,69.56,70.44,72.68,45.61,226.15
"625",2017-01-24,78.08,70.03,71.18,73.11,45.72,227.6
"626",2017-01-25,78.72,70.62,72.01,73.65,45.87,229.57
"627",2017-01-26,78.61,70.45,71.82,73.58,45.8,229.33
"628",2017-01-27,78.73,70.35,71.51,73.33,45.82,228.97
"629",2017-01-30,78.25,70.04,71.06,73.04,45.68,227.55
"630",2017-02-01,78.43,69.8,71.57,72.61,45.48,227.62
"631",2017-02-02,78.57,69.82,71.44,72.87,45.75,227.77
"632",2017-02-03,78.89,70.33,72.18,73.59,45.99,229.34
"633",2017-02-06,78.85,70.25,72.12,73.426,45.86,228.93
"634",2017-02-08,79.29,70.33,71.84,73.5603,46.14,229.24
"635",2017-02-09,79.44,70.68,72.33,74.0335,46.34,230.6
"636",2017-02-10,79.69,71.02,72.56,74.43,46.51,231.51
"637",2017-02-13,79.93,71.41,73.1,74.786,46.66,232.77
"638",2017-02-14,79.92,71.72,73.66,74.73,46.69,233.7
"639",2017-02-15,80.3,72.17,74.15,75.2,46.87,234.92
"640",2017-02-16,80.445,72.25,74.12,75.07,47.07,234.72
"641",2017-02-17,80.54,72.55,74.17,75.36,47.11,235.09
"642",2017-02-21,81.11,72.87,74.74,75.93,47.45,236.49
"643",2017-02-22,81.19,72.86,74.56,75.83,47.46,236.28
"644",2017-02-23,80.99,73.07,74.41,75.79,47.71,236.44
"645",2017-02-24,81.16,73.3,74.48,75.8954,47.94,236.74
"646",2017-02-27,81.33,73.29,74.75,76.275,47.85,237.11
"647",2017-02-28,81.22,73.18,74.33,75.94,47.87,236.47
"648",2017-03-01,82.07,74.14,75.32,76.77,48.18,239.78
"649",2017-03-02,81.58,73.87,74.87,76.44,48.07,238.27
"650",2017-03-03,81.71,73.84,75.03,76.26,47.98,238.42
"651",2017-03-06,81.56,73.65,74.52,75.8492,47.89,237.71
"652",2017-03-08,81.53,73.34,73.96,75.5828,47.65,236.56
"653",2017-03-10,82.16,73.63,74.06,75.7,47.88,237.69
"654",2017-03-13,82.45,73.64,73.94,75.7101,47.96,237.81
"655",2017-03-14,82.15,73.41,73.64,75.5,47.81,236.9
"656",2017-03-15,82.88,74.09,74.24,76.26,48.28,238.95
"657",2017-03-16,82.67,73.93,74.11,76.1,48.12,238.48
"658",2017-03-17,82.865,73.92,73.78,76.18,48.26,237.03
"659",2017-03-20,82.917,73.82,73.5784,76.1394,48.1499,236.77
"660",2017-03-21,81.94,73.09,72.3,75.2411,47.92,233.73
"661",2017-03-22,82.37,73.23,72.56,75.19,47.99,234.28
"662",2017-03-23,82.21,73.14,72.5,75.2647,47.96,234.03
"663",2017-03-24,82.15,72.7,72.08,75.1581,47.71,233.86
"664",2017-03-27,82.05,72.57,72.04,74.6734,47.62,233.62
"665",2017-03-28,82.38,72.94,72.78,75.4172,47.75,235.32
"666",2017-03-29,82.62,72.87,72.97,75.27,47.74,235.54
"667",2017-03-30,82.65,72.95,73.31,75.59,47.75,236.29
"668",2017-04-04,82.6,72.6,72.88,75.13,47.68,235.48
"669",2017-04-05,82.4856,72.4,72.46,75.01,47.7,234.78
"670",2017-04-06,82.64,72.57,72.76,75.2542,47.68,235.44
"671",2017-04-07,82.61,72.55,72.7,75.3,47.65,235.2
"672",2017-04-11,82.5,72.56,72.67,75.27,47.77,235.06
"673",2017-04-12,82.19,72.33,72.26,75.01,47.71,234.03
"674",2017-04-13,81.8,71.96,71.73,74.8387,47.53,232.51
"675",2017-04-17,82.66,72.5,72.26,75.33,47.84,234.57
"676",2017-04-18,82.61,72.27,71.97,75.28,47.85,233.87
"677",2017-04-19,82.74,72.02,71.92,75.17,47.84,233.44
"678",2017-04-20,83.22,72.54,72.66,75.61,47.99,235.34
"679",2017-04-21,83.2,72.41,72.34,75.55,47.96,234.59
"680",2017-04-24,84.05,73.02,73.21,76.185,48.32,237.17
"681",2017-04-25,84.53,73.51,73.56,76.56,48.46,238.55
"682",2017-04-26,84.25,73.38,73.62,76.67,48.45,238.4
"683",2017-05-01,85.22,73.17,73.33,76.26,48.34,238.68
"684",2017-05-02,85.07,73.3,73.36,76.03,48.32,238.77
"685",2017-05-03,84.83,73.2,73.24,75.97,48.15,238.48
"686",2017-05-04,84.97,73.28,73.16,76.0941,48.34,238.76
"687",2017-05-05,85.41,73.53,73.61,76.59,48.52,239.7
"688",2017-05-08,85.35,73.5,73.69,76.2316,48.37,239.66
"689",2017-05-09,85.32,73.49,73.74,76.138,48.25,239.44
"690",2017-05-10,85.93,73.48,73.85,76.3205,48.31,239.87
"691",2017-05-11,85.9,73.31,73.63,76.18,48.24,239.38
"692",2017-05-12,86.05,73.21,73.31,75.8214,48.15,238.98
"693",2017-05-15,86.71,73.63,73.71,76.35,48.38,240.3
"694",2017-05-16,86.85,73.57,73.51,76.08,48.2,240.08
"695",2017-05-17,85.22,72.63,71.84,75.33,47.93,235.82
"696",2017-05-18,85.85,72.78,71.92,75.43,48.06,236.77
"697",2017-05-19,86.37,73.16,72.46,75.89,48.24,238.31
"698",2017-05-22,87.16,73.63,72.75,76.39,48.55,239.52
"699",2017-05-23,87.28,73.6,73.06,76.43,48.61,240.05
"700",2017-05-24,87.73,73.81,73.1,76.77,48.81,240.61
"701",2017-05-25,88.43,74.24,73.35,77.18,49.17,241.76
"702",2017-05-26,88.57,74.22,73.38,77.16,49.14,241.71
"703",2017-05-30,88.77,74.18,73.33,77.09,49.21,241.5
"704",2017-05-31,88.82,74.34,73.19,77.11,49.36,241.44
"705",2017-06-01,89.45,74.85,73.91,77.92,49.7,243.36
"706",2017-06-02,89.92,75.06,73.97,78.2,49.84,244.17
"707",2017-06-05,89.76,75.01,73.78,78.06,49.78,243.99
"708",2017-06-06,89.54,74.74,73.46,77.67,49.6,243.21
"709",2017-06-07,90.08,74.8,73.68,77.65,49.72,243.66
"710",2017-06-08,90.38,74.88,73.89,77.8,49.47,243.78
"711",2017-06-09,89.46,74.94,74.05,77.82,49.44,243.41
"712",2017-06-12,89.17,74.9,74.13,78.09,49.43,243.36
"713",2017-06-13,89.91,75.29,74.39,78.49,49.59,244.55
"714",2017-06-14,89.73,75.27,74.11,78.52,49.69,244.24
"715",2017-06-15,89.56,75.23,73.73,78.5,49.76,243.77
"716",2017-06-16,89.45,75.29,73.42,78.49,49.82,242.64
"717",2017-06-19,90.79,75.84,74.13,78.88,50.02,244.66
"718",2017-06-20,90.02,75.33,73.56,78.33,49.85,243.01
"719",2017-06-21,90.06,75.26,73.48,78.08,49.76,242.95
"720",2017-06-22,89.85,75.19,73.62,78.03,49.67,242.84
"721",2017-06-23,89.69,75.32,73.68,77.989,49.68,243.13
"722",2017-06-26,89.6,75.35,74.02,78.39,49.76,243.29
"723",2017-06-27,88.58,74.42,73.14,77.53,49.12,241.33
"724",2017-06-28,89.75,74.99,73.9,77.9952,49.3,243.49
"725",2017-06-29,88.92,74.12,73.49,77.3599,48.81,241.35
"726",2017-06-30,88.89,74.37,73.57,77.6538,48.93,241.8
"727",2017-07-05,89.7,74.61,74.15,77.89,48.97,242.77
"728",2017-07-06,89.14,74,73.4,77.02,48.56,240.55
"729",2017-07-07,90.01,74.49,73.8,77.5301,48.86,242.11
"730",2017-07-10,90.42,74.54,73.67,77.51,48.77,242.37
"731",2017-07-11,90.38,74.32,73.6,77.3,48.69,242.19
"732",2017-07-12,91.2,74.92,74.03,77.8403,49.01,244.01
"733",2017-07-13,91.3,74.98,74.39,78.05,48.97,244.42
"734",2017-07-14,91.66,75.44,74.75,78.36,49.25,245.56
"735",2017-07-17,91.64,75.36,74.89,78.48,49.28,245.53
"736",2017-07-18,91.57,75.47,74.68,78.33,49.24,245.66
"737",2017-07-19,92.04,75.7,75.02,78.685,49.48,246.99
"738",2017-07-20,91.95,75.9,74.94,78.65,49.58,247.1
"739",2017-07-21,91.93,75.88,74.85,78.71,49.69,246.88
"740",2017-07-25,92.25,75.79,75.28,78.9906,49.66,247.42
"741",2017-07-27,91.75,75.68,75.01,78.7911,49.8,247.2
"742",2017-08-01,92.63,75.39,75.21,78.99,49.88,247.32
"743",2017-08-02,92.3,75.38,75.39,78.759,49.89,247.44
"744",2017-08-03,92.19,75.25,75.14,78.73,49.88,246.96
"745",2017-08-07,93.09,75.56,75.53,78.84,49.92,247.87
"746",2017-08-08,92.99,75.39,75.5,78.59,49.76,247.26
"747",2017-08-10,91.35,74.31,74.15,77.6,49.52,243.76
"748",2017-08-11,91.43,74.29,74.19,77.525,49.57,244.12
"749",2017-08-14,92.93,75,74.92,78.25,50.02,246.54
"750",2017-08-16,93.1,75.15,74.97,78.52,50.25,246.94
"751",2017-08-17,91.3,73.98,73.67,77.38,49.68,243.09
"752",2017-08-18,91.29,73.79,73.39,77.27,49.585,242.71
"753",2017-08-21,91.2,73.96,73.37,77.36,49.78,242.9
"754",2017-08-22,92.6,74.64,74.18,77.9316,50.13,245.44
"755",2017-08-23,92.17,74.43,74.04,77.795,49.92,244.56
"756",2017-08-24,92.06,74.38,73.87,77.69,49.78,243.99
"757",2017-08-25,92.1,74.54,74.2,78.01,49.94,244.56
"758",2017-08-29,92.2,74.58,74.31,77.7045,49.96,244.85
"759",2017-08-30,92.82,75.04,74.71,77.96,50.07,246.01
"760",2017-08-31,93.33,75.48,75.19,78.2876,50.3,247.49
"761",2017-09-01,93.57,75.62,75.72,78.59,50.26,247.84
"762",2017-09-05,92.4,75.1,74.98,77.82,50.05,246.06
"763",2017-09-06,92.68,75.27,75.41,78.07,50.14,246.9
"764",2017-09-07,92.17,75.5,75.23,77.96,50.25,246.87
"765",2017-09-08,92.21,75.58,75.05,78.2069,50.42,246.58
"766",2017-09-11,93.38,76.31,75.96,79.081,50.8,249.21
"767",2017-09-13,93.95,76.44,76.66,79.08,50.65,250.17
"768",2017-09-14,93.82,76.5,76.55,79.12,50.66,250.09
"769",2017-09-15,94.29,76.81,76.83,79.26,50.68,249.19
"770",2017-09-18,94.92,77.05,76.91,79.41,50.73,249.72
"771",2017-09-19,95.14,77.17,76.89,79.37,50.6,249.97
"772",2017-09-20,95.12,77.03,76.865,79.2922,50.55,250.06
"773",2017-09-21,94.85,76.81,76.73,79.21,50.34,249.39
"774",2017-09-22,94.89,77.06,76.87,79.33,50.37,249.44
"775",2017-09-26,93.76,76.89,76.76,78.98,50.1,249.08
"776",2017-09-27,94.99,77.15,77.24,79.09,50.12,250.05
"777",2017-09-28,95.09,77.07,77.16,79.065,50.19,250.35
"778",2017-09-29,95.68,77.14,77.32,79.35,50.34,251.23
"779",2017-10-02,96.07,77.58,78.02,79.78,50.5,252.32
"780",2017-10-03,96.37,77.77,78.44,79.89,50.59,252.86
"781",2017-10-04,96.4,77.91,78.39,80.03,50.7,253.16
"782",2017-10-05,96.99,78.4,78.79,80.29,50.87,254.66
"783",2017-10-06,97.09,78.25,78.6,80.19,50.8,254.37
"784",2017-10-09,96.97,78.33,78.47,80.01,50.69,253.95
"785",2017-10-10,97.15,78.66,78.83,80.12,50.82,254.62
"786",2017-10-11,97.28,78.85,78.88,80.19,50.91,255.02
"787",2017-10-12,96.99,78.86,78.51,80.3669,50.99,254.64
"788",2017-10-13,97.2,78.91,78.77,80.45,51.03,254.95
"789",2017-10-18,98.03,79.09,78.96,80.56,51.12,255.72
"790",2017-10-19,98.33,79.22,78.88,80.68,51.36,255.79
"791",2017-10-20,99.35,79.58,79.41,81.13,51.54,257.11
"792",2017-10-23,99.14,79.45,79.36,81.02,51.5,256.11
"793",2017-10-24,99.71,79.48,79.7,81.0135,51.38,256.56
"794",2017-10-25,99.11,79.26,79.16,80.674,51.31,255.29
"795",2017-10-26,99.29,79.39,79.3,80.9,51.33,255.62
"796",2017-10-27,100.51,79.58,79.48,80.87,51.56,257.71
"797",2017-10-30,100.23,79.32,79.21,80.49,51.27,256.75
"798",2017-10-31,100.5,79.39,79.34,80.6699,51.32,257.15
"799",2017-11-01,100.27,79.43,79.57,80.7,51.27,257.49
"800",2017-11-02,100.66,79.58,79.71,80.68,51.4,257.59
"801",2017-11-03,101.15,79.72,79.89,80.8145,51.46,258.45
"802",2017-11-06,101.31,79.82,80.04,81.01,51.36,258.85
"803",2017-11-07,101.02,79.7,79.79,80.92,51.58,258.67
"804",2017-11-08,100.97,79.98,79.98,81.1,51.73,259.11
"805",2017-11-09,100.2,79.68,79.75,80.94,51.63,258.17
"806",2017-11-10,100.49,79.78,79.85,80.8,51.58,258.09
"807",2017-11-13,100.74,79.85,79.91,81.09,51.75,258.33
"808",2017-11-14,100.57,79.88,79.56,81.0576,51.85,257.73
"809",2017-11-15,100.23,79.41,79.26,80.9,51.5,256.44
"810",2017-11-16,101.18,80.01,80.41,81.44,51.83,258.62
"811",2017-11-20,101.29,80.17,80.59,81.55,51.69,258.3
"812",2017-11-21,102.05,80.67,81.04,81.82,51.99,259.99
"813",2017-11-22,101.63,80.5,81.05,81.71,51.84,259.76
"814",2017-11-24,101.82,80.64,81.06,81.8088,51.96,260.36
"815",2017-11-27,101.62,80.62,80.75,81.9086,52.07,260.23
"816",2017-11-28,102.86,81.49,81.72,82.73,52.46,262.87
"817",2017-11-29,102.32,81.64,82.18,83.1,52.56,262.71
"818",2017-11-30,103.31,82.25,82.64,83.58,52.9,265.01
"819",2017-12-01,102.67,82.28,82.43,83.47,52.85,264.46
"820",2017-12-04,101.38,82.34,82.82,83.71,52.71,264.14
"821",2017-12-05,101.28,82.13,82.33,83.07,52.54,263.19
"822",2017-12-06,101.51,82.08,82.12,82.95,52.58,263.24
"823",2017-12-07,102.17,82.4,82.44,83.27,52.63,264.07
"824",2017-12-08,102.76,82.78,83.06,83.58,52.85,265.51
"825",2017-12-11,102.87,82.93,83.465,83.67,52.91,266.31
"826",2017-12-12,102.95,82.97,83.48,83.85,52.93,266.78
"827",2017-12-13,102.88,83.01,83.4,83.7565,53.03,266.75
"828",2017-12-14,102.36,82.67,82.83,83.23,52.8,265.66
"829",2017-12-15,103.5,83.29,83.63,83.87,53.28,266.51
"830",2017-12-18,104.31,83.79,84.64,84.3389,53.37,268.2
"831",2017-12-19,103.93,83.63,84.39,84.1,53.07,267.17
"832",2017-12-20,103.91,83.6,84.64,83.97,52.94,267.03
"833",2017-12-21,103.52,83.17,84.34,83.6,52.66,267.58
"834",2017-12-22,103.5,83.11,84.27,83.75,52.68,267.51
"835",2017-12-26,103.23,83.13,84.07,83.77,52.69,267.19
"836",2017-12-27,103.5,83.22,83.95,83.8157,52.82,267.32
"837",2017-12-28,103.71,83.32,84.13,83.9,52.9,267.87
"838",2017-12-29,103.13,82.9,83.62,83.87,52.78,266.86
"839",2018-01-03,104.98,83.87,84.83,84.25,52.87,270.47
"840",2018-01-04,105.86,84.25,85.3,84.4,53.08,271.61
"841",2018-01-05,106.71,84.8,85.69,85.08,53.35,273.42
"842",2018-01-08,107.01,85.06,85.86,85.22,53.44,273.92
"843",2018-01-09,107.41,85.32,85.85,85.421,53.47,274.54
"844",2018-01-10,107.3,85.16,85.86,85.01,53.21,274.12
"845",2018-01-11,108.03,85.61,86.92,85.71,53.37,276.12
"846",2018-01-12,109.06,86.23,87.58,85.9459,53.53,277.92
"847",2018-01-16,108.82,85.93,87.25,85.49,53.49,276.97
"848",2018-01-17,110.63,87.13,88.09,86.48,53.99,279.61
"849",2018-01-18,110.51,86.88,87.99,86.09,53.89,279.14
"850",2018-01-19,111.16,87.43,88.19,86.715,54.12,280.41
"851",2018-01-22,111.84,87.89,88.83,87.06,54.46,282.69
"852",2018-01-23,111.98,87.91,88.85,87.49,54.55,283.29
"853",2018-01-24,111.73,87.68,88.59,87.48,54.58,283.18
"854",2018-01-25,111.98,87.7,88.15,87.5936,54.85,283.3
"855",2018-01-26,113.56,88.61,89.39,88.18,55.31,286.58
"856",2018-01-29,112.7,87.83,88.93,87.98,54.89,284.68
"857",2018-01-30,110.97,86.89,87.58,86.96,54.57,281.76
"858",2018-01-31,111.61,86.69,87.27,86.77,54.62,281.9
"859",2018-02-01,111.5,86.76,87.1,86.92,54.47,281.58
"860",2018-02-02,108.93,84.97,84.83,85.44,53.56,275.45
"861",2018-02-05,104.27,81.72,81.57,82.47,51.63,263.93
"862",2018-02-06,106.8,82.99,83.49,83.0173,51.96,269.13
"863",2018-02-07,106.44,82.69,83.36,83.48,51.8,267.67
"864",2018-02-08,101.94,79.82,80.26,81.465,50.24,257.63
"865",2018-02-09,103.97,81.13,81.24,81.81,51.07,261.5
"866",2018-02-12,105.79,82.1,82.46,82.26,51.57,265.34
"867",2018-02-13,106.25,82.4,82.78,82.37,51.73,266
"868",2018-02-14,108.2,83.48,84.03,82.23,52.16,269.59
"869",2018-02-15,109.54,84.51,84.86,84.32,52.81,273.03
"870",2018-02-16,109.43,84.56,84.84,84.66,52.98,273.11
"871",2018-02-20,109.41,84.09,84.16,83.86,52.44,271.4
"872",2018-02-21,108.89,83.54,83.65,84.49,52.08,270.05
"873",2018-02-22,109.07,83.57,83.76,83.38,52.13,270.4
"874",2018-02-23,110.78,84.93,85.14,84.4,52.87,274.71
"875",2018-02-26,112.08,85.89,86.24,85.31,53.34,277.9
"876",2018-02-27,111.03,84.93,85.27,84.425,52.72,274.43
"877",2018-02-28,109.98,84.17,84.39,83.37,52.295,271.65
"878",2018-03-01,108.01,83.1,83.24,82.42,51.72,267.7
"879",2018-03-02,108.36,83.61,83.67,82.45,51.98,269.08
"880",2018-03-05,109.65,84.42,84.54,83.93,52.57,272.19
"881",2018-03-06,109.97,84.82,84.85,84.225,52.64,272.88
"882",2018-03-07,110.23,84.71,84.62,84.38,52.67,272.78
"883",2018-03-08,110.71,85.24,84.8,84.59,52.97,274.1
"884",2018-03-09,112.88,86.67,86.21,85.715,53.59,278.87
"885",2018-03-12,112.81,86.66,86.22,85.69,53.45,278.52
"886",2018-03-13,111.96,86.25,85.98,85.44,53.39,276.72
"887",2018-03-14,111.36,85.66,85.38,84.96,53.16,275.3
"888",2018-03-15,111.46,85.68,85.16,84.82,53.11,275
"889",2018-03-16,111.59,85.89,85.55,85.3904,53.26,274.2
"890",2018-03-19,110.32,84.8,84.46,84.8,52.84,270.49
"891",2018-03-20,111.16,85.145,84.59,84.59,52.9,270.95
"892",2018-03-21,110.77,85.01,84.44,84.65,52.66,270.43
"893",2018-03-22,106.88,82.44,82,82.76,51.45,263.67
"894",2018-03-23,104.2,80.6,79.98,81.27,50.7,258.05
"895",2018-03-26,107.74,82.88,82.34,82.475,51.71,265.11
"896",2018-03-27,104.86,81.65,80.99,81.45,51.28,260.6
"897",2018-03-28,104.22,81.505,80.87,81.92,51.42,259.83
"898",2018-03-29,105.92,82.71,82.02,82.85,51.93,263.15
"899",2018-04-02,102.58,80.73,80.17,81.105,51.06,257.47
"900",2018-04-03,103.79,81.87,81.36,81.7393,51.61,260.77
"901",2018-04-04,104.99,82.89,82.33,81.93,52.14,263.56
"902",2018-04-05,105.89,83.27,82.81,83.21,52.39,265.64
"903",2018-04-06,103.12,81.39,81.07,81.09,51.49,259.72
"904",2018-04-09,103.55,81.59,81.33,82.42,51.67,261
"905",2018-04-10,105.88,82.98,82.8,82.65,52.16,265.15
"906",2018-04-11,105.12,82.48,82.38,82.38,51.92,263.76
"907",2018-04-12,106.78,83.04,83.26,82.87,52.01,265.93
"908",2018-04-13,105.72,82.73,82.94,82.47,52.04,265.15
"909",2018-04-16,106.45,83.38,83.73,83.375,52.57,267.33
"910",2018-04-17,108.22,84.08,84.34,84.11,53.02,270.19
"911",2018-04-18,108.47,83.78,84.52,84.23,53,270.39
"912",2018-04-19,108.26,82.82,83.69,83.4935,52.62,268.89
"913",2018-04-20,107.55,82.1,82.85,83.09,52.24,266.61
"914",2018-04-23,107.26,82.01,82.94,83.11,52.31,266.57
"915",2018-04-24,105.32,81.05,82.29,82.17,51.86,262.98
"916",2018-04-26,107.18,82.03,83.1,83.04,52.31,266.31
"917",2018-04-27,107.24,82.14,83.08,83.13,52.36,266.56
"918",2018-04-30,106.45,81.63,82.34,82.7943,52.04,264.51
"919",2018-05-01,107.11,81.67,82.38,82.42,51.96,264.98
"920",2018-05-02,106.16,81.4,81.92,82.1972,51.45,263.2
"921",2018-05-03,106.39,81.42,81.44,81.605,51.47,262.62
"922",2018-05-04,107.51,82.42,82.49,82.6,52.02,266.02
"923",2018-05-07,108.37,82.61,82.52,82.62,52.06,266.92
"924",2018-05-09,110.26,83.4,83.28,83.12,52.21,269.5
"925",2018-05-10,111.02,84.07,84.1,83.64,52.72,272.02
"926",2018-05-11,111.1,84.3,84.35,83.79,52.83,272.85
"927",2018-05-14,111.12,84.21,84.58,84.15,52.72,272.98
"928",2018-05-15,110.41,83.66,84.33,83.175,52.35,271.1
"929",2018-05-16,110.87,84.1,85.05,83.43,52.43,272.24
"930",2018-05-18,110.41,84.03,84.49,83.57,52.29,271.33
"931",2018-05-21,111.5,84.47,85.17,84.21,52.64,273.37
"932",2018-05-22,111.06,84.19,85.06,83.97,52.39,272.61
"933",2018-05-23,111.53,84.54,84.98,84.06,52.68,273.36
"934",2018-05-24,111.47,84.51,84.9,84.0152,52.66,272.8
"935",2018-05-25,111.15,84.25,84.59,83.99,52.64,272.15
"936",2018-05-29,109.74,83.42,83.58,83.15,52.32,269.02
"937",2018-05-30,111.23,84.51,84.5,84.1747,52.96,272.61
"938",2018-05-31,110.12,83.83,83.97,83.3725,52.56,270.94
"939",2018-06-01,111.87,84.75,84.94,84.0533,52.8,273.6
"940",2018-06-04,112.67,85.26,85.35,84.284,53.07,274.9
"941",2018-06-05,113.2,85.39,85.52,84.36,53.05,275.1
"942",2018-06-06,114.29,86.15,86.24,84.88,53.33,277.4
"943",2018-06-07,113.3,86.06,86.42,85.05,53.37,277.37
"944",2018-06-08,113.68,86.32,86.55,85.44,53.64,278.19
"945",2018-06-11,113.58,86.2,86.75,85.5532,53.63,278.56
"946",2018-06-12,113.9,86.33,86.69,85.72,53.73,278.92
"947",2018-06-13,113.87,85.84,86.35,85.36,53.49,278.03
"948",2018-06-14,114.35,85.95,86.32,85.6,53.69,278.73
"949",2018-06-15,114.03,86.1,86.19,85.38,53.87,277.13
"950",2018-06-18,114.15,85.84,85.92,85.56,53.68,276.56
"951",2018-06-19,113.4,85.51,85.44,85.32,53.6,275.5
"952",2018-06-20,114.02,85.42,85.58,85.4499,53.57,275.97
"953",2018-06-21,112.97,84.765,84.97,84.95,53.42,274.24
"954",2018-06-22,112.15,84.83,84.95,85.43,53.61,274.74
"955",2018-06-25,109.63,83.75,83.74,84.63,53.4,271
"956",2018-06-26,109.8,83.47,83.39,84.24,53.06,271.6
"957",2018-06-27,108.27,82.66,82.74,83.411,52.68,269.35
"958",2018-06-28,109.49,83.25,82.82,83.79,53.07,270.89
"959",2018-06-29,109.7,83.45,82.61,84.28,53.16,271.28
"960",2018-07-02,110.17,83.47,82.79,83.73,53.24,271.86
"961",2018-07-03,109.27,83.34,82.34,83.92,53.27,270.9
"962",2018-07-05,110.01,84.02,83.07,84.55,53.69,273.11
"963",2018-07-06,111.01,84.74,83.67,85.18,53.97,275.42
"964",2018-07-09,112.28,85.42,84.79,85.521,54.035,277.9
"965",2018-07-10,112.56,85.74,84.99,85.875,54.34,278.9
"966",2018-07-11,111.97,85.12,83.85,85.46,54.23,276.86
"967",2018-07-12,113.53,85.81,84.51,85.89,54.58,279.37
"968",2018-07-16,113.43,85.52,84.42,85.61,54.44,279.34
"969",2018-07-17,114.04,86.08,84.64,86,54.62,280.47
"970",2018-07-19,113.55,86.1,84.71,86.1721,54.63,280
"971",2018-07-20,113.65,85.93,84.39,85.94,54.59,279.68
"972",2018-07-23,113.86,85.92,84.6,85.88,54.5,280.2
"973",2018-07-24,113.77,86.29,84.7,85.74,54.57,281.61
"974",2018-07-25,115.29,87.16,85.08,86.33,55,284.01
"975",2018-07-26,114.94,87.09,85.37,86.715,55.07,283.34
"976",2018-07-27,113.21,86.55,84.91,86.262,54.83,281.42
"977",2018-07-30,111.22,85.97,85.09,85.88,54.51,279.95
"978",2018-07-31,111.63,86.55,85.43,86.51,54.91,281.33
"979",2018-08-01,111.86,86.32,85.34,86.4,54.77,280.86
"980",2018-08-02,113.02,86.62,85.88,86.45,54.98,282.39
"981",2018-08-03,113.05,87.02,86.53,86.87,55.28,283.6
"982",2018-08-06,113.64,87.29,86.74,87.13,55.43,284.64
"983",2018-08-07,114.18,87.66,86.97,87.21,55.52,285.58
"984",2018-08-09,114.4,87.35,86.83,87.02,55.53,285.07
"985",2018-08-10,113.83,86.79,86.12,86.56,55.34,283.16
"986",2018-08-13,113.31,86.46,85.69,86.3371,55.2,282.1
"987",2018-08-14,114.11,87.05,86.31,86.74,55.51,283.9
"988",2018-08-15,112.6,86.66,85.59,86.56,55.48,281.78
"989",2018-08-16,113.44,87.35,86.65,87.11,55.91,284.06
"990",2018-08-17,113.52,87.73,87.23,87.58,56.23,285.06
"991",2018-08-20,114.12,88.11,87.63,87.9851,56.33,285.67
"992",2018-08-21,114.49,88.27,88,88.15,56.23,286.34
"993",2018-08-23,115.12,88.3,87.41,87.5,56.09,285.79
"994",2018-08-24,116.4,88.78,87.75,88.13,56.41,287.51
"995",2018-08-27,117.35,89.36,88.55,88.34,56.48,289.78
"996",2018-08-29,118.52,89.86,88.94,88.85,56.72,291.48
"997",2018-08-30,117.94,89.45,88.58,88.29,56.49,290.3
"998",2018-09-04,118.57,89.68,88.34,88.43,56.56,289.81
"999",2018-09-06,116.61,89.57,87.64,88.48,56.93,288.16
"1000",2018-09-07,116.27,89.26,87.31,88.14,56.74,287.6
"1001",2018-09-10,116.68,89.48,87.29,88.44,56.86,288.1
"1002",2018-09-11,117.3,89.69,87.43,88.67,56.92,289.05
"1003",2018-09-12,117.46,89.73,87.47,88.63,57.02,289.12
"1004",2018-09-13,118.13,90.25,88.04,89.17,57.32,290.83
"1005",2018-09-14,118.33,90.39,88.2,89.24,57.33,290.88
"1006",2018-09-17,116.91,89.96,87.83,88.98,57.23,289.34
"1007",2018-09-18,118.16,90.38,88.3,89.2,57.42,290.91
"1008",2018-09-19,117.67,90.365,88.55,88.9903,57.11,291.22
"1009",2018-09-20,118.45,91.06,89.31,89.63,57.45,293.58
"1010",2018-09-21,118.33,91.26,89.23,89.685,57.58,291.99
"1011",2018-09-24,118.56,90.84,88.79,89,57.17,291.02
"1012",2018-09-25,118.96,90.61,88.38,88.7358,57.11,290.75
"1013",2018-09-26,118.51,90.08,87.57,87.71,56.66,289.88
"1014",2018-09-27,118.84,90.24,87.77,87.76,56.77,290.69
"1015",2018-09-28,119,90.37,87.85,87.9465,57.04,290.72
"1016",2018-10-01,119.62,90.71,88.14,87.68,57.03,291.73
"1017",2018-10-02,119.09,90.78,88.24,87.93,57.05,291.56
"1018",2018-10-03,119.48,90.74,88.78,87.66,56.84,291.72
"1019",2018-10-04,117.58,89.93,88.21,86.95,56.58,289.44
