"date","highMTUM","highQUAL","highVLUE","highSIZE","highUSMV","highSPY"
2013-07-22,55.05,50.48,54.99,55.95,33.9636,169.74
2013-07-29,54.71,50.2,54.66,53.7909,33.88,169.06
2013-08-05,55.09,51.18,55.319,54.48,34.0179,170.96
2013-08-09,54.85,50.446,54.85,54.18,33.91,170.1
2013-08-15,54.19,49.84,54.01,52.96,33.44,167.43
2013-08-19,60.102,49.5,53.58,52.54,32.962,166.21
2013-08-26,53.39,50.51,54.54,53.21,33.2092,167.3
2013-09-06,53.16,50.04,53.95,52.82,32.96,166.98
2013-09-10,54.15,51.05,54.61,53.38,33.25,168.9
2013-09-19,55.87,52.3,55.83,55.06,34.329,173.6
2013-09-30,54.07,51,54.15,53.62,33.2749,168.54
2013-10-02,54.37,51.15,54.23,53.62,33.368,169.3422
2013-10-03,54.18,51.54,54.04,53.306,33.3,168.94
2013-10-08,53.6199,50.46,54.04,53.37,33.0861,167.62
2013-10-09,53.12,50.41,53.47,52.93,32.9,166.2
2013-10-11,54.6,51.07,54.82,54.14,33.59,170.32
2013-10-16,55.4396,51.81,55.56,54.565,33.96,172.16
2013-10-21,56.4,52.78,56.38,55.33,34.4,174.75
2013-10-28,57.1197,53.5,56.77,55.92,34.95,176.47
2013-10-29,57.439,53.55,56.92,56.1101,35.1,177.24
2013-11-01,57.03,53.81,56.5,55.94,34.964,176.61
2013-11-04,57.28,53.92,56.88,56.11,34.99,176.9
2013-11-11,56.8,53.81,57.26,55.996,34.98,177.53
2013-11-21,57.86,54.93,58.04,56.45,35.31,180.05
2013-11-25,58.59,55.47,58.34,56.649,35.5,181.17
2013-12-03,58.26,55.15,58.08,56.32,35.0986,180.39
2013-12-06,58.49,55.38,58.46,56.57,35.23,181.11
2013-12-09,58.76,55.71,58.639,56.81,35.3,181.67
2013-12-12,58.04,54.72,57.65,55.7377,34.68,178.86
2013-12-13,58.16,54.54,57.62,55.87,34.65,178.66
2013-12-16,58.39,54.93,58.0144,56.1407,34.778,179.81
2013-12-18,59.11,55.382,58.45,56,35.12,181.73
2013-12-23,59.78,56.43,58.89,56.92,35.17,182.64
2013-12-26,60.1899,56.39,59.342,57.32,35.33,183.96
2013-12-27,63.79,56.59,59.38,57.4105,35.42,184.18
2013-12-31,60.03,56.65,59.57,57.6341,35.52,184.69
2014-01-03,59.77,56.57,59.29,57.75,35.2683,183.6
2014-01-07,59.95,56.26,59.46,57.5,35.33,183.79
2014-01-09,60.44,56.3899,59.475,57.34,35.34,184.13
2014-01-13,60.6,56.36,59.51,57.52,35.49,184.18
2014-01-14,60.39,56.1717,59.3,57.24,35.35,183.77
2014-01-16,60.5,56.47,59.3899,57.48,35.42,184.6618
2014-01-17,60.51,56.57,59.26,57.41,35.43,184.45
2014-01-22,60.88,56.44,59.44,57.71,35.4,184.57
2014-01-24,59.76,55.61,58.09,56.75,35,181.66
2014-01-27,58.55,57.22,57.606,56.13,34.62,179.52
2014-01-30,59.25,54.53,57.55,56.4,34.64,179.81
2014-02-04,57.81,53.36,56.422,55.72,33.92,175.84
2014-02-07,59.41,54.63,57.33,56.26,34.57,179.87
2014-02-10,59.62,54.79,57.75,56.543,34.67,180.07
2014-02-13,60.99,55.88,58.72,57.6299,35.27,183.2
2014-02-19,61.79,56.39,59.35,58.33,35.68,184.95
2014-02-21,61.973,56.48,59.2,58.4455,35.78,184.89
2014-03-03,62.26,56.71,59.42,58.65,35.7699,185.45
2014-03-04,63.34,57.26,60.21,59.38,36.22,187.98
2014-03-05,63.46,57.33,60.14,59.37,36.22,188.07
2014-03-07,63.62,57.44,60.46,59.3,36.2,188.96
2014-03-11,63.51,57.27,60.45,59.1099,36.25,188.71
2014-03-18,62.75,57.11,60.36,59.3099,36.3,187.91
2014-03-21,62.66,57.11,60.57,59.4636,36.26,189.0239
2014-03-24,61.4,56.71,60.74,58.95,36.099,187.07
2014-03-27,59.9,55.759,59.76,58.401,35.68,185.34
2014-03-28,60.3433,56.2,60.3,58.83,35.86,186.42
2014-03-31,60.447,56.44,60.59,59.23,36.05,187.3
2014-04-07,59.64,55.86,60.53,58.8199,35.9,186.26
2014-04-09,60.28,56.26,60.532,58.76,36.04,187.15
2014-04-10,60.19,56.41,60.465,58.56,36.12,187.17
2014-04-11,58.31,55.12,59.25,57.99,35.51,183.42
2014-04-15,58.6171,55.46,59.74,58.4,35.7399,184.33
2014-04-16,59.41,56.058,60.25,58.8,36.08,186.14
2014-04-17,59.7241,56.2599,60.55,59.12,36.13,186.91
2014-04-21,60,56.3,60.61,59.14,36.21,187.1
2014-04-22,60.69,56.7199,60.97,59.4222,36.3699,188.4
2014-04-25,59.2382,56.21,60.91,59.229,36.15,187.33
2014-04-28,59.33,56.4,60.7608,59.03,36.365,187.69
2014-04-30,59.74,56.82,61.04,59.5,36.53,188.5
2014-05-01,60.2999,57.03,61.0856,59.82,36.55,188.84
2014-05-06,60.2599,56.8796,60.65,59.5501,36.51,188.13
2014-05-09,59.73,56.72,61.03,59.57,36.5099,188.04
2014-05-12,60.67,57.3204,61.49,60.23,36.7,189.88
2014-05-13,60.98,57.54,61.65,60.229,36.7696,190.42
2014-05-14,60.66,57.42,61.43,60.02,36.76,189.88
2014-05-15,60.13,56.87,61.25,59.49,36.56,188.72
2014-05-20,60.32,56.891,61.02,59.6,36.53,188.67
2014-05-21,60.6,57.02,61.1,59.66,36.5,189.22
2014-05-22,61.0854,57.29,61.41,60,36.609,189.98
2014-05-23,61.31,57.45,61.53,60.12,36.65,190.48
2014-05-27,61.93,57.72,61.86,60.45,36.7995,191.58
2014-05-28,62,57.81,61.82,60.54,36.76,191.82
2014-05-29,62.23,57.8799,61.98,60.64,36.82,192.4
2014-06-02,62.35,58.24,62.322,61,37,192.99
2014-06-04,62.45,58.29,62.5,61.47,37.04,193.3
2014-06-06,62.89,58.712,63.21,61.68,37.3,195.43
2014-06-09,62.96,58.87,63.33,61.67,37.33,196.05
2014-06-10,62.85,58.78,63.3,61.506,37.22,195.64
2014-06-18,63.1392,58.33,63.5799,61.55,37.26,196.37
2014-06-20,63.57,58.61,63.81,62.21,37.51,196.1039
2014-06-25,63.33,58.25,63.25,61.69,37.21,195.781
2014-06-26,63.33,58.15,63.4,61.68,37.16,195.63
2014-06-27,63.34,58.36,63.21,61.84,37.2215,195.88
2014-07-01,64,58.86,63.75,62.2201,37.482,197.63
2014-07-03,64,59.19,64.119,62.27,37.49,198.29
2014-07-07,63.98,59.19,64.03,61.96,37.48,197.98
2014-07-08,63.25,58.81,63.58,61.6401,37.39,197.22
2014-07-09,63.32,58.9765,63.8195,61.9,37.5,197.295
2014-07-10,63.2999,58.765,63.435,61.699,37.44,196.86
2014-07-16,63.65,58.98,64.0227,62.03,37.63,198.26
2014-07-17,63.14,58.836,63.65,61.64,37.59,198.1
2014-07-21,63.48,58.71,63.85,61.78,37.49,197.5
2014-07-22,63.95,59.18,64.2328,62.04,37.6099,198.56
2014-07-24,64.55,59.2999,64.33,62.13,37.64,199.06
2014-07-28,64.34,59.2199,64.12,61.76,37.56,198.09
2014-07-29,64.35,59.21,64.02,62.04,37.636,198.45
2014-07-30,64.15,59.1,63.7228,62.07,37.4975,197.91
2014-07-31,63.4036,58.57,62.79,61.15,37.147,195.78
2014-08-05,63.0585,57.82,62.47,60.38,36.75,193.6
2014-08-06,62.295,57.75,62.2,60.3,36.6521,192.89
2014-08-07,62.15,57.78,61.927,60.37,36.734,193.13
2014-08-08,62.4599,57.9,62.42,60.53,36.87,193.37
2014-08-11,62.8955,58.22,62.6,61.08,37.17,194.66
2014-08-12,62.69,58.089,62.5,60.83,37.07,194.15
2014-08-13,63.24,58.42,62.7501,60.87,37.2299,195.06
2014-08-14,63.568,58.64,63.06,61.33,37.43,195.76
2014-08-15,63.856,58.98,63.105,61.61,37.5799,196.65
2014-08-18,64.2101,59.3199,63.54,61.84,37.68,197.45
2014-08-19,64.52,59.78,63.95,62.21,37.87,198.54
2014-08-20,64.77,59.9701,64.15,62.32,37.95,199.16
2014-08-21,64.92,60.09,64.42,62.5148,38.085,199.76
2014-08-22,64.9999,60.1499,64.26,62.51,38.05,199.69
2014-08-25,65.332,60.4099,64.59,62.83,38.08,200.5949
2014-08-26,65.429,60.436,64.79,62.6599,38.12,200.82
2014-08-29,65.48,60.31,64.609,62.87,38.16,200.73
2014-09-02,65.81,60.41,64.99,63.04,38.21,200.995
2014-09-04,66.0997,60.46,65.07,62.99,38.27,201.58
2014-09-05,65.95,60.308,64.8,63.62,38.36,201.19
2014-09-09,65.8,60.27,64.59,62.82,38.25,200.55
2014-09-12,65.6336,60.02,64.465,62.42,38.036,200.12
2014-09-15,65.15,59.77,64.12,62.235,37.91,199.32
2014-09-16,65.76,60.24,64.1,62.67,38.17,200.84
2014-09-18,66.12,60.5799,65.0889,62.73,38.2299,201.85
2014-09-22,65.96,60.39,64.82,62.26,38.265,200.38
2014-09-23,65.43,60.124,64.26,62.11,38.06,199.26
2014-09-24,65.64,60.2399,64.2099,62.05,38.0093,199.69
2014-09-25,65.47,59.83,63.55,61.9,37.93,199.05
2014-09-30,65.41,59.8399,63.51,61.39,37.8737,198.3
2014-10-01,64.7,59.53,63.19,60.99,37.64,196.77
2014-10-02,64.0201,58.9199,62.45,60.82,37.5499,195.055
2014-10-03,64.91,59.48,63.0305,61.4552,37.88,196.94
2014-10-06,65.15,59.64,63.2799,61.38,38.03,197.6
2014-10-07,64.32,58.99,62.89,61.16,37.74,195.72
2014-10-08,64.7994,59.48,63.252,61.318,38.06,196.92
2014-10-09,64.65,59.32,62.93,61.4,38.08,196.6
2014-10-10,63.36,58.589,61.88,60.64,37.73,193.65
2014-10-14,61.4,57.22,60.82,59.763,37.3199,189.82
2014-10-15,60.39,56.498,59.87,58.75,36.85,187.694
2014-10-16,61.13,56.7,60.09,59.16,37.13,187.58
2014-10-20,62.24,57.33,61.13,60.13,37.3792,190.45
2014-10-22,64.009,58.6099,62.42,61.59,38.155,194.91
2014-10-23,64.637,59.15,62.69,61.75,38.2821,196.2
2014-10-24,64.98,59.3899,62.8496,62.15,38.42,196.49
2014-10-28,65.56,60.06,63.0201,62.41,38.72,198.42
2014-10-30,65.8299,60.73,63.9,63.15,39.8455,199.95
2014-10-31,66.57,61.48,64.71,63.63,39.47,201.82
2014-11-03,66.71,61.33,64.7799,63.9,39.37,202.45
2014-11-04,66.4,61.04,64.46,63.65,39.46,201.6
2014-11-05,66.83,61.41,64.8599,63.96,39.63,202.59
2014-11-10,67.01,61.69,65.4,64.46,39.85,204.04
2014-11-12,67.078,61.82,65.358,64.3501,39.8455,204.24
2014-11-17,67.17,61.8,65.44,64.503,39.93,204.58
2014-11-19,67.61,61.91,65.78,64.68,40.11,205.55
2014-11-25,68.38,62.69,66.71,65.489,40.34,207.79
2014-11-26,68.73,62.59,66.4999,65.51,40.46,207.76
2014-11-28,69.22,62.8499,66.272,65.71,40.85,207.87
2014-12-01,68.7,62.52,65.74,65.24,40.71,206.54
2014-12-02,68.899,62.67,66.181,65.42,40.725,207.34
2014-12-03,69.03,62.94,66.411,65.6961,40.76,208.15
2014-12-08,69.45,63,66.3,65.45,40.805,208.12
2014-12-10,68.6749,62.51,65.21,64.97,40.49,205.98
2014-12-11,68.96,62.5375,65.4401,65.22,40.5745,206.19
2014-12-12,68.38,61.96,64.6199,64.667,40.29,203.819
2014-12-15,67.86,61.4799,63.54,64.19,39.98,202.53
2014-12-18,69.2,62.71,65.54,65.2999,40.8,212.97
2014-12-19,69.75,63.1699,66.207,65.84,41,207.33
2014-12-23,69.587,63.2,66.9971,66.699,41.3,208.23
2014-12-26,69.22,63.12,66.96,66.63,41.2,208.85
2014-12-29,69.237,63.1199,66.85,66.7,41.15,208.97
2014-12-30,69.07,62.8999,66.6199,66.72,41.09,208.37
2014-12-31,69.01,63.0499,66.58,66.42,41.0399,208.19
2015-01-02,68.56,62.71,65.3901,65.43,40.7488,206.88
2015-01-06,67.5179,61.51,64.7899,64.29,40.43,202.72
2015-01-07,67.78,61.47,64.69,64.88,40.55,202.72
2015-01-08,69.07,62.61,65.849,65.85,41.19,206.16
2015-01-09,69.31,62.62,65.59,65.48,41.1705,206.42
2015-01-12,68.75,62.12,65.22,65.22,41.03,204.6
2015-01-13,69.21,62.496,65.4,65.7,41.21,205.48
2015-01-14,67.91,61.2728,63.8582,64.41,40.5502,201.1
2015-01-15,68.08,61.58,63.29,64.75,40.78,202.01
2015-01-16,68.24,61.3999,64.135,64.52,40.94,201.82
2015-01-20,68.63,61.78,64.29,65.94,41.13,202.72
2015-01-21,68.971,61.9195,64.52,65.57,41.1,203.66
2015-01-22,69.95,62.79,64.98,66.09,41.65,206.26
2015-01-23,70.101,62.98,65.434,66.09,41.61,206.1
2015-01-26,69.963,62.7799,65.02,66.56,41.5268,205.56
2015-01-27,69.36,62.14,64.72,66.01,41.42,204.12
2015-01-28,69.5729,62.18,64.56,65.78,41.475,204.29
2015-01-29,68.9799,61.7699,63.93,65.27,40.9941,202.3
2015-01-30,68.67,61.96,63.29,65.0603,40.81,202.17
2015-02-02,68.1,61.76,63.3,64.72,40.6601,202.03
2015-02-03,68.76,62.65,65.29,65.8764,41.0899,204.85
2015-02-04,69.0499,62.53,65.468,66.21,41.195,205.38
2015-02-05,69.4,62.96,65.8,66.49,41.39,206.3
2015-02-06,69.51,63.0699,66.14,66.1612,41.44,207.24
2015-02-10,69.3899,63.0099,66.1299,66.354,41.28,207.12
2015-02-11,69.676,63.13,66.067,66.41,41.34,207.45
2015-02-12,70.04,63.6,66.72,66.9,41.45,208.99
2015-02-13,70.21,63.94,67.0099,66.88,41.48,209.84
2015-02-17,70.4799,64.073,67.18,67.8,41.5499,210.32
2015-02-18,70.641,64.1299,67.0599,67.0899,41.649,210.22
2015-02-20,71.3099,64.7,67.1972,67.84,41.76,211.33
2015-02-23,71.558,64.75,67.15,67.46,41.78,211.21
2015-02-24,71.67,64.98,67.45,68.03,41.8499,212.05
2015-02-25,71.69,65.12,67.42,67.598,41.91,212.24
2015-03-02,71.75,65.36,67.4,67.5,41.9,212.06
2015-03-03,71.7,65.33,66.99,67.34,41.85,212.054
2015-03-04,71.2016,64.89,66.75,67.86,41.6476,210.49
2015-03-05,71.466,64.94,67.04,67.55,41.7199,210.8
2015-03-06,71.01,64.68,66.7,66.329,41.441,209.94
2015-03-09,70.6402,64.4,66.2892,66.43,41.2,208.79
2015-03-10,70.03,63.83,65.83,65.8,40.95,206.81
2015-03-11,69.78,63.3966,65.138,65.71,40.6949,205.5
2015-03-12,70.15,63.57,65.634,66.214,41.06,207.175
2015-03-13,70.1,63.44,65.65,66.9,41.01,207.9338
2015-03-16,70.96,64.06,66.2,66.8199,41.4201,208.69
2015-03-17,70.97,63.98,66.13,66.6,41.3,208.42
2015-03-18,71.93,64.7599,66.8,67.77,41.87,211.27
2015-03-19,71.8799,64.6,66.6,67.4791,41.715,210.4697
2015-03-20,72.49,65.3299,67.233,67.96,42.02,211.02
2015-03-23,72.32,65.2299,67.1,68.06,42.14,211.11
2015-03-24,72.24,65.2204,67.039,67.71,42.08,210.4
2015-03-25,71.49,64.83,66.18,66.5,41.69,209.35
2015-03-26,70.3,63.7099,65.3599,66.18,41.1543,206.37
2015-03-27,70.6,63.6,65.274,66.215,41.13,205.95
2015-03-30,71.18,64.2599,66.13,67.19,41.6,208.61
2015-04-01,70.06,63.57,65.77,66.66,41.29,206.42
2015-04-02,70.15,63.52,65.792,66.87,41.38,206.98
2015-04-06,70.478,63.88,66.36,67.42,41.581,208.45
2015-04-07,70.72,64.15,66.41,67.85,41.5685,208.76
2015-04-08,70.61,64.084,66.1,67.0601,41.49,208.51
2015-04-09,70.8,64.25,66.2798,67.19,41.52,209.18
2015-04-10,71.1199,64.4799,66.69,67.51,41.69,210.09
2015-04-13,71.34,64.68,66.911,68.1,41.735,210.63
2015-04-14,70.8177,64.21,66.76,67.5,41.6071,209.71
2015-04-16,71.03,64.39,67.21,67.41,41.6,210.98
2015-04-17,70.55,63.86,66.41,66.7799,41.3699,209.23
2015-04-20,70.92,64.23,66.946,67.29,41.52,210.25
2015-04-22,71.3299,64.7099,66.51,67.35,41.63,210.85
2015-04-23,71.57,65.0444,67.23,67.63,41.84,211.94
2015-04-24,71.579,65.2099,67.18,67.32,41.87,211.97
2015-04-27,71.76,65.42,67.31,67.63,41.9,212.48
2015-04-28,71.23,65.05,67.2266,67.09,41.68,211.5
2015-04-29,70.87,64.84,67.0212,66.82,41.55,211.29
2015-04-30,70.3501,64.38,66.9,66.74,41.34,210.35
2015-05-01,70.67,64.6899,67.0101,66.7414,41.35,210.77
2015-05-04,71.1399,65.1,67.4595,67.2724,41.5839,212.02
2015-05-05,70.61,64.75,67.0199,66.32,41.44,211.46
2015-05-06,70.05,64.3,66.78,66.51,41.17,209.93
2015-05-07,70.1299,64.2099,66.5503,66.49,41.21,209.38
2015-05-08,71.04,65.04,67.3952,67.17,41.6771,211.86
2015-05-12,70.68,64.8299,66.9399,66.76,41.39,210.63
2015-05-13,70.98,65.02,66.8428,66.92,41.54,211.22
2015-05-15,71.84,65.4699,67.51,67.2601,41.88,212.61
2015-05-18,72.2,65.759,67.7737,67.6494,41.9699,213.4
2015-05-20,72.32,65.7915,67.836,67.801,42.1167,213.78
2015-05-21,72.2697,65.79,67.969,67.7006,41.98,213.75
2015-05-22,72.28,65.7299,67.89,67.73,41.9399,213.54
2015-05-26,71.95,65.42,67.25,66.9901,41.73,212.9089
2015-05-27,72.2594,65.33,67.48,67.36,41.76,212.98
2015-05-28,72.16,65.26,67.56,67.4,41.74,212.59
2015-05-29,72.17,65.26,67.3688,67.299,41.71,212.43
2015-06-03,71.97,65.189,67.6076,67.39,41.48,212.67
2015-06-05,71.21,64.33,67.02,66.5869,41.11,210.58
2015-06-08,70.93,64.07,66.67,66.43,40.9,209.82
2015-06-09,70.7,63.9,66.66,66.18,40.7499,209.1
2015-06-10,71.5598,64.75,67.34,66.9,41.08,211.41
2015-06-11,71.92,64.9699,67.59,67.03,41.2368,212.09
2015-06-12,71.4941,64.61,66.9799,66.72,41.1,211.482
2015-06-15,71.45,64.0899,66.62,66.4,40.8,209.45
2015-06-16,71.79,64.5499,66.9668,66.71,41.02,210.35
2015-06-18,72.9306,65.5,67.8799,67.57,41.69,213.34
2015-06-19,72.99,65.47,67.79,67.37,41.6051,211.55
2015-06-22,73.4,65.61,67.84,67.616,41.71,212.59
2015-06-24,73.02,65.03,66.983,67,41.33,212.17
2015-06-29,72.22,63.881,66.12,65.3,40.851,209.828
2015-06-30,71.828,63.63,65.75,65.4587,40.61,207.32
2015-07-01,72.13,63.82,66.008,65.84,40.8,208.03
2015-07-07,72.26,63.79,65.84,66.36,41.2524,208.17
2015-07-08,71.92,63.44,65.2272,65.73,41.07,206.7645
2015-07-10,72.69,63.7704,65.68,66.13,41.31,207.98
2015-07-14,73.855,64.9,66.695,66.9008,41.6632,211.05
2015-07-15,73.84,65.02,66.77,66.77,41.6589,211.28
2015-07-20,74.4599,65.96,66.9,66.96,41.835,213.18
2015-07-21,74.3,65.93,66.85,66.85,41.8,212.74
2015-07-27,73.2,63.89,65.12,65.38,41.229,207.55
2015-07-28,73.759,64.557,65.63,65.6086,41.58,209.5
2015-07-31,74.46,65.43,66.18,67.07,42.09,211.45
2015-08-03,74.4299,65.11,65.81,66.71,42.0301,210.53
2015-08-05,74.24,65.6099,66.0399,67.1669,42.3,211.31
2015-08-06,74.21,65.41,65.4302,66.64,42.28,210.415
2015-08-10,73.5199,65.22,66.07,67.16,42.24,210.67
2015-08-11,73.159,64.98,65.48,66.7268,42.185,209.47
2015-08-12,72.71,64.7099,65.34,66.0603,42.26,209.14
2015-08-13,73.2092,65,65.64,66.702,42.4065,209.55
2015-08-14,73.0573,64.89,65.6199,66.975,42.46,209.5087
2015-08-17,73.768,65.2,65.85,67.4766,42.65,210.59
2015-08-18,73.98,65.35,65.885,67.43,42.695,210.68
2015-08-19,73.809,65.21,65.45,67.1544,42.72,210.01
2015-08-20,72.79,64.41,64.4401,66.19,42.29,208.2865
2015-08-21,71.12,62.94,63.16,64.95,41.62,203.9404
2015-08-24,68.7365,60.7628,61.15,63.78,40.27,197.4772
2015-08-25,69.09,61.14,60.6,63.05,40.46,195.45
2015-08-26,69.04,60.94,60.55,62.38,39.815,194.79
2015-08-27,76.3,62.18,62.05,63.838,40.5399,199.42
2015-08-28,70.68,62.32,62.274,63.63,40.518,199.835
2015-08-31,70.5,62.0099,62.23,63.56,40.31,199.125
2015-09-01,69.003,60.89,60.99,62.2789,39.55,194.77
2015-09-02,69.34,60.8599,60.72,62.28,39.65,195.46
2015-09-03,70.1899,61.54,61.96,62.88,40.09,198.05
2015-09-04,68.8945,60.45,60.706,62,39.42,193.86
2015-09-08,70.37,61.59,61.9,63.15,40.039,197.61
2015-09-14,70.8,61.52,61.552,62.8,39.86,197.01
2015-09-17,72.69,63.125,63.69,64.75,41.05,202.89
2015-09-18,71.5599,61.945,62.1899,63.58,40.5068,198.6844
2015-09-22,70.5499,61.08,60.77,62.4326,40.12,194.46
2015-09-23,70.7099,61.17,60.83,62.545,40.11,194.67
2015-09-24,70.09,60.86,60.45,62.205,40.07,193.45
2015-09-25,70.5,61.11,60.4999,62.4801,40.22,195
2015-09-28,68.9788,60.26,59.55,61.1501,39.65,191.91
2015-09-29,67.73,59.7401,58.7,61.04,39.25,189.74
2015-09-30,68.26,60.46,59.96,61.82,39.62,191.825
2015-10-01,68.79,60.68,60.09,61.67,39.68,192.49
2015-10-02,69.8,61.24,60.505,62.56,40.14,195.03
2015-10-05,70.64,62.25,62.37,63.66,40.74,198.74
2015-10-06,70.5292,62.19,62.584,63.67,40.71,198.98
2015-10-07,69.98,62.6,62.96,63.98,40.7051,199.825
2015-10-08,70.41,63.1999,63.79,64.66,41.06,201.55
2015-10-09,70.7499,63.2797,63.7,64.78,41.175,201.9
2015-10-13,71.3299,63.14,63.959,64.71,41.28,202.16
2015-10-15,70.96,63.19,63.78,64.68,41.238,202.36
2015-10-16,71.55,63.55,64.16,64.86,41.525,203.29
2015-10-19,71.9495,63.63,63.96,64.95,41.61,203.37
2015-10-20,71.8398,63.78,64.01,65.0541,41.62,203.84
2015-10-21,71.43,64,63.94,65.04,41.65,203.79
2015-10-22,71.2,65.04,64.17,65.62,42.03,205.51
2015-10-23,72.36,65.61,64.714,65.71,42.21,207.95
2015-10-26,72.64,65.55,64.43,65.64,42.07,207.37
2015-10-27,72.76,65.4,63.88,65.38,42.05,207
2015-10-28,73.39,65.98,64.9,65.85,42.24,208.98
2015-10-30,73.6546,66.13,64.73,65.9705,42.29,209.44
2015-11-02,73.6656,66.4,65.2424,66.48,42.37,210.62
2015-11-03,73.6236,66.82,65.4199,66.19,42.3999,211.66
2015-11-05,74.0692,66.4,64.87,66.3346,42.2456,210.98
2015-11-11,73.6995,65.77,64.3339,65.8076,41.85,208.94
2015-11-12,73.0799,65.12,63.44,65,41.57,207.06
2015-11-18,73.5507,65.7501,64,65.58,41.895,208.9
2015-11-19,73.4199,65.9,63.75,65.9,41.989,209.05
2015-11-24,74,66.32,64.04,65.73,42.06,209.83
2015-11-25,74.2006,66.36,64.04,66.21,42.0499,209.74
2015-11-27,74.36,66.38,64.0305,66.15,42.12,209.8
2015-11-30,74.39,66.43,64.0061,66.35,42.14,209.89
2015-12-01,74.4838,66.47,64.47,66.63,42.3289,210.82
2015-12-02,74.64,66.5,64.6126,66.38,42.34,211
2015-12-03,74.27,66.02,63.79,65.56,41.96,209.15
2015-12-07,74.59,66.21,63.9,65.7499,42.21,209.7295
2015-12-08,74.374,65.91,63.28,65.28,42.13,208.289
2015-12-09,74.3,66.089,63.35,65.63,42.276,208.68
2015-12-10,73.77,65.6577,63.2899,64.95,41.92,207.43
2015-12-11,72.7976,64.64,62.07,64.05,41.4999,204.14
2015-12-14,72.76,64.37,61.66,63.76,41.49,203.05
2015-12-15,73.6399,65.23,62.75,64.47,41.96,206.11
2015-12-16,74.44,65.8899,63.34,65.32,42.46,208.39
2015-12-17,74.43,65.91,63.38,65.14,42.46,208.48
2015-12-18,73.21,64.62,61.84,63.818,41.84,202.93
2015-12-21,73.0245,64.22,61.8599,63.86,41.69,201.88
2015-12-22,73.55,64.86,62.62,64.0155,42.05,203.85
2015-12-23,73.84,65.55,63.43,65.25,42.38,206.07
2015-12-28,73.64,65.01,62.42,64.83,42.09,205.26
2015-12-29,74.66,65.8,63.2,65.45,42.509,207.79
2015-12-30,74.5,65.63,63.02,65.29,42.5,207.21
2016-01-04,72.08,63.62,61.18,63.4405,41.37,201.03
2016-01-06,72.1088,63.34,60.514,63.2601,41.46,200.06
2016-01-07,71.37,62.49,59.56,61.78,41.1,197.44
2016-01-08,70.7943,62.02,59.2,62.05,40.86,195.85
2016-01-11,70.16,61.22,58.09,60.6848,40.47,193.41
2016-01-12,70.87,61.7,58.5232,61.3,40.6022,194.55
2016-01-13,70.9,61.87,58.23,61.48,40.65,194.86
2016-01-14,69.78,61.55,57.56,60.9012,40.5265,193.26
2016-01-15,68.31,60.12,55.95,59.54,39.8367,188.76
2016-01-20,68.338,59.71,55.1654,58.95,39.7,187.495
2016-01-21,68.76,59.98,55.6,59.5654,39.81,188.87
2016-01-22,69.48,60.77,56.14,60.296,40.3141,190.76
2016-01-25,69.52,60.66,55.81,60.24,40.34,190.15
2016-01-26,69.36,60.7499,55.82,60.2,40.49,190.53
2016-01-27,69.45,60.9,56.34,60.7,40.7399,191.56
2016-01-28,69.39,60.3999,55.4968,60.02,40.4732,190.2
2016-01-29,70.52,61.65,56.84,61.39,41.24,193.88
2016-02-01,71.18,61.9,57.25,61.3952,41.55,194.58
2016-02-02,70.57,61.12,56.47,60.49,41.15,191.97
2016-02-03,70.36,61.1741,55.93,60.53,41.2,191.78
2016-02-04,68.86,61.3899,56.59,61.17,41.115,192.75
2016-02-05,68.23,60.96,56.08,60.83,40.9,191.6696
2016-02-08,65.38,59.6799,54.85,59.39,40.26,186.12
2016-02-09,65.9089,60.05,54.562,59.15,40.35,186.94
2016-02-10,66.8755,60.56,54.99,59.79,40.59,188.34
2016-02-11,65.84,59.2522,54.08,58.53,40.038,184.1
2016-02-12,66.36,60,54.9799,59.3618,40.3949,186.65
2016-02-16,67.47,60.9598,56.2699,60.5499,40.88,189.81
2016-02-17,68.7,61.91,57.255,61.47,41.34,193.32
2016-02-18,68.66,62.01,57.09,61.38,41.46,193.27
2016-02-19,68.38,61.68,56.74,61.187,41.43,192.18
2016-02-22,69.4762,62.46,57.87,62.0598,41.82,194.95
2016-02-23,69.5999,62.3099,57.41,61.77,41.82,194.32
2016-02-24,69.54,62.11,57.32,61.87,41.829,193.53
2016-02-26,70.88,63.07,58.5,62.81,42.34,196.68
2016-02-29,70.59,62.83,58.3498,62.146,42.17,196.23
2016-03-01,71.2,63.36,59.03,63.124,42.335,198.21
2016-03-03,71.02,63.55,59.93,63.65,42.54,199.795
2016-03-07,70.59,63.8454,60.74,64.3624,42.68,201.07
2016-03-09,70.29,63.73,60.1536,64.06,42.67,199.79
2016-03-10,70.8572,63.949,60.5,63.8001,42.92,201.07
2016-03-16,72.09,64.9,61.29,65.3599,43.44,203.82
2016-03-17,72.06,65.39,61.8201,65.98,43.68,205.23
2016-03-18,72.31,65.51,62.21,66.1799,43.79,204.78
2016-03-21,72.2644,65.6081,62.18,66.11,43.72,204.94
2016-03-22,72.45,65.71,62.31,66.162,43.68,205.23
2016-03-23,72.16,65.0918,61.51,65.6,43.4299,204.33
2016-03-28,72.33,65.064,60.91,65.42,43.48,203.86
2016-03-30,73.482,65.979,61.76,66.428,44.09,206.87
2016-04-01,73.95,66.15,61.45,66.5224,44.34,207.14
2016-04-04,73.96,66.15,61.38,66.6,44.34,207.07
2016-04-05,73.0896,65.7385,60.58,65.72,44.1,206.2642
2016-04-07,73.45,65.71,60.79,65.3886,44.0765,205.56
2016-04-08,73.38,65.89,60.78,65.741,44.12,205.85
2016-04-11,73.21,66.02,60.95,65.84,44.14,206.07
2016-04-12,72.8778,65.98,60.98,66.035,44.129,206.25
2016-04-13,73.29,66.5,61.85,66.629,44.26,208.1
2016-04-18,73.87,66.8765,62.02,67.05,44.45,209.28
2016-04-19,74.21,67.2099,62.64,67.4899,44.59,210.2
2016-04-20,74.02,67.2301,63.26,67.4301,44.58,210.92
2016-04-21,73.79,67,63.2,67.14,44.3,210.25
2016-04-25,72.9,66.47,62.81,67.21,44,208.66
2016-04-26,73.21,66.78,63.05,67.21,44.15,209.52
2016-04-27,73,66.77,63.39,67.37,44.21,209.81
2016-04-28,73.43,66.69,63.44,67.6,44.21,209.76
2016-04-29,72.75,65.66,62.23,66.7099,43.83,207.13
2016-05-02,73.61,66.01,62.08,67.01,44.19,208.18
2016-05-03,73.3999,65.58,61.66,66.62,44.0861,206.8
2016-05-04,73.09,65.22,61.07,66.42,44.105,205.85
2016-05-05,73.1791,65.2582,60.976,66.62,44.19,205.98
2016-05-06,73.34,65.24,60.79,66.68,44.23,205.77
2016-05-09,74.0499,65.49,60.93,66.84,44.4785,206.4
2016-05-10,74.84,66.1,61.45,67.54,44.7865,208.5
2016-05-11,74.79,66,61.29,67.23,44.77,208.54
2016-05-12,74.488,65.8099,60.75,66.87,44.66,207.4899
2016-05-13,74.34,65.6299,60.7,66.8724,44.56,206.86
2016-05-16,74.48,65.71,60.82,67.03,44.69,207.34
2016-05-17,74.18,65.6399,60.89,66.9,44.595,206.8
2016-05-18,73.65,65.27,60.74,66.33,44.17,206.3
2016-05-20,73.5293,65.08,61.14,66.54,43.95,206.1
2016-05-23,73.37,65.03,61.21,66.505,43.89,205.84
2016-05-24,74.25,65.8592,61.83,67.13,44.23,208.24
2016-05-25,74.42,66.17,62.4832,67.532,44.34,209.77
2016-05-26,74.47,66.17,62.47,67.56,44.43,209.71
2016-05-27,74.6982,66.3,62.63,67.77,44.535,210.25
2016-05-31,74.77,66.47,62.83,67.96,44.58,210.69
2016-06-01,74.64,66.2099,62.77,67.95,44.57,210.48
2016-06-02,74.83,66.21,62.95,68.3,44.72,210.93
2016-06-03,75.24,66.1926,62.84,68.16,44.89,210.69
2016-06-06,75.27,66.5827,63.1499,68.4,44.93,211.77
2016-06-07,75.37,66.648,63.49,68.67,45,212.34
2016-06-08,75.62,66.6999,63.49,68.78,45.12,212.52
2016-06-09,75.91,66.64,63.2904,68.64,45.279,212.22
2016-06-10,75.588,66.23,62.7154,68.19,45.1399,210.86
2016-06-13,75.46,66.0099,62.28,68.05,45.13,210.37
2016-06-14,75,65.45,61.82,67.52,44.9,208.74
2016-06-16,75.1701,65.62,61.54,67.45,45.045,208.57
2016-06-17,75.19,65.58,61.78,67.52,45.03,207.2
2016-06-20,75.45,66.2001,62.55,68.3678,45.3,209.61
2016-06-21,75.2,65.63,61.85,67.8,45.05,208.92
2016-06-22,75.19,65.82,62.1328,68.07,45.09,209.5
2016-06-23,75.54,66.21,62.63,68.3199,45.31,210.87
2016-06-24,74.9069,64.9799,61.21,66.86,44.98,210.8463
2016-06-27,73.69,63.46,59.54,65.06,44.355,201.6
2016-06-28,74.52,63.98,59.66,65.38,44.84,203.23
2016-06-29,75.39,65.07,60.8292,67.178,45.47,206.93
2016-06-30,76.4,66,61.63,68.1,46.23,209.54
2016-07-01,76.72,66.28,61.85,68.418,46.375,210.49
2016-07-05,76.81,65.87,61.35,67.88,46.49,209.08
2016-07-06,77.2,66.01,61.33,67.84,46.569,209.8
2016-07-07,77.17,66.37,61.92,68.415,46.58,210.6495
2016-07-08,77.7149,66.915,62.6141,69.23,46.85,212.94
2016-07-11,78.0337,67.24,62.9639,69.45,46.949,214.07
2016-07-12,78.04,67.54,63.7,69.94,46.94,215.3
2016-07-14,78.117,67.87,64.276,70.19,47.1199,216.67
2016-07-15,78.17,68,64.16,70.12,47.11,217.0125
2016-07-18,78.054,67.92,64.38,70.1,47,216.6
2016-07-19,78.2,67.88,64.205,69.96,46.96,216.23
2016-07-20,78.45,68.2537,64.62,70.31,47.06,217.37
2016-07-21,78.33,68.23,64.67,70.15,46.98,217.22
2016-07-22,78.49,68.26,64.61,70.0901,47.19,217.3
2016-07-25,78.48,68.22,64.59,70.27,47.17,217.06
2016-07-26,78.34,68.1595,64.718,70.63,47.15,217.17
2016-07-27,78.21,68.22,64.895,70.35,46.97,217.27
2016-07-28,78.23,68.04,64.49,70.359,46.87,217.11
2016-07-29,78.7599,68.08,64.42,70.46,47.02,217.54
2016-08-01,78.75,68.17,64.4,70.35,47.06,217.65
2016-08-02,78.55,67.92,64,69.77,46.96,216.83
2016-08-03,78.24,67.79,63.84,69.86,46.75,216.245
2016-08-04,78.2799,67.93,63.95,70.0139,46.63,216.78
2016-08-05,78.39,68.34,64.6599,70.438,46.689,218.23
2016-08-08,78.44,68.44,64.86,70.488,46.71,218.52
2016-08-09,78.62,68.43,64.78,70.47,46.74,218.76
2016-08-10,78.5,68.3299,64.61,70.43,46.75,218.4038
2016-08-11,78.75,68.59,64.91,70.8,46.81,218.94
2016-08-12,78.78,68.48,64.8,70.58,46.85,218.71
2016-08-15,78.74,68.71,65.28,70.82,46.81,219.5
2016-08-16,78.3,68.43,65.09,70.4699,46.59,218.68
2016-08-17,77.97,68.41,64.98,70.2,46.38,218.53
2016-08-18,77.99,68.44,65.2299,70.4948,46.48,218.9
2016-08-19,77.85,68.44,65.2499,70.6,46.38,218.75
2016-08-24,77.83,68.51,65.4,70.76,46.43,218.91
2016-08-26,77.8798,68.66,65.394,70.87,46.45,219.12
2016-08-29,77.69,68.36,65.3499,70.56,46.2673,218.665
2016-08-30,77.75,68.27,65.31,70.61,46.23,218.59
2016-08-31,77.3199,67.9926,65.22,70.21,46.02,217.75
2016-09-02,78,68.254,65.51,70.8,46.369,218.87
2016-09-06,78.28,68.25,65.53,71.21,46.46,219.12
2016-09-07,78.25,68.22,65.7,70.8792,46.45,219.22
2016-09-08,77.96,68.24,65.7499,70.81,46.35,218.94
2016-09-09,77.24,67.5,65.259,70.49,45.905,217.03
2016-09-12,76.84,67.39,65.23,69.15,45.6466,216.81
2016-09-13,76.33,67.015,64.55,69.08,45.37,215.1499
2016-09-15,76.63,67.26,65.0016,69.19,45.28,215.73
2016-09-16,76.59,66.97,64.93,68.99,45.2,213.69
2016-09-19,76.84,67.3,65.4099,69.4,45.38,214.88
2016-09-21,77.72,67.75,65.5,69.53,45.9,216.03
2016-09-22,78.36,68.1901,66,70.5199,46.2399,217.53
2016-09-23,78.1,68.03,65.83,70.3,46.12,216.88
2016-09-26,77.39,67.13,64.81,69.51,45.63,215.23
2016-09-27,77.8,67.28,64.84,69.4979,45.7399,215.68
2016-09-28,77.79,67.5,65.24,69.5499,45.71,216.82
2016-09-29,77.8,67.58,65.26,69.978,45.7,216.87
2016-09-30,77.63,67.6928,65.48,69.8,45.585,217.12
2016-10-03,77.22,67.39,65.23,69.56,45.41,216.04
2016-10-04,77.16,67.39,65.47,69.4,45.13,216.17
2016-10-05,76.6496,67.22,65.72,69.3,44.8299,216.13
2016-10-06,76.6,67.225,65.595,69.28,44.69,216.04
2016-10-07,76.61,67.331,65.715,69.0201,44.83,216.3
2016-10-10,76.63,67.48,65.823,69.22,44.872,216.7
2016-10-11,76.4,67.22,65.42,68.79,44.69,215.74
2016-10-12,76.23,66.83,64.83,68.57,44.54,214.32
2016-10-13,76.23,66.686,64.58,68.25,44.589,213.59
2016-10-14,76.5,66.97,64.97,68.71,44.745,214.69
2016-10-17,76.04,66.635,64.52,68.36,44.48,213.39
2016-10-18,76.4661,66.93,64.91,68.57,44.67,214.31
2016-10-19,76.31,66.7299,64.9153,68.74,44.6,214.64
2016-10-20,76.23,66.6998,64.92,68.51,44.515,214.53
2016-10-21,76.16,66.37,64.66,68.35,44.28,214.08
2016-10-24,76.66,66.7,65,68.97,44.53,215.32
2016-10-25,76.75,66.52,64.9,68.54,44.38,214.98
2016-10-27,76.05,66.61,64.88,68.28,44.19,214.62
2016-10-28,75.93,66.4927,64.795,68.27,44.11,213.93
2016-11-01,76.06,66.32,64.78,67.9,44.19,212.99
2016-11-02,75.14,65.65,64.2,67.47,43.83,211.1
2016-11-03,74.63,65.57,64.1,67.41,43.75,210.24
2016-11-04,74.54,65.47,63.89,67.23,43.71,209.89
2016-11-07,75.63,66.46,64.8,68.2219,44.22,213.19
2016-11-08,76.38,66.98,65.17,68.77,44.59,214.77
2016-11-09,75.99,67.71,66.5728,69.3199,44.5,217.1
2016-11-10,76.05,68.099,67.55,69.92,44.474,218.31
2016-11-11,75.0153,67.6341,67.11,69.55,44.2041,216.7
2016-11-14,74.89,67.833,67.88,70.06,44.14,217.27
2016-11-15,74.8798,67.69,68.33,70.4,44.25,218.28
2016-11-16,75.07,67.79,68.205,70.28,44.349,218.14
2016-11-17,75.509,68.1,68.19,70.566,44.45,219.06
2016-11-18,75.62,68.13,68.4,70.42,44.46,219.27
2016-11-21,75.785,68.45,68.49,70.83,44.51,220.18
2016-11-22,76.16,68.79,68.72,71.0352,44.6587,220.79
2016-11-23,76.2,68.45,68.93,71.1098,44.54,220.76
2016-11-25,76.37,68.71,69.21,71.49,44.8,221.56
2016-11-28,76.509,68.75,69.1,71.84,44.91,221.48
2016-11-29,76.76,68.65,69,71.52,45.07,221.44
2016-11-30,76.48,68.68,69.26,71.53,45.02,221.82
2016-12-01,75.42,68.1899,69.71,71.04,44.41,220.73
2016-12-05,75.0499,68.26,69.66,71.11,44.37,221.4
2016-12-06,75.209,68.29,69.84,71.58,44.47,221.7441
2016-12-07,76.219,69.24,71.03,72.32,45.05,224.67
2016-12-08,76.39,69.46,71.55,72.77,45.16,225.7
2016-12-09,76.38,69.7,71.73,72.91,45.32,226.53
2016-12-12,76.29,69.85,71.8159,73.21,45.5459,226.96
2016-12-13,77.16,70.42,72.05,73.17,45.81,228.34
2016-12-14,77.22,70.5,72.04,73.19,45.85,228.23
2016-12-15,77,70.25,71.9,72.78,45.5857,227.81
2016-12-16,77.3,70.33,72.02,73,45.7088,226.08
2016-12-19,77.07,70.2027,71.58,72.72,45.81,226.02
2016-12-20,77.2599,70.37,71.86,72.9152,45.8299,226.57
2016-12-21,77.14,70.32,71.77,73.01,45.81,226.45
2016-12-22,76.77,69.85,71.29,72.18,45.33,225.74
2016-12-23,76.75,69.76,71.06,72.23,45.38,225.72
2016-12-27,77.16,70.03,71.39,72.42,45.51,226.73
2016-12-28,77.21,69.97,71.41,72.22,45.48,226.59
2016-12-29,76.46,69.51,70.66,71.92,45.38,224.89
2016-12-30,76.6,69.57,70.53,71.84,45.41,224.83
2017-01-03,76.46,69.72,71.06,72.1426,45.37,225.83
2017-01-04,76.6553,70.08,71.74,72.84,45.59,226.75
2017-01-05,76.82,70.16,71.55,73.01,45.6,226.58
2017-01-06,77.37,70.258,71.43,72.88,45.75,227.75
2017-01-09,77.359,70.16,71.2358,72.62,45.66,227.0701
2017-01-11,77.4,69.8039,71.33,72.71,45.52,227.1
2017-01-12,77.33,69.69,71.18,72.63,45.5569,226.75
2017-01-17,77.52,69.7763,71,72.96,45.68,226.78
2017-01-18,77.609,69.87,70.87,72.94,45.74,226.8
2017-01-19,77.72,69.89,70.99,72.75,45.68,227
2017-01-20,78.0065,69.79,70.91,72.98,45.7567,227.31
2017-01-23,77.65,69.66,70.71,72.68,45.67,226.805
2017-01-24,78.19,70.12,71.28,73.2399,45.7743,228.08
2017-01-25,78.72,70.66,72.0234,73.65,45.875,229.57
2017-01-26,78.7099,70.66,72.11,73.59,45.87,229.71
2017-01-27,78.82,70.54,71.93,73.33,45.8489,229.59
2017-01-30,78.6,70.14,71.26,73.52,45.73,228.2
2017-02-01,78.53,70.19,71.75,73.178,45.74,228.59
2017-02-02,78.62,69.92,71.56,73.234,45.78,228.1
2017-02-03,78.979,70.3562,72.224,73.63,46.07,229.55
2017-02-06,78.89,70.3232,72.33,73.426,45.9599,229.326
2017-02-08,79.31,70.345,71.87,73.5603,46.17,229.39
2017-02-09,79.58,70.8028,72.51,74.0335,46.4099,230.95
2017-02-10,79.81,71.14,72.62,74.47,46.52,231.77
2017-02-13,79.9832,71.48,73.249,74.786,46.6899,233.07
2017-02-14,79.95,71.72,73.66,74.74,46.706,233.71
2017-02-15,80.37,72.2,74.19,75.23,46.93,235.14
2017-02-16,80.47,72.26,74.32,75.16,47.08,235.155
2017-02-17,80.54,72.55,74.17,75.36,47.14,235.09
2017-02-21,81.17,72.95,74.8099,76.03,47.4889,236.69
2017-02-22,81.2021,72.92,74.66,76.2,47.5,236.54
2017-02-23,81.29,73.13,74.81,75.9122,47.757,236.9
2017-02-24,81.18,73.3,74.48,75.8954,47.955,236.7932
2017-02-27,81.34,73.37,74.79,76.295,47.96,237.31
2017-02-28,81.4,73.315,74.49,76.25,47.93,236.95
2017-03-01,82.22,74.29,75.57,76.9,48.31,240.32
2017-03-02,82,74.1161,75.32,76.6184,48.22,239.57
2017-03-03,81.73,73.94,75.035,76.54,48.07,238.61
2017-03-06,81.66,73.76,74.68,75.8884,47.9563,238.12
2017-03-08,81.78,73.61,74.42,76.16,47.83,237.64
2017-03-10,82.16,73.73,74.2,75.82,47.91,238.02
2017-03-13,82.46,73.6666,74.12,75.7252,47.96,237.86
2017-03-14,82.32,73.59,73.75,75.52,47.9,237.24
2017-03-15,83.038,74.2187,74.38,76.36,48.405,239.44
2017-03-16,82.97,74.22,74.33,76.67,48.3,239.2
2017-03-17,83.1199,74.21,74.23,76.4,48.3899,237.97
2017-03-20,83.09,73.95,73.81,76.178,48.308,237.36
2017-03-21,83.2622,74.13,73.77,76.08,48.33,237.61
2017-03-22,82.43,73.3,72.68,75.36,48.07,234.61
2017-03-23,82.6204,73.56,72.93,75.71,48.22,235.34
2017-03-24,82.52,73.04,72.515,75.37,47.89,235.04
2017-03-27,82.17,72.67,72.09,74.6734,47.67,233.92
2017-03-28,82.5073,73.09,72.96,75.45,47.84,235.81
2017-03-29,82.64,72.95,73.095,75.3499,47.76,235.81
2017-03-30,82.83,73.01,73.38,75.63,47.79,236.52
2017-04-04,82.61,72.62,72.88,75.28,47.71,235.58
2017-04-05,83.259,73.1328,73.43,75.68,47.97,237.39
2017-04-06,82.7728,72.71,72.97,75.31,47.75,236.04
2017-04-07,82.859,72.73,72.95,75.32,47.7653,236
2017-04-11,82.54,72.59,72.67,75.27,47.77,235.18
2017-04-12,82.45,72.52,72.67,75.1617,47.76,234.96
2017-04-13,82.3814,72.436,72.4,75.135,47.74,234.49
2017-04-17,82.68,72.51,72.29,75.33,47.85,234.57
2017-04-18,82.7399,72.39,72.2,75.28,47.875,234.49
2017-04-19,83.08,72.43,72.38,75.38,47.9855,234.95
2017-04-20,83.3434,72.71,72.82,75.78,48.08,235.845
2017-04-21,83.299,72.6,72.76,75.67,48.0468,235.31
2017-04-24,84.16,73.14,73.33,76.47,48.38,237.41
2017-04-25,84.6197,73.58,73.67,76.71,48.55,238.95
2017-04-26,84.61,73.63,73.99,76.75,48.59,239.53
2017-05-01,85.3097,73.37,73.61,76.26,48.46,239.17
2017-05-02,85.26,73.3603,73.46,76.2399,48.39,238.98
2017-05-03,85.1,73.28,73.31,75.97,48.2689,238.8775
2017-05-04,85.04,73.38,73.42,76.16,48.3566,238.9225
2017-05-05,85.42,73.54,73.61,76.59,48.53,239.72
2017-05-08,85.49,73.5748,73.75,76.48,48.54,239.92
2017-05-09,85.57,73.6179,73.96,76.397,48.43,240.19
2017-05-10,85.94,73.53,73.86,76.42,48.31,239.87
2017-05-11,85.98,73.46,73.78,76.18,48.26,239.57
2017-05-12,86.05,73.2951,73.56,75.9446,48.26,239.4273
2017-05-15,86.72,73.655,73.8599,76.4,48.41,240.44
2017-05-16,86.89,73.7048,73.81,76.23,48.48,240.67
2017-05-17,86.4,73.2349,73.03,75.54,48.13,238.64
2017-05-18,86.11,72.99,72.21,75.576,48.19,237.75
2017-05-19,86.6,73.338,72.7,76.04,48.31,239.08
2017-05-22,87.18,73.66,72.84,76.42,48.585,239.71
2017-05-23,87.38,73.93,73.09,76.58,48.6867,240.24
2017-05-24,87.7578,73.87,73.12,76.77,48.8485,240.73
2017-05-25,88.57,74.31,73.54,77.22,49.2199,242.08
2017-05-26,88.57,74.28,73.4,77.16,49.19,241.9
2017-05-30,88.81,74.23,73.52,77.16,49.23,241.79
2017-05-31,89.0601,74.39,73.58,77.11,49.3999,241.88
2017-06-01,89.45,74.85,73.91,77.94,49.72,243.38
2017-06-02,90.12,75.158,74.07,78.33,49.91,244.35
2017-06-05,90.16,75.13,73.96,78.1936,49.87,244.3
2017-06-06,89.85,74.94,73.6447,77.7895,49.76,243.98
2017-06-07,90.17,74.96,73.76,77.76,49.77,243.92
2017-06-08,90.52,75,74.11,77.87,49.72,244.33
2017-06-09,91.0399,75.24,74.4097,78.04,49.58,245.01
2017-06-12,89.24,74.93,74.19,78.14,49.44,243.42
2017-06-13,89.93,75.32,74.41,78.49,49.6399,244.61
2017-06-14,89.9196,75.44,74.55,78.59,49.82,244.87
2017-06-15,89.64,75.23,73.73,78.5,49.7946,243.91
2017-06-16,89.65,75.29,73.62,78.49,49.82,242.83
2017-06-19,90.83,75.8614,74.17,78.89,50.02,244.73
2017-06-20,90.7109,75.78,74.06,78.77,50.03,244.26
2017-06-21,90.32,75.48,73.68,78.0834,49.94,243.59
2017-06-22,90.14,75.375,73.81,78.1799,49.8485,243.53
2017-06-23,89.99,75.42,73.78,77.989,49.82,243.51
2017-06-26,90.24,75.6399,74.2897,78.399,49.879,244.38
2017-06-27,89.52,74.99,73.8,78.42,49.45,243.38
2017-06-28,89.86,75.06,74,78.12,49.41,243.715
2017-06-29,90.04,74.94,74.1345,78,49.26,243.72
2017-06-30,89.4,74.68,73.845,78.03,49.08,242.71
2017-07-05,89.78,74.71,74.28,77.89,49.01,243.01
2017-07-06,89.71,74.49,73.95,77.34,48.83,242.03
2017-07-07,90.22,74.58,73.865,77.7,48.9,242.28
2017-07-10,90.579,74.65,73.83,77.62,48.897,242.8
2017-07-11,90.61,74.51,73.69,77.47,48.7654,242.55
2017-07-12,91.26,74.9797,74.13,77.8403,49.09,244.2
2017-07-13,91.5134,75.05,74.43,78.05,49.09,244.55
2017-07-14,91.8257,75.57,74.86,78.47,49.315,245.97
2017-07-17,91.8,75.46,75,78.48,49.3,245.91
2017-07-18,91.57,75.488,74.73,78.34,49.26,245.72
2017-07-19,92.051,75.74,75.02,78.69,49.49,247
2017-07-20,92.44,75.99,75.1299,78.8,49.645,247.42
2017-07-21,91.989,75.88,74.85,78.8,49.69,246.91
2017-07-25,92.48,76,75.56,79.08,49.703,247.8
2017-07-27,92.61,75.73,75.28,78.7911,49.8,248
2017-08-01,92.896,75.39,75.29,79.23,50.015,247.5
2017-08-02,92.73,75.65,75.63,79.14,49.91,247.6
2017-08-03,92.46,75.61,75.43,79.06,49.95,247.34
2017-08-07,93.11,75.64,75.61,78.84,49.97,247.87
2017-08-08,93.69,75.7501,76.13,78.98,49.9636,248.91
2017-08-10,92.7,75.25,75.13,78.18,49.79,246.44
2017-08-11,91.68,74.5402,74.43,77.525,49.7,244.8
2017-08-14,93.04,75.09,75.06,78.31,50.039,246.79
2017-08-16,93.42,75.33,75.25,78.6195,50.29,247.57
2017-08-17,92.88,75.09,74.77,77.935,50.2269,246.6
2017-08-18,91.9,74.21,73.89,77.43,49.79,244.189
2017-08-21,91.35,74.03,73.47,77.3634,49.8399,243.2
2017-08-22,92.68,74.72,74.18,77.9316,50.16,245.62
2017-08-23,92.46,74.52,74.22,77.91,50.1,245.05
2017-08-24,92.58,74.74,74.31,77.9,50,245.18
2017-08-25,92.6299,74.85,74.4297,78.0699,50.07,245.61
2017-08-29,92.36,74.6963,74.38,77.745,50,245.15
2017-08-30,92.94,75.11,74.79,78.0247,50.12,246.32
2017-08-31,93.42,75.5753,75.31,78.2876,50.34,247.77
2017-09-01,93.74,75.83,75.8,78.69,50.41,248.33
2017-09-05,93.18,75.48,75.51,78.19,50.22,247.52
2017-09-06,92.87,75.43,75.4913,78.15,50.24,247.28
2017-09-07,92.85,75.71,75.53,78,50.3,247.27
2017-09-08,92.48,75.675,75.24,78.2069,50.525,247.11
2017-09-11,93.42,76.341,75.99,79.081,50.84,249.3
2017-09-13,94.01,76.68,76.66,79.1624,50.78,250.21
2017-09-14,94.17,76.55,76.68,79.13,50.67,250.32
2017-09-15,94.29,76.82,76.83,79.26,50.71,249.29
2017-09-18,95.13,77.09,77.16,79.62,50.7571,250.12
2017-09-19,95.28,77.2,77.09,79.4799,50.7899,250.07
2017-09-20,95.25,77.21,76.96,79.328,50.6499,250.19
2017-09-21,95.25,77.18,76.87,79.26,50.6,249.98
2017-09-22,94.93,77.12,76.92,79.33,50.395,249.63
2017-09-26,94.29,77.12,76.89,79.039,50.23,249.7
2017-09-27,95.27,77.26,77.32,79.09,50.25,250.49
2017-09-28,95.13,77.0978,77.18,79.065,50.23,250.44
2017-09-29,95.72,77.16,77.3625,79.3529,50.35,251.32
2017-10-02,96.12,77.58,78.02,79.78,50.51,252.32
2017-10-03,96.45,77.82,78.44,79.89,50.63,252.89
2017-10-04,96.47,77.98,78.58,80.09,50.7,253.44
2017-10-05,97,78.4096,78.87,80.3459,50.87,254.68
2017-10-06,97.09,78.35,78.78,80.28,50.89,254.7008
2017-10-09,97.3,78.48,78.78,80.16,50.9,254.7
2017-10-10,97.29,78.76,78.95,80.18,50.87,255.05
2017-10-11,97.28,78.89,78.9,80.27,50.93,255.02
2017-10-12,97.36,78.9522,78.77,80.43,51.04,255.06
2017-10-13,97.31,79.1341,78.91,80.56,51.12,255.27
2017-10-18,98.217,79.22,79.05,80.604,51.18,255.95
2017-10-19,98.36,79.22,78.88,80.68,51.37,255.83
2017-10-20,99.45,79.77,79.45,81.14,51.56,257.14
2017-10-23,99.7,79.73,79.7,81.31,51.7,257.51
2017-10-24,99.8,79.81,79.869,81.1,51.62,256.83
2017-10-25,99.68,79.516,79.66,80.76,51.37,256.31
2017-10-26,99.59,79.69,79.6,80.9348,51.5,256.3
2017-10-27,100.618,79.65,79.4879,80.87,51.56,257.89
2017-10-30,100.62,79.75,79.47,80.55,51.54,257.6
2017-10-31,100.7999,79.54,79.44,80.7,51.35,257.44
2017-11-01,101.18,79.87,79.93,81.01,51.49,258.43
2017-11-02,100.709,79.6,79.74,80.7,51.45,257.75
2017-11-03,101.15,79.8,79.96,80.86,51.49,258.5
2017-11-06,101.4,79.9,80.09,81.01,51.48,259
2017-11-07,101.62,79.99,80.23,81.051,51.58,259.35
2017-11-08,101.16,79.99,79.98,81.109,51.75,259.22
2017-11-09,100.5791,79.74,79.79,80.94,51.66,258.39
2017-11-10,100.6,79.81,79.88,80.88,51.61,258.2926
2017-11-13,100.8553,79.935,80.04,81.15,51.8,258.59
2017-11-14,100.61,79.88,79.72,81.2,51.85,257.85
2017-11-15,100.51,79.75,79.46,80.9551,51.78,257.22
2017-11-16,101.4105,80.1298,80.57,81.4926,51.9269,259.04
2017-11-20,101.4102,80.2996,80.64,81.55,51.78,258.525
2017-11-21,102.1,80.703,81.13,81.82,52.04,260.2
2017-11-22,102.12,80.72,81.17,81.89,52.07,260.15
2017-11-24,101.93,80.71,81.3,81.8088,51.98,260.48
2017-11-27,101.87,80.79,81.1,81.9086,52.09,260.75
2017-11-28,102.92,81.53,81.75,82.73,52.48,262.9
2017-11-29,103.22,81.83,82.49,83.1,52.599,263.63
2017-11-30,103.75,82.5732,83.19,83.85,53.05,266.05
2017-12-01,103.43,82.53,82.69,83.651,52.98,265.31
2017-12-04,103.87,82.9,83.53,84.19,53.16,266.8
2017-12-05,102.29,82.64,82.97,83.74,52.85,265.15
2017-12-06,101.71,82.27,82.35,83.12,52.6344,263.73
2017-12-07,102.375,82.47,82.52,83.27,52.66,264.43
2017-12-08,102.92,82.78,83.06,83.58,52.85,265.52
2017-12-11,102.91,82.9547,83.47,83.73,52.9252,266.38
2017-12-12,103.209,83.18,83.87,83.92,53.04,267.32
2017-12-13,103.51,83.29,83.7523,83.92,53.167,267.56
2017-12-14,103.41,83.22,83.64,83.71,53.11,267.22
2017-12-15,103.68,83.49,83.86,84.13,53.35,267.04
2017-12-18,104.4,84.01,84.7,84.41,53.59,268.6
2017-12-19,104.55,84.15,84.84,84.39,53.52,268.53
2017-12-20,104.5,84.12,84.89,84.34,53.23,268.33
2017-12-21,104.12,83.61,84.57,83.84,52.9,268.385
2017-12-22,103.69,83.15,84.44,83.81,52.7266,267.635
2017-12-26,103.34,83.14,84.2,83.88,52.79,267.4377
2017-12-27,103.599,83.39,84.18,83.85,52.87,267.73
2017-12-28,103.81,83.4,84.2,83.9,52.98,267.92
2017-12-29,104.1697,83.53,84.47,84.1,53.08,268.55
2018-01-03,105.07,83.9,84.87,84.31,52.92,270.64
2018-01-04,106.0406,84.3624,85.3399,84.76,53.215,272.16
2018-01-05,106.74,84.81,85.7,85.08,53.36,273.56
2018-01-08,107.1548,85.14,85.86,85.31,53.48,274.1
2018-01-09,107.66,85.54,86.12,85.5677,53.609,275.25
2018-01-10,107.3897,85.2199,86.09,85.1699,53.35,274.42
2018-01-11,108.03,85.65,86.92,85.71,53.37,276.12
2018-01-12,109.08,86.279,87.63,85.99,53.57,278.11
2018-01-16,110.18,86.87,88.28,86.0648,53.8885,280.09
2018-01-17,110.7,87.2524,88.23,86.48,54.07,280.05
2018-01-18,110.87,87.26,88.2,86.35,54.04,279.96
2018-01-19,111.16,87.45,88.32,86.7599,54.14,280.41
2018-01-22,111.84,87.89,88.83,87.06,54.46,282.69
2018-01-23,112.2,88.06,88.97,87.49,54.5999,283.62
2018-01-24,112.48,88.109,89.1,87.7798,54.75,284.7
2018-01-25,112.4,88.06,88.97,87.729,54.86,284.27
2018-01-26,113.56,88.63,89.39,88.18,55.31,286.6285
2018-01-29,113.6,88.49,89.4,88.35,55.45,286.43
2018-01-30,111.561,87.48,88.21,87.31,54.74,284.736
2018-01-31,112.1623,87.1528,88.1,87.3,54.77,283.3
2018-02-01,112.115,87.01,87.47,86.92,54.7667,283.06
2018-02-02,110.9,86.45,86.65,86.51,54.28,280.23
2018-02-05,109.46,85.12,85.19,85.21,53.54,275.85
2018-02-06,107.08,83.18,83.68,83.0173,52.14,269.7
2018-02-07,108.28,84.08,84.699,83.8008,52.6,272.36
2018-02-08,106.98,82.93,83.6,82.76,51.96,268.17
2018-02-09,104.84,81.73,81.78,81.81,51.42,263.61
2018-02-12,106.52,82.67,82.98,82.63,51.83,267.01
2018-02-13,106.49,82.54,82.9,82.4502,51.8313,266.62
2018-02-14,108.28,83.6,84.12,82.23,52.1968,270
2018-02-15,109.54,84.51,84.86,84.32,52.84,273.04
2018-02-16,110.3796,85.2452,85.62,84.9,53.2799,275.32
2018-02-20,110.28,84.758,84.85,84.53,52.87,273.67
2018-02-21,110.9,84.98,85.09,84.6,52.9,274.72
2018-02-22,110.02,84.35,84.61,83.93,52.54,273.05
2018-02-23,110.78,84.93,85.14,84.4,52.87,274.71
2018-02-26,112.12,85.9261,86.3,85.31,53.3899,278.01
2018-02-27,112.6151,86.349,86.745,85.4701,53.515,278.92
2018-02-28,112,85.6399,85.81,84.65,53.12,276.19
2018-03-01,110.42,84.7,84.94,83.4857,52.615,273.17
2018-03-02,108.64,83.7531,83.81,82.6544,52.07,269.72
2018-03-05,109.97,84.6148,84.761,83.9629,52.6957,272.89
2018-03-06,110.25,84.99,85,84.3502,52.77,273.39
2018-03-07,110.49,84.89,84.73,84.38,52.76,273.18
2018-03-08,110.81,85.26,85.02,84.635,52.9799,274.24
2018-03-09,112.9299,86.68,86.21,85.715,53.59,278.87
2018-03-12,113.3498,87,86.5,86.1,53.74,279.91
2018-03-13,113.5805,87.37,87.05,85.73,53.78,280.41
2018-03-14,112.52,86.74,86.49,85.2446,53.61,278.02
2018-03-15,112.08,86.15,85.71,85.03,53.38,276.61
2018-03-16,112.03,86.21,85.899,85.3904,53.375,275.39
2018-03-19,111.3,85.94,85.39,84.8641,53.18,274.3957
2018-03-20,111.57,85.36,84.89,84.6699,53.01,271.67
2018-03-21,112.13,85.78,85.27,84.83,53.14,273.27
2018-03-22,109.5,84.05,83.57,83.65,52.28,268.87
2018-03-23,107.345,82.835,82.27,82.49,51.74,265.02
2018-03-26,107.82,82.94,82.4,82.475,51.73,265.43
2018-03-27,108.69,83.4,82.83,83.0862,52.07,266.77
2018-03-28,105.49,82.23,81.73,82.11,51.76,262.64
2018-03-29,106.94,83.23,82.48,83.01,52.215,265.26
2018-04-02,105.24,82.74,81.93,82.68,52,263.13
2018-04-03,104.0468,82.0054,81.48,81.7393,51.69,261.31
2018-04-04,105.27,83.07,82.5,82.03,52.19,264.355
2018-04-05,106.45,83.53,83.1,83.21,52.52,266.64
2018-04-06,105.6025,83.07,82.66,82.98,52.35,265.11
2018-04-09,105.46,82.78,82.61,82.42,52.2599,264.84
2018-04-10,106.23,83.2107,83.08,82.8848,52.34,266.04
2018-04-11,106.1152,83.05,82.93,82.68,52.205,265.64
2018-04-12,107.225,83.4,83.55,82.9312,52.295,267
2018-04-13,107.58,83.54,83.84,82.96,52.28,267.54
2018-04-16,106.88,83.6,84.07,83.395,52.73,268.2
2018-04-17,108.52,84.28,84.52,84.21,53.12,270.87
2018-04-18,108.9,84.25,84.89,84.32,53.16,271.3
2018-04-19,108.47,83.68,84.26,83.5917,52.9,269.88
2018-04-20,108.37,82.92,83.57,83.5358,52.75,269.06
2018-04-23,108.2,82.44,83.282,83.4,52.42,267.89
2018-04-24,108.26,82.41,83.66,83.23,52.51,267.9762
2018-04-26,107.59,82.2,83.3,83.04,52.455,267.2452
2018-04-27,108.26,82.24,83.34,83.13,52.46,267.34
2018-04-30,108,82.57,83.65,83.56,52.6,267.89
2018-05-01,107.11,81.74,82.38,82.57,51.98,265.1
2018-05-02,107.3083,82.1261,82.65,82.37,51.99,265.68
2018-05-03,106.7503,81.6048,81.67,81.605,51.63,263.36
2018-05-04,107.82,82.68,82.72,82.85,52.16,266.7892
2018-05-07,108.76,82.97,82.87,82.7268,52.23,268.02
2018-05-09,110.38,83.5368,83.37,83.2027,52.29,269.865
2018-05-10,111.23,84.15,84.26,83.91,52.7599,272.39
2018-05-11,111.4185,84.53,84.49,84.18,52.91,273.15
2018-05-14,111.73,84.58,84.91,84.18,52.96,274.08
2018-05-15,110.62,83.93,84.42,83.33,52.51,271.61
2018-05-16,111.1136,84.268,85.2,83.43,52.515,272.76
2018-05-18,110.7402,84.1953,84.96,83.6649,52.315,272.03
2018-05-21,111.88,84.71,85.43,84.21,52.6671,273.98
2018-05-22,111.965,84.88,85.62,84.38,52.71,274.25
2018-05-23,111.53,84.56,84.98,84.06,52.68,273.39
2018-05-24,111.63,84.57,84.99,84.07,52.71,273.22
2018-05-25,111.46,84.48,84.82,84.05,52.83,272.86
2018-05-29,110.91,83.94,84.3,83.51,52.4666,271.17
2018-05-30,111.41,84.63,84.66,84.345,53.05,273.11
2018-05-31,111.1,84.57,84.59,84.13,52.9227,272.49
2018-06-01,111.87,84.84,85.0122,84.16,52.8853,273.94
2018-06-04,112.68,85.35,85.56,84.3692,53.13,275.185
2018-06-05,113.2,85.43,85.5949,84.53,53.18,275.53
2018-06-06,114.29,86.15,86.24,84.88,53.35,277.52
2018-06-07,114.56,86.49,86.66,85.13,53.47,278.28
2018-06-08,113.73,86.33,86.57,85.44,53.675,278.25
2018-06-11,114.02,86.61,86.98,85.65,53.77,279.37
2018-06-12,114.06,86.52,86.98,85.79,53.7799,279.33
2018-06-13,114.6,86.49,86.86,85.8436,53.86,279.48
2018-06-14,114.69,86.21,86.7,85.65,53.755,279.33
2018-06-15,114.2425,86.1,86.28,85.38,53.88,277.51
2018-06-18,114.2,85.87,85.99,85.62,53.68,276.7
2018-06-19,113.45,85.57,85.49,85.32,53.63,275.75
2018-06-20,114.41,85.79,85.79,85.572,53.7,276.72
2018-06-21,114.39,85.38,85.59,85.18,53.59,275.98
2018-06-22,113.53,85.25,85.54,85.43,53.7592,275.785
2018-06-25,111.51,84.46,84.53,85.11,53.62,273.6162
2018-06-26,110.36,83.8,83.65,84.24,53.25,272.56
2018-06-27,110.9097,83.99,84.11,84.27,53.28,273.865
2018-06-28,109.8736,83.4632,83.03,83.95,53.21,271.75
2018-06-29,110.77,84.14,83.53,84.36,53.4888,273.66
2018-07-02,110.19,83.52,82.79,83.73,53.26,272.04
2018-07-03,110.89,83.94,83.1302,84.28,53.51,272.98
2018-07-05,110.0748,84.0298,83.0702,84.585,53.71,273.18
2018-07-06,111.1736,84.8598,83.79,85.2999,54.06,275.84
2018-07-09,112.31,85.42,84.79,85.6544,54.17,277.96
2018-07-10,112.91,85.78,85.07,86.23,54.35,279.01
2018-07-11,112.4504,85.4616,84.44,85.5908,54.3534,278.04
2018-07-12,113.56,85.84,84.63,85.958,54.5952,279.43
2018-07-16,113.7357,85.8613,84.57,85.8871,54.68,279.803
2018-07-17,114.22,86.18,84.76,86,54.6778,280.91
2018-07-19,114.24,86.26,84.9,86.2374,54.755,280.74
2018-07-20,114.085,86.17,84.69,85.99,54.65,280.48
2018-07-23,113.91,85.94,84.69,85.88,54.67,280.43
2018-07-24,114.81,86.54,85.19,85.97,54.69,282.56
2018-07-25,115.32,87.18,85.13,86.34,55.035,284.37
2018-07-26,115.3316,87.32,85.67,86.8,55.199,284.11
2018-07-27,115.3,87.25,85.46,86.8,55.13,283.82
2018-07-30,113.27,86.63,85.28,86.43,54.84,281.69
2018-07-31,112.22,86.739,85.7247,86.61,54.94,282.02
2018-08-01,112.43,86.77,85.879,86.4,54.89,282.13
2018-08-02,113.07,86.702,85.94,86.5092,55.02,282.58
2018-08-03,113.37,87.06,86.55,86.99,55.31,283.6577
2018-08-06,113.64,87.35,86.83,87.2933,55.5,284.99
2018-08-07,114.49,87.75,87.16,87.4099,55.6,286.01
2018-08-09,114.8,87.59,87.1802,87.33,55.63,285.97
2018-08-10,114.19,87.08,86.4,86.86,55.51,284.055
2018-08-13,114.56,87.0897,86.31,86.6575,55.47,284.16
2018-08-14,114.2,87.12,86.43,86.91,55.5862,284.17
2018-08-15,113.6,86.94,85.9,86.58,55.505,282.54
2018-08-16,113.976,87.61,86.9,87.37,56.01,285.04
2018-08-17,113.73,87.86,87.42,87.72,56.29,285.5601
2018-08-20,114.33,88.18,87.7129,87.9851,56.3899,285.97
2018-08-21,114.97,88.51,88.2833,88.23,56.53,287.31
2018-08-23,115.62,88.58,87.7316,87.6574,56.23,286.94
2018-08-24,116.46,88.82,87.83,88.13,56.42,287.67
2018-08-27,117.46,89.45,88.668,88.49,56.61,289.9
2018-08-29,118.61,89.93,89.1,88.93,56.75,291.74
2018-08-30,118.57,89.83,88.97,88.56,56.68,291.36
2018-09-04,118.66,89.79,88.47,88.43,56.63,290.21
2018-09-06,117.27,89.83,88.45,88.49,57,289.49
2018-09-07,117.12,89.65,87.7425,88.5,56.89,288.7
2018-09-10,117.07,89.8067,87.68,88.62,57.02,289.04
2018-09-11,117.4698,89.84,87.57,88.68,57.02,289.55
2018-09-12,117.5799,89.9292,87.7031,88.68,57.07,289.8
2018-09-13,118.519,90.29,88.15,89.18,57.34,291.0384
2018-09-14,118.78,90.455,88.32,89.24,57.39,291.27
2018-09-17,118.46,90.47,88.2648,89.14,57.38,290.86
2018-09-18,118.48,90.58,88.5377,89.29,57.509,291.58
2018-09-19,118.48,90.62,88.815,89.41,57.48,291.69
2018-09-20,118.6,91.14,89.5,89.63,57.47,293.94
2018-09-21,119.06,91.47,89.71,89.78,57.67,293.22
2018-09-24,118.6736,91.23,89.2064,89.4,57.54,291.5
2018-09-25,119.09,91.17,89.03,89.09,57.39,291.65
2018-09-26,119.51,90.78,88.34,88.3,57.12,292.24
2018-09-27,119.195,90.62,88.23,87.99,56.985,291.91
2018-09-28,119.49,90.52,87.99,87.98,57.04,291.28
2018-10-01,120.05,91.0199,88.66,88.265,57.21,292.93
2018-10-02,119.76,90.98,88.56,88.09,57.21,292.355
2018-10-03,120,91.25,89.18,88.29,57.29,293.21
2018-10-04,119.25,90.6192,88.73,87.5,56.76,291.24
