"","date","lowMTUM","lowQUAL","lowVLUE","lowSIZE","lowUSMV","lowSPY"
"1",2013-07-22,54.34,49.95,54.78,52.89,33.83,169.01
"2",2013-07-29,54.413,50.05,54.51,53.75,33.77,168.11
"3",2013-08-05,54.98,50.7,55.31,54.48,33.9201,170.35
"4",2013-08-09,54.38,50.309,54.85,54.1699,33.74,168.72
"5",2013-08-15,52.95,49.42,54.01,52.96,33.0801,166.09
"6",2013-08-19,52.6,49.26,53.58,52.53,32.76,164.76
"7",2013-08-26,52.9683,49.89,54,53.07,32.969,165.89
"8",2013-09-06,52.99,49.56,53.9,52.82,32.58,164.48
"9",2013-09-10,53.4922,50.56,54.5801,53.2853,33.11,168.26
"10",2013-09-19,55.2847,52,55.83,54.94,34.164,172.585
"11",2013-09-30,53.86,50.33,54.15,53.49,33.07,167.15
"12",2013-10-02,53.96,50.89,54.23,53.62,33.13,167.83
"13",2013-10-03,53.69,50.45,54.04,53.1156,32.95,166.84
"14",2013-10-08,53.03,49.8,53.5,53.37,32.78,165.36
"15",2013-10-09,52.83,49.5,53.4,52.85,32.71,164.53
"16",2013-10-11,54.356,50.83,54.82,54.03,33.31,168.77
"17",2013-10-16,54.86,51.4,55.56,54.565,33.53,170.635
"18",2013-10-21,56.09,52.4,56.2979,55.33,34.24,174.01
"19",2013-10-28,57,53.069,56.7,55.92,34.81,175.7
"20",2013-10-29,57.24,53.24,56.92,56.06,34.94,176.38
"21",2013-11-01,56.81,53.02,56.5,55.94,34.749,175.22
"22",2013-11-04,56.8934,53.31,56.88,56.11,34.8417,175.9825
"23",2013-11-11,56.6356,53.61,57.25,55.996,34.9,176.91
"24",2013-11-21,57.62,54.5818,57.99,56.25,35.14,178.86
"25",2013-11-25,58.35,55,58.3399,56.649,35.33,180.37
"26",2013-12-03,57.83,54.87,57.87,56.18,34.919,179.17
"27",2013-12-06,58.15,55.05,58.1999,56.57,35.0349,180.15
"28",2013-12-09,58.55,55.35,58.639,56.7801,35.17,181.16
"29",2013-12-12,57.75,54.42,57.49,55.7377,34.5,177.76
"30",2013-12-13,57.88,54.2499,57.58,55.76,34.49,177.77
"31",2013-12-16,58.21,54.65,57.91,56.1407,34.5801,178.9
"32",2013-12-18,57.75,54.3,57.68,56,34.37,177.32
"33",2013-12-23,59.65,55.74,58.89,56.92,35.0201,182.065
"34",2013-12-26,59.8758,55.96,59.31,57.171,35.19,183.32
"35",2013-12-27,59.829,56.24,59.38,56.86,35.3,183.66
"36",2013-12-31,59.7516,56.33,59.51,57.52,35.39,183.93
"37",2014-01-03,59.5,55.9,59.139,57.2099,35.112,182.63
"38",2014-01-07,59.64,56.02,59.39,56.72,35.11,182.95
"39",2014-01-09,60.2194,55.92,59.29,56.8,35.18,182.795
"40",2014-01-13,59.391,55.4,59.11,57.51,35.05,181.34
"41",2014-01-14,59.6,55.67,59.03,57.13,35.11,181.95
"42",2014-01-16,60.31,56.2401,59.38,57.47,35.32,183.83
"43",2014-01-17,60.11,56.21,59.26,57.41,35.3,183.32
"44",2014-01-22,60.6,56.22,59.27,57.71,35.3106,183.91
"45",2014-01-24,58.6699,54.81,57.63,56.2899,34.5401,178.83
"46",2014-01-27,57.8301,56.57,57.34,56.13,34.33,177.12
"47",2014-01-30,58.72,54.1335,57.55,56.4,34.42,178.26
"48",2014-02-04,57.16,52.99,56.15,55.08,33.72,174.1055
"49",2014-02-07,58.6,53.963,57.13,56.26,34.2412,177.73
"50",2014-02-10,59.42,54.4826,57.57,56.543,34.48,179.21
"51",2014-02-13,59.96,55.22,58.3,57.3,34.81,180.83
"52",2014-02-19,61.13,55.8357,59.02,58.19,35.38,182.87
"53",2014-02-21,61.65,56.15,59.092,58.4455,35.5817,183.8
"54",2014-03-03,61.7,55.94,59,58.6476,35.53,183.75
"55",2014-03-04,62.8692,56.98,59.9501,59.35,35.98,186.75
"56",2014-03-05,63.3,57,60.14,59.23,36.04,187.45
"57",2014-03-07,62.86,56.8304,60.33,59.1499,35.974,187.43
"58",2014-03-11,62.6,56.79,60,59.1099,36.0201,186.8
"59",2014-03-18,62.38,56.7,60.09,59.3,36.1364,186.51
"60",2014-03-21,61.5571,56.34,60.37,59.4636,35.93,186.03
"61",2014-03-24,60.25,55.91,60.1462,58.95,35.677,184.62
"62",2014-03-27,59.22,55.3901,59.66,58.259,35.48,183.9
"63",2014-03-28,59.64,55.7,60.12,58.8292,35.62,185
"64",2014-03-31,60.1895,56.15,60.54,59.23,35.879,185.5216
"65",2014-04-07,58.29,55.17,59.9496,58.8199,35.62,183.96
"66",2014-04-09,59.2528,55.66,60.12,58.76,35.77,185.06
"67",2014-04-10,58.272,55.03,59.52,58.544,35.45,182.93
"68",2014-04-11,57.5,54.44,58.9946,57.99,35.25,181.31
"69",2014-04-15,57.16,54.5,59.04,57.9401,35.36,181.51
"70",2014-04-16,58.8,55.67,59.9799,58.8,35.86,184.65
"71",2014-04-17,59.264,55.8,60.171,59.019,36.02,185.56
"72",2014-04-21,59.3801,55.98,60.61,59.14,36.0701,186.21
"73",2014-04-22,60.22,56.36,60.7599,59.4,36.21,187.13
"74",2014-04-25,58.871,55.9,60.4399,59.12,36,185.87
"75",2014-04-28,58,55.78,60.6175,58.81,35.99,184.96
"76",2014-04-30,59.3399,56.37,60.82,59.439,36.35,187.18
"77",2014-05-01,59.88,56.67,61,59.54,36.37,187.73
"78",2014-05-06,59.44,56.48,60.632,59.39,36.25,186.74
"79",2014-05-09,59.12,56.45,60.6,59.52,36.33,186.83
"80",2014-05-12,60.08,57.012,61.34,59.93,36.609,187.9992
"81",2014-05-13,60.68,57.34,61.56,60.072,36.68,189.77
"82",2014-05-14,60.27,57.08,61.35,60.02,36.605,188.79
"83",2014-05-15,59.19,56.32,60.598,59.3,36.2563,186.48
"84",2014-05-20,59.64,56.47,60.58,59.28,36.2179,187.07
"85",2014-05-21,60.2,56.79,61.08,59.54,36.24,188.06
"86",2014-05-22,60.8101,57.02,61.3599,59.8,36.41,188.86
"87",2014-05-23,61.0099,57.3,61.4899,59.96,36.572,189.5858
"88",2014-05-27,61.69,57.56,61.7599,60.33,36.6678,190.95
"89",2014-05-28,61.86,57.624,61.816,60.321,36.615,191.06
"90",2014-05-29,61.95,57.71,61.93,60.48,36.65,191.33
"91",2014-06-02,62.106,57.88,62.26,60.67,36.85,191.97
"92",2014-06-04,61.97,57.72,62.25,60.89,36.81,192.265
"93",2014-06-06,62.78,58.611,63.14,61.6799,37.2,194.78
"94",2014-06-09,62.6583,58.702,63.2501,61.67,37.1707,195.17
"95",2014-06-10,62.44,58.54,63.264,61.506,37.09,194.92
"96",2014-06-18,62.5134,57.9587,63.012,61.55,36.94,194.4
"97",2014-06-20,63.2,58.48,63.76,62.14,37.3969,195.7
"98",2014-06-25,62.77,57.95,63.0301,61.589,37.03,194.25
"99",2014-06-26,62.97,57.89,62.878,61.44,36.9799,194.13
"100",2014-06-27,63.13,58.09,62.89,61.84,37.0761,194.885
"101",2014-07-01,63.53,58.4,63.33,62.2201,37.28,196.13
"102",2014-07-03,63.83,59,63.91,62.27,37.35,197.64
"103",2014-07-07,63.4225,58.99,63.68,61.96,37.345,197.22
"104",2014-07-08,62.64,58.43,63.42,61.6401,37.28,195.76
"105",2014-07-09,63.08,58.71,63.49,61.9,37.36,196.31
"106",2014-07-10,62.66,58.2101,63.251,61.65,37.17,195.06
"107",2014-07-16,63.2499,58.75,63.97,62.03,37.45,197.42
"108",2014-07-17,62.53,58.1,63.65,61.56,37.2745,195.43
"109",2014-07-21,63.25,58.47,63.55,61.78,37.33,196.43
"110",2014-07-22,63.72,58.965,64.1,61.9332,37.48,197.87
"111",2014-07-24,64.37,59.1116,64.28,62.04,37.55,198.45
"112",2014-07-28,63.87,58.71,63.64,61.49,37.3292,196.62
"113",2014-07-29,63.88,58.82,64.02,61.7799,37.4,196.92
"114",2014-07-30,63.8,58.75,63.567,61.33,37.21,196.16
"115",2014-07-31,62.6001,57.72,62.79,60.49,36.67,192.97
"116",2014-08-05,61.98,57,61.8501,59.94,36.418,191.31
"117",2014-08-06,61.8901,57.1801,61.65,60.05,36.41,191.08
"118",2014-08-07,61.73,57.13,61.682,59.8,36.36,190.55
"119",2014-08-08,61.78,57.23,62.22,59.99,36.46,190.95
"120",2014-08-11,62.6504,58.03,62.53,60.74,37.01,193.71
"121",2014-08-12,62.5,57.7571,62.41,60.61,36.93,192.94
"122",2014-08-13,62.86,58.1,62.6243,60.87,37.04,193.96
"123",2014-08-14,63.4,58.4393,62.79,61.23,37.2,194.98
"124",2014-08-15,63.33,58.43,62.74,61.61,37.19,194.31
"125",2014-08-18,63.94,59.03,63.38,61.75,37.56,196.69
"126",2014-08-19,64.23,59.48,63.7,62.16,37.7,197.4426
"127",2014-08-20,64.38,59.68,63.68,61.82,37.76,198.08
"128",2014-08-21,64.12,60.03,64.12,62.5148,37.9006,198.93
"129",2014-08-22,64.77,60.01,64.18,62.37,37.85,198.74
"130",2014-08-25,65.1798,60.2,64.52,62.62,37.9899,199.1502
"131",2014-08-26,65.2595,60.25,64.6599,62.6599,38,200.28
"132",2014-08-29,65.229,60.031,64.609,62.65,37.9801,199.82
"133",2014-09-02,65.429,60.12,64.53,62.81,37.995,199.86
"134",2014-09-04,65.5299,59.94,64.5599,62.81,38.05,199.66
"135",2014-09-05,65.34,59.8401,64.45,62.71,38.09,199.41
"136",2014-09-09,65.424,59.7901,64.3575,62.64,37.988,198.91
"137",2014-09-12,65.1499,59.67,63.9601,62.257,37.7,198.56
"138",2014-09-15,64.72,59.54,63.92,62.09,37.7612,198.38
"139",2014-09-16,65.084,59.48,64.1,62.14,37.81,198.5
"140",2014-09-18,65.9305,60.3425,64.85,62.6,38.1282,201.1
"141",2014-09-22,65.129,59.97,64.4,62.2501,38.02,198.73
"142",2014-09-23,65,59.8,64.04,61.7919,37.84,197.95
"143",2014-09-24,65.04,59.6,64.091,61.49,37.684,197.52
"144",2014-09-25,64.66,59.22,63.35,61.329,37.506,196.27
"145",2014-09-30,64.87,59.454,63.39,61.39,37.6407,196.61
"146",2014-10-01,63.7,58.57,62.45,60.68,37.31,193.91
"147",2014-10-02,63.0601,58.22,62,60.82,37.19,192.35
"148",2014-10-03,64.26,58.93,62.95,61.299,37.56,195.08
"149",2014-10-06,64.46,59.15,62.97,61.34,37.7,195.582
"150",2014-10-07,63.52,58.41,62.317,61.16,37.4,193.22
"151",2014-10-08,63.17,58.158,61.8449,61.3,37.39,192.36
"152",2014-10-09,63.25,58.286,61.92,60.72,37.42,192.58
"153",2014-10-10,62.329,57.54,61.09,59.902,37.25,190.49
"154",2014-10-14,60.3,56.57,60.26,59.29,36.9,187.04
"155",2014-10-15,58.69,55.268,58.32,57.97,36.08,181.92
"156",2014-10-16,59.24,55.14,59.16,58.41,36.7699,182.89
"157",2014-10-20,61.53,56.73,60.69,59.942,36.98,188.07
"158",2014-10-22,63.27,58.11,61.98,61.09,37.818,192.61
"159",2014-10-23,64.09,58.63,62.46,61.65,38.06,194.26
"160",2014-10-24,64.39,58.92,62.56,62.12,38.1,194.49
"161",2014-10-28,65.028,59.6342,63.0201,62.35,38.4732,196.73
"162",2014-10-30,65,59.86,63.39,62.71,39.69,197.4
"163",2014-10-31,66.175,60.9766,64.37,63.5,39.17,200.77
"164",2014-11-03,66.378,61.06,64.52,63.72,39.2099,201.305
"165",2014-11-04,66.034,60.6901,64,63.6,39.23,200.06
"166",2014-11-05,66.43,60.931,64.3701,63.8101,39.4171,201.45
"167",2014-11-10,66.7001,61.37,65.3175,64.46,39.59,203.13
"168",2014-11-12,66.8,61.52,65.19,64.34,39.69,203.31
"169",2014-11-17,66.72,61.61,65.27,64.17,39.74,203.65
"170",2014-11-19,67.299,61.58,65.5,64.68,39.93,204.3
"171",2014-11-25,68.12,62.44,66.38,65.41,40.193,206.8
"172",2014-11-26,68.362,62.41,66.3,65.38,40.26,207.03
"173",2014-11-28,68.83,62.52,66,65.621,40.48,206.91
"174",2014-12-01,68.31,62.24,65.52,65.24,40.47,205.38
"175",2014-12-02,68.46,62.34,66.02,65.29,40.51,205.782
"176",2014-12-03,68.73,62.6,66.3877,65.551,40.64,207.1
"177",2014-12-08,68.738,62.326,65.844,65.45,40.5001,205.93
"178",2014-12-10,67.85,61.46,64.65,64.6,40.023,202.93
"179",2014-12-11,68.08,61.14,65.14,65.22,40.14,203.71
"180",2014-12-12,67.49,61,64.6199,64.046,39.74,200.85
"181",2014-12-15,66.73,60.4406,63.27,63.43,39.39,198.78
"182",2014-12-18,68.22,61.84,64.978,65.078,40.31,203.92
"183",2014-12-19,69.13,62.57,66.0284,65.84,40.7537,205.6109
"184",2014-12-23,68.659,62.87,66.9971,66.659,41.11,207.3991
"185",2014-12-26,68.951,62.91,66.73,66.51,41.065,208.25
"186",2014-12-29,68.9319,62.9564,66.82,66.6,41.03,208.14
"187",2014-12-30,68.5,62.64,66.5596,66.3,40.9,207.51
"188",2014-12-31,67.97,62.24,65.95,65.53,40.47,205.39
"189",2015-01-02,67.53,61.76,65.3901,65.2925,40.3,204.18
"190",2015-01-06,66.201,60.3999,63.74,64.27,39.86,198.855
"191",2015-01-07,67.1,60.87,64.5275,64.32,40.16,200.88
"192",2015-01-08,68.18,62.05,65.47,65.54,40.7716,203.99
"193",2015-01-09,68.376,61.89,65.2305,65.25,40.7499,203.51
"194",2015-01-12,68.0601,61.39,64.39,64.75,40.6155,201.92
"195",2015-01-13,67.58,61.05,63.91,64.81,40.425,200.51
"196",2015-01-14,67.34,60.65,63.09,63.93,40.2,198.57
"197",2015-01-15,67.17,60.5799,63.29,64.2,40.39,198.88
"198",2015-01-16,67.15,60.39,63.23,64.12,40.36,198.55
"199",2015-01-20,67.7357,60.98,63.67,64.8,40.64,200.17
"200",2015-01-21,68.3448,61.47,64.25,64.91,40.74,200.94
"201",2015-01-22,68.584,61.606,64.58,65.071,40.96,202.33
"202",2015-01-23,69.7,62.65,65.09,65.99,41.41,204.81
"203",2015-01-26,69.422,62.375,64.74,65.63,41.17,203.85
"204",2015-01-27,68.446,61.44,64.43,65.39,41.01,201.74
"205",2015-01-28,68.2,61.13,63.4,65.72,40.7,199.91
"206",2015-01-29,67.7668,60.69,63.079,64.75,40.42,198.68
"207",2015-01-30,67.5,61.12,63.29,64.4924,40.25,199.13
"208",2015-02-02,66.9,60.58,63.1099,64.36,39.91,197.86
"209",2015-02-03,67.91,61.87,64.4,65.61,40.65,202.55
"210",2015-02-04,68.39,62.09,65.08,65.78,40.89,203.51
"211",2015-02-05,68.95,62.53,65.42,66.21,41.14,204.77
"212",2015-02-06,68.64,62.4499,65.99,66.1612,40.9049,204.92
"213",2015-02-10,68.54,62.4701,65.49,66.0199,40.87,204.6801
"214",2015-02-11,69.17,62.76,65.8,66.28,41.02,205.83
"215",2015-02-12,69.6,63.19,66.579,66.63,41.2799,206.9727
"216",2015-02-13,69.83,63.6299,66.9048,66.8416,41.286,208.76
"217",2015-02-17,70.1,63.726,67.06,66.91,41.34,209.1
"218",2015-02-18,70.15,63.8201,66.82,66.86,41.36,209.3401
"219",2015-02-20,70.52,64.01,66.41,67.04,41.3251,208.73
"220",2015-02-23,71.36,64.4601,67.15,67.4258,41.641,210.48
"221",2015-02-24,71.38,64.66,67.42,67.49,41.63,210.76
"222",2015-02-25,71.32,64.76,67.19,67.59,41.72,211.22
"223",2015-03-02,71.43,64.95,67.1,67.32,41.71,210.72
"224",2015-03-03,70.874,64.67,66.78,67.2799,41.55,210.08
"225",2015-03-04,70.64,64.41,66.6774,66.88,41.39,209.06
"226",2015-03-05,71.02,64.67,66.759,67.1,41.58,209.85
"227",2015-03-06,70.15,63.86,65.75,66.1606,40.89,207.1
"228",2015-03-09,70.2,63.97,66.17,66.43,40.88,207.5459
"229",2015-03-10,69.49,63.22,65.06,65.626,40.59,204.93
"230",2015-03-11,69.3399,62.8635,65.078,65.56,40.48,204.4
"231",2015-03-12,69.4016,63.01,65.25,66.214,40.56,205.2
"232",2015-03-13,69.48,62.84,65.1,65.75,40.59,204.58
"233",2015-03-16,70.03,63.45,65.89,66.636,40.96,205.8641
"234",2015-03-17,70.5487,63.58,65.85,66.6,41.091,206.98
"235",2015-03-18,70.3475,63.3,65.74,66.42,40.9415,206.62
"236",2015-03-19,71.5514,64.3501,66.34,67.1745,41.5,209.03
"237",2015-03-20,72.01,64.89,67.01,67.63,41.65,209.4903
"238",2015-03-23,71.97,65.07,67.01,67.87,41.9301,210
"239",2015-03-24,71.61,64.71,66.62,67.43,41.74,208.74
"240",2015-03-25,69.91,63.5,65.566,66.22,41.03,205.71
"241",2015-03-26,69.27,63.14,65.18,65.76,40.77,204.12
"242",2015-03-27,69.97,63.4,65.09,66.12,40.81,204.9
"243",2015-03-30,70.92,63.98,65.86,66.65,41.286,206.96
"244",2015-04-01,69.25,62.882,65.29,66.25,40.91,204.51
"245",2015-04-02,69.804,63.11,65.628,66.26,41.11,205.4
"246",2015-04-06,69.5,62.91,65.32,67.2301,41.11,205.21
"247",2015-04-07,70.22,63.8199,65.97,67.26,41.3099,207.24
"248",2015-04-08,70.29,63.67,65.97,67.0601,41.25,207.08
"249",2015-04-09,70.2941,63.8227,66.17,66.93,41.225,207.19
"250",2015-04-10,70.69,64.19,66.34,67.4485,41.48,208.96
"251",2015-04-13,70.73,64.1534,66.6018,67.191,41.43,209.03
"252",2015-04-14,70.3045,63.78,66.46,67.22,41.29,208.1
"253",2015-04-16,70.7236,64.16,66.951,67.34,41.37,209.7928
"254",2015-04-17,69.77,63.25,66.1515,66.49,40.95,207.01
"255",2015-04-20,70.455,63.76,66.8016,67.17,41.2405,208.96
"256",2015-04-22,70.7,64.1443,66.47,67.03,41.35,208.9
"257",2015-04-23,70.9759,64.47,67.03,67.6299,41.49,210.01
"258",2015-04-24,71.37,64.91,67.07,67.32,41.652,211.11
"259",2015-04-27,70.872,64.8,67.098,67.28,41.47,210.54
"260",2015-04-28,70.3101,64.36,67.16,67.01,41.29,209.3301
"261",2015-04-29,70.1176,64.3046,67,66.62,41.219,209.6
"262",2015-04-30,69.24,63.54,66.45,66.1,40.8546,207.62
"263",2015-05-01,69.93,64.16,66.88,66.7414,41.02,209.28
"264",2015-05-04,70.75,64.77,67.25,67.24,41.39,211.1
"265",2015-05-05,69.731,64.01,66.67,66.17,40.961,208.73
"266",2015-05-06,69.071,63.421,66,65.854,40.681,206.76
"267",2015-05-07,69.5501,63.6,66.27,66.1378,40.86,207.52
"268",2015-05-08,70.71,64.72,67.32,67.12,41.45,210.78
"269",2015-05-12,70.0199,64.14,66.9399,66.76,41.01,208.62
"270",2015-05-13,70.47,64.56,66.79,66.69,41.1844,209.74
"271",2015-05-15,71.47,65.23,67.3882,67.2601,41.7399,211.86
"272",2015-05-18,71.71,65.3,67.45,67.6494,41.8,212.16
"273",2015-05-20,71.8,65.5101,67.836,67.72,41.93,212.504
"274",2015-05-21,71.91,65.4724,67.61,67.7006,41.874,212.51
"275",2015-05-22,72,65.53,67.7201,67.72,41.79,212.91
"276",2015-05-26,71.1699,64.586,66.9499,66.94,41.35,210.2
"277",2015-05-27,71.55,64.77,67.3134,67.2644,41.45,210.7612
"278",2015-05-28,71.8401,65.058,67.5499,67.23,41.5635,211.63
"279",2015-05-29,71.55,64.6675,67.08,67.299,41.42,210.82
"280",2015-06-03,71.69,64.82,67.33,67.2101,41.281,211.3301
"281",2015-06-05,70.8201,63.94,66.709,66.5869,40.81,208.98
"282",2015-06-08,70.54,63.79,66.5919,66.43,40.7,208.39
"283",2015-06-09,70.01,63.5897,66.4277,66.12,40.59,207.69
"284",2015-06-10,70.803,64.1,66.98,66.832,40.77,209.2987
"285",2015-06-11,71.66,64.756,67.326,67.03,41,211.2
"286",2015-06-12,71.24,64.32,66.85,66.7,40.89,209.68
"287",2015-06-15,70.75,63.73,66.33,66.24,40.58,207.79
"288",2015-06-16,71.34,63.92,66.8224,66.5744,40.695,208.72
"289",2015-06-18,72.12,64.86,67.71,67.54,41.2,210.6315
"290",2015-06-19,72.71,65.0501,67.444,67.36,41.4,210.36
"291",2015-06-22,73.0902,65.3224,67.6601,67.56,41.51,211.64
"292",2015-06-24,72.3501,64.6099,66.983,66.76,40.98,210.47
"293",2015-06-29,71.11,62.8921,65.5,65.3,40.26,205.33
"294",2015-06-30,71.252,62.99,65.25,65.443,40.2622,205.28
"295",2015-07-01,71.816,63.31,65.75,65.84,40.52,206.56
"296",2015-07-07,70.93,62.7393,64.8,65.84,40.63,204.11
"297",2015-07-08,71.15,62.7828,64.66,65.32,40.76,204.25
"298",2015-07-10,72.09,63.47,65.59,66.11,41.101,204.9517
"299",2015-07-14,73.42,64.5,66.6181,66.48,41.475,209.65
"300",2015-07-15,73.466,64.6501,66.36,66.77,41.51,210.04
"301",2015-07-20,74.1,65.67,66.76,66.67,41.66,212.21
"302",2015-07-21,73.6001,65.49,66.4279,66.84,41.53,211.39
"303",2015-07-27,72.8,63.54,64.74,65.27,41.04,206.26
"304",2015-07-28,72.89,63.71,65.63,65.5801,41.1732,206.8
"305",2015-07-31,74.07,64.92,65.91,66.85,41.8811,210.16
"306",2015-08-03,73.69,64.48,65.73,66.69,41.76,208.65
"307",2015-08-05,73.7,65.19,65.6238,66.85,42.14,209.73
"308",2015-08-06,72.6353,64.36,65.18,66.186,41.84,207.65
"309",2015-08-10,73.09,64.68,65.81,67.15,42.09,209.28
"310",2015-08-11,72.5,64.32,65.27,66.69,41.98,207.76
"311",2015-08-12,71.41,63.6501,64.9,66.0252,41.72,205.36
"312",2015-08-13,72.68,64.49,65.31,66.702,42.1073,208.01
"313",2015-08-14,72.65,64.4915,65.52,66.975,42.187,208.26
"314",2015-08-17,72.7,64.435,65.44,67.0709,42.223,208.16
"315",2015-08-18,73.614,65.09,65.74,67.3,42.54,209.699
"316",2015-08-19,72.9272,64.5,65.14,66.98,42.245,207.35
"317",2015-08-20,71.578,63.52,63.94,65.9,41.84,203.9
"318",2015-08-21,69.2,61.18,62.1251,64.1985,40.78,197.52
"319",2015-08-24,55,41.1,51.72,60.61,26.41,182.4
"320",2015-08-25,66.247,58.25,59.97,61.8501,38.56,186.92
"321",2015-08-26,66.79,58.9599,59.08,61.01,38.705,188.37
"322",2015-08-27,69.23,61.01,61.5899,63.09,39.8,195.21
"323",2015-08-28,70.06,61.81,62.04,63.6299,40.2,197.92
"324",2015-08-31,69.56,61.38,62.1,63.3,39.975,197.01
"325",2015-09-01,67.4801,59.52,60.04,61.57,38.9,190.73
"326",2015-09-02,68.2205,60.07,60.32,62.28,39.189,192.42
"327",2015-09-03,69.09,60.81,61.16,62.88,39.64,194.96
"328",2015-09-04,68.04,59.8,60.14,62,38.9989,191.61
"329",2015-09-08,69.36,60.881,61.37,63.15,39.57,195.17
"330",2015-09-14,70.14,61.001,61.42,62.73,39.595,195.43
"331",2015-09-17,71.41,62.2199,62.69,64.1,40.37,199.28
"332",2015-09-18,70.7,61.18,61.33,63.21,39.94,194.96
"333",2015-09-22,69.946,60.54,60.35,62.4326,39.76,192.56
"334",2015-09-23,70.19,60.67,60.3,62.5435,39.863,192.91
"335",2015-09-24,69.1181,60.1,59.475,62.054,39.62,190.56
"336",2015-09-25,68.91,60.26,59.67,62.47,39.65,191.81
"337",2015-09-28,66.74,59.14,58.41,61.1501,38.93,187.64
"338",2015-09-29,66.242,59.09,58.346,60.51,38.89,186.93
"339",2015-09-30,67.32,59.77,59.23,61.19,39.2388,189.44
"340",2015-10-01,67.82,59.8401,59.2301,61.18,39.25,189.82
"341",2015-10-02,67.6,59.51,59.11,60.98,39.21,189.12
"342",2015-10-05,70.1199,61.7,62.15,63.15,40.39,196.33
"343",2015-10-06,69.2,61.86,62.09,63.37,40.32,197
"344",2015-10-07,69.17,62.01,62.35,63.48,40.41,197.48
"345",2015-10-08,69.18,62.24,62.976,63.98,40.54,198.59
"346",2015-10-09,70.25,62.9,63.504,64.51,40.97,200.58
"347",2015-10-13,70.5,62.565,63.32,64.3,40.965,200.05
"348",2015-10-15,70.02,62.41,62.97,64.0664,40.81,199.64
"349",2015-10-16,71.11,63.17,63.63,64.86,41.303,201.92
"350",2015-10-19,71.34,63.31,63.58,64.8035,41.4,202.13
"351",2015-10-20,71.03,63.49,63.8201,64.95,41.43,202.5471
"352",2015-10-21,70.35,63.45,63.2939,64.81,41.36,201.65
"353",2015-10-22,70.7,63.78,63.8985,65.58,41.57,201.85
"354",2015-10-23,71.634,65.0615,64.39,65.6916,41.8,206.3
"355",2015-10-26,72.03,65.33,64.2,65.58,41.93,206.56
"356",2015-10-27,72.28,65.13,63.6934,65.38,41.83,205.79
"357",2015-10-28,72.49,65.16,63.95,65.85,41.74,206.21
"358",2015-10-30,73.2,65.68,64.34,65.9705,41.96,207.74
"359",2015-11-02,73.14,65.782,64.45,66,42.0001,208.17
"360",2015-11-03,73.07,66.14,64.9,66.19,42.11,209.7
"361",2015-11-05,73.39,65.91,64.7294,66.1,41.96,209.09
"362",2015-11-11,73.19,65.41,64.0537,65.8076,41.663,207.66
"363",2015-11-12,72.22,64.5,63.275,65,41.1898,204.82
"364",2015-11-18,72.4013,64.75,63.25,65.21,41.36,205.99
"365",2015-11-19,73.0095,65.6886,63.6,65.7837,41.81,208.2
"366",2015-11-24,73.17,65.6401,63.485,65.73,41.63,207.41
"367",2015-11-25,73.98,66.12,63.8299,66.21,41.948,209.01
"368",2015-11-27,74.03,66.125,63.95,66.15,41.9399,208.86
"369",2015-11-30,73.55,65.95,63.8506,66.35,41.866,208.56
"370",2015-12-01,73.82,66.08,64.17,66.3499,41.91,209.11
"371",2015-12-02,73.97,65.81,63.7689,65.9501,41.87,208.23
"372",2015-12-03,72.59,64.65,62.9301,64.76,41.23,204.7511
"373",2015-12-07,73.75,65.7,63.41,65.39,41.94,207.2
"374",2015-12-08,73.45,65.29,62.65,65.21,41.78,205.78
"375",2015-12-09,72.895,64.8,62.39,64.65,41.51,204.18
"376",2015-12-10,73.06,65.0154,62.8914,64.9242,41.6,205.14
"377",2015-12-11,71.9255,63.8801,61.548,63.7,41.07,201.51
"378",2015-12-14,71.58,63.46,61.1244,63.2101,41,199.95
"379",2015-12-15,73.0785,64.84,62.265,64.43,41.7062,202.8666
"380",2015-12-16,73.3134,64.925,62.53,64.61,41.82,204.8
"381",2015-12-17,73.43,64.85,62.25,64.43,41.96,204.84
"382",2015-12-18,72.32,63.64,61.3705,63.818,41.36,199.83
"383",2015-12-21,72.48,63.73,61.52,63.8,41.39,200.09
"384",2015-12-22,72.831,64.1396,61.97,64.0155,41.57,201.55
"385",2015-12-23,73.57,65.11,63.29,65.21,42.11,204.58
"386",2015-12-28,73.09,64.6201,62.3872,64.57,41.86,203.94
"387",2015-12-29,74.03,65.37,62.93,65.32,42.15,206.47
"388",2015-12-30,74.07,65.24,62.6101,65.2897,42.211,205.76
"389",2016-01-04,71.13,62.8845,60.61,63.2,40.915,198.59
"390",2016-01-06,71.22,62.7,60.034,62.86,41.12,197.6
"391",2016-01-07,70.035,61.4,58.64,61.78,40.55,193.59
"392",2016-01-08,69.344,60.75,58.218,61.04,40.17,191.58
"393",2016-01-11,69.02,60.22,57.37,60.6848,39.94,189.82
"394",2016-01-12,69.86,60.76,57.58,60.7583,40.12,191.14
"395",2016-01-13,68.365,60.075,56.7035,59.86,39.81,188.38
"396",2016-01-14,67.73,59.8401,56.81,59.67,39.81,187.66
"397",2016-01-15,67.19,59.12,55.158,59.32,39.4,185.52
"398",2016-01-20,65.815,57.86,53.22,58.2199,38.64,181.02
"399",2016-01-21,67.5,58.85,54.9,59.18,39.2075,184.64
"400",2016-01-22,68.8,60.16,55.7,59.88,39.88,188.88
"401",2016-01-25,68.57,59.8,54.84,59.31,39.907,187.41
"402",2016-01-26,68.59,59.99,55.22,59.66,40.0468,188.02
"403",2016-01-27,67.81,59.596,55.47,59.82,39.99,187.06
"404",2016-01-28,68.24,59.61,55.2,59.59,40.05,187.16
"405",2016-01-29,68.9901,60.4,55.76,60.63,40.33,189.88
"406",2016-02-01,70.18,61.0954,56.3451,61.3952,40.94,191.84
"407",2016-02-02,69.63,60.42,55.47,60.4,40.84,189.54
"408",2016-02-03,68.12,59.8802,55.165,60.3098,40.55,187.1
"409",2016-02-04,67.96,60.665,55.85,61.1,40.75,189.96
"410",2016-02-05,66.1607,59.76,55.38,60.82,40.32,187.2
"411",2016-02-08,63.92,58.67,53.95,58.49,39.605,182.8
"412",2016-02-09,64.19,58.89,53.9505,58.9319,39.74,183.2
"413",2016-02-10,65.87,59.62,54.4,59.154,40.16,185.12
"414",2016-02-11,64.71,58.33,53.27,57.92,39.6,181.09
"415",2016-02-12,65.76,59.22,53.88,59.3618,39.996,183.96
"416",2016-02-16,66.7,60.349,55.52,59.94,40.51,187.63
"417",2016-02-17,67.75,61.35,56.78,61.4,40.96,191.01
"418",2016-02-18,67.8501,61.62,56.8919,61.17,41.16,191.72
"419",2016-02-19,67.4614,61.24,56.4,61.187,41.0499,190.45
"420",2016-02-22,68.92,62.13,57.54,62.0598,41.55,193.79
"421",2016-02-23,69,61.65,57.03,61.72,41.56,192.18
"422",2016-02-24,68.01,60.86,56.118,61.56,41.215,189.32
"423",2016-02-26,70.13,62.3902,58.03,62.691,41.915,194.9
"424",2016-02-29,69.6,61.96,57.788,62.09,41.67,193.33
"425",2016-03-01,69.9876,62.3825,57.9212,63.105,41.84,194.4542
"426",2016-03-03,70.4,63.09,59.4001,63.55,42.19,198.11
"427",2016-03-07,69.74,63.37,59.88,64.34,42.41,199.25
"428",2016-03-09,69.85,63.2101,59.77,64.06,42.47,198.43
"429",2016-03-10,69.67,62.85,59.39,63.8001,42.3,197.38
"430",2016-03-16,71.31,64.23,60.5957,64.92,42.92,201.55
"431",2016-03-17,71.52,64.6505,61.18,65.9355,43.29,202.77
"432",2016-03-18,71.81,65.243,61.86,66.07,43.515,203.8
"433",2016-03-21,71.8101,65.27,61.9784,66.07,43.53,203.8
"434",2016-03-22,71.84,65.22,61.68,66,43.445,203.57
"435",2016-03-23,71.6996,64.82,60.77,65.34,43.245,203.01
"436",2016-03-28,71.98,64.8,60.6581,65.32,43.275,202.705
"437",2016-03-30,73.2,65.6276,61.2645,66.2201,43.93,205.59
"438",2016-04-01,72.77,65.19,60.69,66.224,43.73,203.98
"439",2016-04-04,73.35,65.76,60.96,66.25,44.131,205.89
"440",2016-04-05,72.67,65.3699,60.35,65.72,43.79,203.89
"441",2016-04-07,72.65,65.08,59.93,65.334,43.7065,203.09
"442",2016-04-08,72.64,65.34,60.13,65.741,43.86,203.87
"443",2016-04-11,72.36,65.31,60.19,65.7307,43.7738,203.91
"444",2016-04-12,72.08,65.2199,60.48,65.66,43.75,203.7
"445",2016-04-13,72.8279,66.08,61.42,66.3401,43.93,206.84
"446",2016-04-18,73.15,66.23,61.36,66.48,44,207
"447",2016-04-19,73.28,66.7799,62.29,67.2,44.4,208.94
"448",2016-04-20,73.45,66.8436,62.71,67.25,44.2763,209.39
"449",2016-04-21,73.1697,66.52,62.66,66.6,43.725,208.65
"450",2016-04-25,72.42,66.1301,62.46,66.73,43.74,207.54
"451",2016-04-26,72.65,66.36,62.75,66.9601,43.86,208.36
"452",2016-04-27,72.385,66.16,62.9,67.35,43.8,208.05
"453",2016-04-28,72.34,65.85,62.68,67.37,43.81,206.96
"454",2016-04-29,72.09,65.0187,61.4978,66.3417,43.46,205.03
"455",2016-05-02,72.79,65.4501,61.631,66.99,43.8,206.41
"456",2016-05-03,72.84,65.19,61.01,66.62,43.8437,205.28
"457",2016-05-04,72.58,64.909,60.53,66.3556,43.76,204.42
"458",2016-05-05,72.7801,64.9489,60.48,66.5916,43.9775,204.47
"459",2016-05-06,72.54,64.7,60.29,66.122,43.82,203.88
"460",2016-05-09,73.31,65.17,60.59,66.76,44.11,205.36
"461",2016-05-10,74.119,65.59,61.02,67,44.495,206.64
"462",2016-05-11,74.03,65.38,60.79,67.05,44.39,206.5
"463",2016-05-12,73.75,65.15,60.2487,66.87,44.32,205.37
"464",2016-05-13,73.69,64.84,59.89,66.2617,44.17,204.38
"465",2016-05-16,73.63,64.95,60.4725,66.73,44.16,204.89
"466",2016-05-17,73.06,64.7399,60.22,66.2326,43.87,204.23
"467",2016-05-18,72.75,64.5,60.14,66.15,43.5201,203.63
"468",2016-05-20,73.17,64.743,60.63,66.32,43.738,204.86
"469",2016-05-23,72.99,64.76,60.89,66.42,43.69,204.985
"470",2016-05-24,73.27,65.18,61.63,67.0407,43.73,206.14
"471",2016-05-25,74.13,65.87,62.2,67.51,44.11,207.8691
"472",2016-05-26,74.19,65.95,62.2928,67.41,44.2665,208.97
"473",2016-05-27,74.41,66.0501,62.35,67.71,44.3601,209.47
"474",2016-05-31,74.16,65.83,62.43,67.68,44.28,209.18
"475",2016-06-01,74.21,65.77,62.17,67.571,44.25,208.89
"476",2016-06-02,74.428,65.7848,62.6189,67.99,44.41,209.2399
"477",2016-06-03,74.67,65.775,62.24,67.8,44.58,208.86
"478",2016-06-06,74.87,66.13,62.78,68.245,44.69,210.51
"479",2016-06-07,75.0701,66.42,63.13,68.49,44.8,211.5
"480",2016-06-08,75.1101,66.44,63.27,68.75,44.85,211.6899
"481",2016-06-09,75.38,66.333,62.9624,68.5,45.01,211.19
"482",2016-06-10,75.1558,65.8,62.29,67.928,44.91,209.43
"483",2016-06-13,74.879,65.47,61.82,67.57,44.79,208.35
"484",2016-06-14,74.5677,65.05,61.1,67.2,44.626,206.9199
"485",2016-06-16,74.4,64.7,60.71,66.81,44.6,205.59
"486",2016-06-17,74.311,65.06,61.39,67.4392,44.5808,205.75
"487",2016-06-20,75.05,65.6848,61.99,67.93,45,207.75
"488",2016-06-21,74.9922,65.4033,61.5,67.78,44.83,207.78
"489",2016-06-22,74.83,65.36,61.6,68,44.879,207.93
"490",2016-06-23,75.08,65.78,62.33,68.19,44.97,209.27
"491",2016-06-24,73.32,63.7,59.95,66.09,44.26,202.72
"492",2016-06-27,73.15,62.64,58.1999,64.802,43.98,198.65
"493",2016-06-28,73.9,63.38,58.97,65.38,44.375,201.12
"494",2016-06-29,74.91,64.46,60.15,66.85,45.015,204.72
"495",2016-06-30,75.45,65.0786,60.57,67.8201,45.44,206.56
"496",2016-07-01,76.45,66.0001,61.6,68.2216,46.19,209.29
"497",2016-07-05,76.42,65.56,60.65,67.5836,46.18,207.71
"498",2016-07-06,76.45,65.3499,60.4894,67.48,46.2,207.06
"499",2016-07-07,76.5603,65.74,61.168,68.19,46.19,208.63
"500",2016-07-08,76.9401,66.37,61.88,69.1672,46.42,210.7785
"501",2016-07-11,77.66,66.94,62.67,69.2701,46.73,212.95
"502",2016-07-12,77.68,67.22,63.28,69.5701,46.74,213.4308
"503",2016-07-14,77.78,67.5801,64.05,70,46.885,215.66
"504",2016-07-15,77.67,67.56,63.9601,69.811,46.765,215.308
"505",2016-07-18,77.8311,67.6522,64.08,69.986,46.8,215.67
"506",2016-07-19,77.8,67.703,63.99,69.73,46.785,215.63
"507",2016-07-20,78.22,67.96,64.169,70.15,46.96,216.24
"508",2016-07-21,77.7862,67.75,64.1401,69.965,46.75,215.75
"509",2016-07-22,77.97,67.89,64.35,70.0901,46.83,216.1
"510",2016-07-25,78.05,67.8901,64.35,70.05,46.91,215.97
"511",2016-07-26,77.82,67.72,64.43,70.24,46.83,215.76
"512",2016-07-27,77.46,67.73,64.43,69.9818,46.48,215.62
"513",2016-07-28,77.7,67.63,64.1,70.06,46.551,215.75
"514",2016-07-29,78.2103,67.6801,64.103,70.2084,46.63,216.13
"515",2016-08-01,78.38,67.81,64.03,70.14,46.84,216.405
"516",2016-08-02,77.9933,67.3,63.06,69.51,46.63,214.57
"517",2016-08-03,77.7689,67.5123,63.2783,69.79,46.4,215.13
"518",2016-08-04,77.91,67.66,63.76,69.8993,46.49,214.25
"519",2016-08-05,78.209,68.052,64.17,70.2001,46.57,217.07
"520",2016-08-08,78.05,68.17,64.6,70.3507,46.51,217.74
"521",2016-08-09,78.09,68.1737,64.6,70.25,46.5287,217.8
"522",2016-08-10,78.31,68.05,64.28,70.1,46.6,217.23
"523",2016-08-11,78.5,68.2846,64.5183,70.36,46.6433,217.95
"524",2016-08-12,78.54,68.315,64.61,70.42,46.66,217.99
"525",2016-08-15,78.44,68.56,64.9,70.66,46.61,218.88
"526",2016-08-16,77.67,68.16,64.9818,70.3,46.22,217.96
"527",2016-08-17,77.3385,67.99,64.6,69.83,46,217.02
"528",2016-08-18,77.8,68.24,64.9999,70.36,46.33,218.21
"529",2016-08-19,77.55,68.1223,64.82,70.34,46.1742,217.74
"530",2016-08-24,77.29,68.1201,64.9201,70.34,46.09,217.36
"531",2016-08-26,76.8536,67.8,64.7,69.89,45.78,216.25
"532",2016-08-29,77.23,68.1,65.05,70.34,45.96,217.4
"533",2016-08-30,77.17,67.896,65.171,70.2,45.915,217.35
"534",2016-08-31,76.97,67.61,64.81,69.969,45.8001,216.465
"535",2016-09-02,77.58,67.92,65.251,70.47,46.11,217.7
"536",2016-09-06,77.8599,67.92,65.1501,70.5657,46.2,217.86
"537",2016-09-07,77.8563,68,65.53,70.75,46.25,218.3
"538",2016-09-08,77.605,67.8414,65.5,70.57,46.0901,218.15
"539",2016-09-09,75.6,66.38,64.14,68.98,44.89,213.25
"540",2016-09-12,75.26,66.09,64.11,69.15,44.75,212.31
"541",2016-09-13,75.481,66.31,64.165,68.44,44.763,212.5
"542",2016-09-15,75.63,66.35,64.69,68.6241,44.712,212.75
"543",2016-09-16,76.11,66.61,64.565,68.7201,44.92,212.57
"544",2016-09-19,76.37,66.82,64.83,68.97,45.103,213.03
"545",2016-09-21,76.64,66.96,64.88,69.33,45.22,213.44
"546",2016-09-22,77.98,67.95,65.7,70.2,46.03,216.71
"547",2016-09-23,77.85,67.64,65.435,70.1938,45.94,215.88
"548",2016-09-26,77.1,66.85,64.41,69.31,45.43,214.01
"549",2016-09-27,77.18,66.75,64.28,69.33,45.49,213.62
"550",2016-09-28,77.352,67.015,64.61,69.38,45.39,214.71
"551",2016-09-29,76.96,66.75,64.33,69.09,45.18,214.04
"552",2016-09-30,77.19,67.2,64.84,69.49,45.3248,215.36
"553",2016-10-03,76.86,67.081,64.99,69.2301,45.005,215.04
"554",2016-10-04,76.0663,66.69,64.84,68.9,44.5068,213.99
"555",2016-10-05,76.19,66.98,65.29,69.13,44.5315,215.33
"556",2016-10-06,76.07,66.87,65.17,68.8999,44.33,214.735
"557",2016-10-07,75.8464,66.75,64.93,68.6138,44.38,214.19
"558",2016-10-10,76.46,67.28,65.5614,69.1565,44.71,215.985
"559",2016-10-11,75.43,66.3299,64.53,68.04,44.1,212.58
"560",2016-10-12,75.65,66.45,64.5735,68.48,44.15,213.01
"561",2016-10-13,75.47,66,63.6921,68.25,44.14,211.21
"562",2016-10-14,75.95,66.55,64.33,68.6,44.44,213.03
"563",2016-10-17,75.75,66.345,64.1408,68.04,44.32,212.17
"564",2016-10-18,76.05,66.47,64.51,68.385,44.46,213.27
"565",2016-10-19,76,66.49,64.63,68.42,44.3834,213.6
"566",2016-10-20,75.895,66.29,64.53,68.38,44.26,213.11
"567",2016-10-21,75.86,66.09,64.33,68.35,44.0611,212.76
"568",2016-10-24,76.39,66.5199,64.71,68.6,44.32,214.48
"569",2016-10-25,76.21,66.2,64.49,68.2946,44.25,213.98
"570",2016-10-27,75.25,66.08,64.37,67.87,43.8,213.08
"571",2016-10-28,75.24,65.9,64.11,67.82,43.75,211.71
"572",2016-11-01,74.79,65.3124,63.6,67.37,43.58,209.6
"573",2016-11-02,74.55,65.27,63.77,67.1,43.623,209.23
"574",2016-11-03,74.12,65.0768,63.405,67.04,43.45,208.46
"575",2016-11-04,74.07,65.06,63.31,66.965,43.48,208.38
"576",2016-11-07,74.9293,65.9,64.2319,67.98,43.87,211.3
"577",2016-11-08,75.6,66.405,64.4398,68.49,44.13,212.38
"578",2016-11-09,75,66.11,64.59,68.32,43.79,212.34
"579",2016-11-10,74.31,67.27,66.59,69.06,43.915,215.22
"580",2016-11-11,74.54,67.23,66.5,69.17,43.97,215.32
"581",2016-11-14,74.06,67.1599,67.28,69.51,43.88,215.72
"582",2016-11-15,74.31,67.3499,67.6,70,44.04,216.8
"583",2016-11-16,74.67,67.58,67.9,69.965,44.145,217.42
"584",2016-11-17,75.09,67.765,67.82,70.29,44.24,217.92
"585",2016-11-18,75.1701,67.89,68.0076,70.25,44.23,218.29
"586",2016-11-21,75.36,68.1,68.19,70.6087,44.3302,219
"587",2016-11-22,75.852,68.37,68.4,70.55,44.43,219.73
"588",2016-11-23,75.749,68.26,68.51,70.9376,44.36,219.75
"589",2016-11-25,76.12,68.52,68.93,71.3076,44.57,221.01
"590",2016-11-28,76.25,68.46,68.65,71.13,44.74,220.36
"591",2016-11-29,76.36,68.33,68.5894,71.28,44.84,220.17
"592",2016-11-30,75.42,68.1,68.9801,71.12,44.45,220.31
"593",2016-12-01,73.9,67.74,69.05,70.5,43.99,219.15
"594",2016-12-05,74.5752,68.0423,69.26,70.9097,44.25,220.42
"595",2016-12-06,74.9556,68.0526,69.3565,71.2183,44.27,220.662
"596",2016-12-07,75.07,68.24,69.72,71.4829,44.44,221.38
"597",2016-12-08,76.035,69.12,71,72.475,44.85,224.26
"598",2016-12-09,76.11,69.42,71.43,72.54,45.04,225.37
"599",2016-12-12,75.952,69.66,71.2622,72.55,45.25,225.76
"600",2016-12-13,76.46,70.09,71.5396,72.9198,45.62,227
"601",2016-12-14,76.3301,69.64,71.09,72.325,45.24,225.365
"602",2016-12-15,76.4762,69.75,71.21,72.538,45.22,225.8904
"603",2016-12-16,76.44,69.8398,71.2,72.39,45.49,224.67
"604",2016-12-19,76.7099,69.95,71.243,72.4,45.63,225.08
"605",2016-12-20,77,70.12,71.56,72.78,45.68,225.88
"606",2016-12-21,76.9803,70.1,71.61,72.8,45.6,225.77
"607",2016-12-22,76.4,69.51,70.735,72.01,45.16,224.92
"608",2016-12-23,76.48,69.64,70.82,72.14,45.3,225.21
"609",2016-12-27,76.78,69.79,71.05,72.29,45.37,226
"610",2016-12-28,76.24,69.28,70.49,71.65,45.14,224.27
"611",2016-12-29,76.16,69.3,70.263,71.82,45.18,223.84
"612",2016-12-30,75.65,68.94,69.965,71.52,45.1,222.73
"613",2017-01-03,75.73,69.28,70.41,71.7251,45.165,223.8837
"614",2017-01-04,76.24,69.65,71.1,72.5876,45.39,225.61
"615",2017-01-05,76.39,69.71,70.88,72.4224,45.42,225.48
"616",2017-01-06,76.6,69.81,70.99,72.45,45.44,225.9
"617",2017-01-09,77.08,69.79,70.92,72.41,45.44,226.4163
"618",2017-01-11,76.91,69.43,70.8729,72.345,45.26,225.59
"619",2017-01-12,76.67,69.1844,70.39,72.1238,45.23,224.955
"620",2017-01-17,77.11,69.51,70.54,72.46,45.449,225.8
"621",2017-01-18,77.3,69.6266,70.5075,72.7445,45.63,225.9
"622",2017-01-19,77.28,69.3574,70.36,72.3937,45.3835,225.41
"623",2017-01-20,77.51,69.4,70.46,72.56,45.515,225.9719
"624",2017-01-23,77.1487,69.3311,70.185,72.35,45.465,225.27
"625",2017-01-24,77.56,69.65,70.53,72.65,45.5336,226.27
"626",2017-01-25,78.34,70.29,71.57,73.53,45.75,228.51
"627",2017-01-26,78.4803,70.36,71.78,73.3749,45.735,229.01
"628",2017-01-27,78.6014,70.2601,71.42,73.2001,45.73,228.76
"629",2017-01-30,77.91,69.76,70.579,72.5221,45.515,226.41
"630",2017-02-01,77.96,69.6708,71.2306,72.542,45.3938,226.94
"631",2017-02-02,78.06,69.61,71.195,72.8,45.5,226.82
"632",2017-02-03,78.63,70.0441,71.77,73.09,45.885,228.46
"633",2017-02-06,78.6473,70.05,71.94,73.426,45.8001,228.54
"634",2017-02-08,78.9414,70.1034,71.46,73.45,45.85,228.31
"635",2017-02-09,79.29,70.44,71.93,73.7637,46.15,229.52
"636",2017-02-10,79.43,70.78,72.3,74.25,46.3,230.6216
"637",2017-02-13,79.8,71.18,72.74,74.61,46.51,232.05
"638",2017-02-14,79.5802,71.2636,73.06,74.44,46.4504,232.16
"639",2017-02-15,79.8601,71.63,73.68,74.76,46.56,233.39
"640",2017-02-16,80.1086,71.9536,73.88,74.93,46.86,233.85
"641",2017-02-17,80.11,72.0501,73.75,75.08,46.9328,233.93
"642",2017-02-21,80.66,72.58,74.38,75.3,47.16,235.51
"643",2017-02-22,80.98,72.76,74.43,75.68,47.35,235.83
"644",2017-02-23,80.6159,72.769,74.33,75.79,47.5,235.56
"645",2017-02-24,80.51,72.81,73.91,75.61,47.6198,235.41
"646",2017-02-27,81.02,73.14,74.37,76.02,47.83,236.35
"647",2017-02-28,81.0797,73.11,74.1901,75.93,47.76,236.015
"648",2017-03-01,81.573,73.6599,75,76.47,47.93,238.37
"649",2017-03-02,81.58,73.87,74.81,76.4399,48.04,238.21
"650",2017-03-03,81.4,73.6314,74.72,75.984,47.853,237.73
"651",2017-03-06,81.2563,73.48,74.23,75.8492,47.79,237.01
"652",2017-03-08,81.4239,73.32,73.87,75.56,47.625,236.4
"653",2017-03-10,81.76,73.31,73.7,75.3802,47.701,236.59
"654",2017-03-13,82.13,73.4468,73.8499,75.6026,47.793,237.24
"655",2017-03-14,81.9194,73.331,73.32,75.295,47.74,236.19
"656",2017-03-15,82.21,73.601,73.66,75.88,47.8989,237.29
"657",2017-03-16,82.52,73.79,73.96,76.08,48.025,238.1
"658",2017-03-17,82.8,73.92,73.78,76.15,48.16,237.03
"659",2017-03-20,82.752,73.65,73.465,75.97,48.0729,236.32
"660",2017-03-21,81.88,73.05,72.24,75.2411,47.91,233.58
"661",2017-03-22,81.87,72.8989,72.09,75.17,47.84,233.05
"662",2017-03-23,82.1,73.07,72.335,74.98,47.89,233.6
"663",2017-03-24,81.7903,72.5,71.75,74.8087,47.58,232.96
"664",2017-03-27,81.37,72,71.21,74.5383,47.44,231.61
"665",2017-03-28,81.86,72.3765,71.91,74.9273,47.49,233.14
"666",2017-03-29,82.135,72.75,72.68,75.2099,47.6,234.725
"667",2017-03-30,82.54,72.73,72.87,75.45,47.59,235.27
"668",2017-04-04,82.3018,72.39,72.56,74.9901,47.56,234.555
"669",2017-04-05,82.4,72.39,72.38,75.01,47.6,234.54
"670",2017-04-06,82.3487,72.36,72.34,75.057,47.56,234.425
"671",2017-04-07,82.45,72.37,72.5344,74.94,47.61,234.64
"672",2017-04-11,81.96,72.1,72,74.9133,47.54,233.34
"673",2017-04-12,82.07,72.2363,72.13,75.01,47.63,233.77
"674",2017-04-13,81.8,71.96,71.71,74.75,47.51,232.51
"675",2017-04-17,81.97,72.08,71.75,74.81,47.55,232.88
"676",2017-04-18,82.41,72.08,71.64,74.985,47.74,233.08
"677",2017-04-19,82.64,71.9606,71.81,75.16,47.7843,233.18
"678",2017-04-20,82.65,72.17,72.15,75.21,47.73,233.78
"679",2017-04-21,83.02,72.29,72.16,75.48,47.88,234.13
"680",2017-04-24,83.803,72.82,72.96,76.0284,48.18,234.5628
"681",2017-04-25,84.22,73.29,73.43,76.42,48.3468,237.81
"682",2017-04-26,84.21,73.33,73.51,76.56,48.3811,238.35
"683",2017-05-01,84.82,73.13,73.285,76.11,48.27,238.195
"684",2017-05-02,84.94,73.19,73.12,76.02,48.259,238.3
"685",2017-05-03,84.64,72.96,72.95,75.884,48.05,237.7
"686",2017-05-04,84.69,72.96,72.84,75.97,48.14,237.78
"687",2017-05-05,85.07,73.29,73.16,76.17,48.3634,238.68
"688",2017-05-08,85.15,73.3501,73.44,76.14,48.34,239.17
"689",2017-05-09,85.2,73.3818,73.61,76.138,48.16,239.04
"690",2017-05-10,85.44,73.3601,73.55,75.96,48.1835,239.15
"691",2017-05-11,85.43,72.97,73.24,75.84,48.04,238.13
"692",2017-05-12,85.84,73.15,73.19,75.7884,48.14,238.67
"693",2017-05-15,86.06,73.35,73.45,76.2316,48.2,239.45
"694",2017-05-16,86.59,73.46,73.31,76.06,48.1801,239.63
"695",2017-05-17,85.19,72.59,71.78,75.33,47.88,235.75
"696",2017-05-18,85,72.48,71.535,74.92,47.79,235.43
"697",2017-05-19,85.9701,72.8277,72.18,75.58,48.0163,237.27
"698",2017-05-22,86.6,73.25,72.515,76.14,48.24,238.82
"699",2017-05-23,87.13,73.6,72.7,76.43,48.55,239.51
"700",2017-05-24,87.45,73.64,72.93,76.5753,48.622,239.93
"701",2017-05-25,87.8911,73.95,73.235,76.9085,48.88,240.96
"702",2017-05-26,88.25,74.13,73.09,77.06,49.11,241.45
"703",2017-05-30,88.51,74.03,73.1835,77.05,49.07,241.16
"704",2017-05-31,88.4877,74.15,72.86,77.0388,49.25,240.64
"705",2017-06-01,88.74,74.36,73.2,77.5144,49.37,241.64
"706",2017-06-02,89.31,74.779,73.73,78.14,49.69,243.08
"707",2017-06-05,89.72,74.9838,73.6901,77.96,49.74,243.76
"708",2017-06-06,89.4255,74.7,73.3768,77.62,49.6,243.12
"709",2017-06-07,89.725,74.6358,73.43,77.65,49.6,242.83
"710",2017-06-08,89.89,74.68,73.66,77.4812,49.32,243.17
"711",2017-06-09,88.62,74.49,73.7,77.694,49.245,241.95
"712",2017-06-12,88.38,74.66,73.79,77.83,49.24,242.38
"713",2017-06-13,89.35,75,74.17,78.15,49.4202,243.5799
"714",2017-06-14,89.19,74.99,73.76,78.3368,49.56,243.29
"715",2017-06-15,88.89,74.75,73.4,78.0018,49.455,242.36
"716",2017-06-16,89.1701,74.89,73.1,78.3,49.59,241.6337
"717",2017-06-19,89.77,75.49,73.65,78.66,49.84,243.48
"718",2017-06-20,89.98,75.32,73.5082,78.296,49.82,242.99
"719",2017-06-21,89.9249,75.1491,73.33,78,49.68,242.41
"720",2017-06-22,89.72,75.0523,73.4501,77.8385,49.67,242.64
"721",2017-06-23,89.54,75.02,73.5,77.989,49.66,242.47
"722",2017-06-26,89.3005,75.35,73.83,78.39,49.75,243.045
"723",2017-06-27,88.58,74.42,73.14,77.53,49.1,241.31
"724",2017-06-28,88.99,74.62,73.43,77.9952,49.21,242.23
"725",2017-06-29,88.1102,73.7903,73.02,77.156,48.5966,239.955
"726",2017-06-30,88.78,74.3,73.45,77.6,48.86,241.575
"727",2017-07-05,89.0043,74.4001,73.7783,77.68,48.88,241.7
"728",2017-07-06,88.92,73.9485,73.36,77.02,48.54,240.34
"729",2017-07-07,89.49,74.14,73.47,77.24,48.64,240.5645
"730",2017-07-10,89.85,74.39,73.59,77.49,48.75,241.76
"731",2017-07-11,89.93,73.96,73.24,77.1426,48.48,240.85
"732",2017-07-12,90.8,74.69,73.9,77.74,48.89,243.3
"733",2017-07-13,91.04,74.82,74.06,77.77,48.8949,243.76
"734",2017-07-14,90.97,75.066,74.4,78.14,49.07,244.31
"735",2017-07-17,91.437,75.292,74.68,78.15,49.18,245.33
"736",2017-07-18,91.02,75.1,74.41,78.16,49.12,244.67
"737",2017-07-19,91.71,75.48,74.75,78.515,49.25,246.01
"738",2017-07-20,91.533,75.766,74.8,78.65,49.44,246.47
"739",2017-07-21,91.6401,75.7,74.53,78.67,49.491,246.18
"740",2017-07-25,92.14,75.68,75.19,78.9906,49.6001,247.16
"741",2017-07-27,90.9565,75.275,74.54,78.7796,49.59,245.68
"742",2017-08-01,92.4765,75.16,74.85,78.79,49.79,246.716
"743",2017-08-02,91.82,75.0891,75.11,78.5755,49.7701,246.37
"744",2017-08-03,91.98,75.21,75.09,78.5909,49.81,246.64
"745",2017-08-07,92.72,75.4,75.36,78.7894,49.83,247.37
"746",2017-08-08,92.7648,75.25,75.3706,78.525,49.6921,246.83
"747",2017-08-10,91.29,74.27,74.13,77.6,49.52,243.7
"748",2017-08-11,91.19,74.23,74.04,77.525,49.5101,243.75
"749",2017-08-14,92.28,74.53,74.75,78.25,49.7654,245.55
"750",2017-08-16,92.7801,75.01,74.855,78.46,50.08,246.45
"751",2017-08-17,91.29,73.97,73.63,77.38,49.66,243.09
"752",2017-08-18,90.94,73.69,73.3,77.05,49.5,242.2
"753",2017-08-21,90.6736,73.62,73.08,77.02,49.52,241.83
"754",2017-08-22,91.6234,74.01,73.65,77.829,49.85,243.55
"755",2017-08-23,92.05,74.31,73.77,77.7314,49.89,244.16
"756",2017-08-24,91.85,74.29,73.83,77.68,49.7558,243.75
"757",2017-08-25,91.99,74.48,74.12,77.8936,49.88,244.39
"758",2017-08-29,91.37,74.22,73.7,77.48,49.79,242.93
"759",2017-08-30,92.12,74.52,74.23,77.91,49.89,244.62
"760",2017-08-31,93,75.18,75.01,78.2876,50.09,246.0473
"761",2017-09-01,93.5,75.53,75.475,78.5519,50.2364,247.67
"762",2017-09-05,91.951,74.74,74.62,77.82,49.9,244.95
"763",2017-09-06,92.3108,75.12,75.14,78.0269,50.07,246.23
"764",2017-09-07,91.98,75.17,75.11,77.81,50.15,246.4
"765",2017-09-08,92.01,75.29,74.98,78.2069,50.14,246.3
"766",2017-09-11,92.98,75.84,75.5,79.0141,50.61,248.02
"767",2017-09-13,93.59,76.32,76.36,79.06,50.62,249.59
"768",2017-09-14,93.75,76.2346,76.46,78.97,50.5066,249.6
"769",2017-09-15,93.67,76.2,76.43,79.0101,50.46,248.57
"770",2017-09-18,94.59,76.6,76.82,79.29,50.603,249.28
"771",2017-09-19,94.81,77.01,76.77,79.279,50.58,249.6
"772",2017-09-20,94.63,76.6701,76.56,79.29,50.34,248.92
"773",2017-09-21,94.55,76.77,76.59,79.21,50.31,249.185
"774",2017-09-22,94.55,76.69,76.6,79.1904,50.29,249.02
"775",2017-09-26,93.59,76.845,76.64,78.95,50.1,248.805
"776",2017-09-27,94.3,76.7604,76.76,78.825,49.935,248.87
"777",2017-09-28,94.6101,76.91,76.95,78.83,50.001,249.63
"778",2017-09-29,95.09,76.98,77.03,79.28,50.19,250.13
"779",2017-10-02,95.7,77.219,77.4,79.32,50.31,251.2926
"780",2017-10-03,96.105,77.35,78.06,79.7024,50.49,252.23
"781",2017-10-04,96.07,77.62,78.338,79.88,50.49,252.56
"782",2017-10-05,96.45,78.0064,78.44,80.17,50.72,253.196
"783",2017-10-06,96.82,78.0692,78.5,80.05,50.71,253.85
"784",2017-10-09,96.75,78.2702,78.34,79.98,50.6518,253.65
"785",2017-10-10,96.7199,78.47,78.575,80.09,50.7,253.98
"786",2017-10-11,96.8601,78.62,78.71,80.06,50.8,254.32
"787",2017-10-12,96.9,78.7019,78.44,80.08,50.87,254.365
"788",2017-10-13,96.782,78.85,78.43,80.45,50.99,254.64
"789",2017-10-18,97.77,79.04,78.83,80.43,51.06,255.5
"790",2017-10-19,97.3401,78.61,78.34,80.21,51.055,254.35
"791",2017-10-20,98.9842,79.3799,79.2,80.97,51.415,255.7744
"792",2017-10-23,99.05,79.42,79.3158,81.02,51.48,256.02
"793",2017-10-24,99.345,79.35,79.53,80.96,51.3461,256.15
"794",2017-10-25,98.4001,78.75,78.651,80.61,51.0899,254
"795",2017-10-26,99.08,79.31,79.18,80.7628,51.28,255.48
"796",2017-10-27,99.66,79.19,78.89,80.56,51.3,255.6254
"797",2017-10-30,100.003,79.1799,79.04,80.49,51.2307,256.41
"798",2017-10-31,100.4049,79.21,79.1801,80.5497,51.2472,256.805
"799",2017-11-01,99.9508,79.38,79.45,80.62,51.27,257.07
"800",2017-11-02,99.9,79.21,79.17,80.47,51.26,256.19
"801",2017-11-03,100.4754,79.51,79.6874,80.63,51.3,257.3
"802",2017-11-06,101.05,79.36,79.75,80.885,51.325,258.22
"803",2017-11-07,100.7701,79.5,79.58,80.8792,51.36,258.09
"804",2017-11-08,100.6001,79.6,79.58,80.92,51.5605,258.15
"805",2017-11-09,99.32,79.15,79.18,80.76,51.38,256.36
"806",2017-11-10,100.2299,79.4,79.57,80.73,51.42,257.37
"807",2017-11-13,100.04,79.53,79.46,80.71,51.51,257.27
"808",2017-11-14,100.05,79.4638,79.38,80.97,51.5101,256.52
"809",2017-11-15,99.6,79.32,78.7701,80.64,51.46,255.63
"810",2017-11-16,100.74,79.58,79.83,81.1099,51.57,257.4748
"811",2017-11-20,100.942,80.02,80.295,81.3908,51.65,257.86
"812",2017-11-21,101.73,80.3954,80.8865,81.7211,51.8,258.2627
"813",2017-11-22,101.58,80.441,80.965,81.71,51.81,259.57
"814",2017-11-24,101.69,80.5,81.03,81.8088,51.86,260.16
"815",2017-11-27,101.4701,80.59,80.66,81.83,51.97,260
"816",2017-11-28,101.71,80.73,80.82,81.96,52.11,260.655
"817",2017-11-29,101.9,81.31,81.95,83.0165,52.44,262.2
"818",2017-11-30,102.47,81.64,82.42,83.58,52.6042,263.67
"819",2017-12-01,100.91,81.0264,81.11,82.82,52.2532,260.76
"820",2017-12-04,101.38,82.34,82.82,83.71,52.7,264.08
"821",2017-12-05,101.13,82.1,82.29,83.04,52.5,263.04
"822",2017-12-06,100.83,81.85,81.96,82.95,52.5,262.71
"823",2017-12-07,101.4,81.92,82,83.25,52.51,262.94
"824",2017-12-08,102.5,82.4435,82.65,83.37,52.6308,264.0315
"825",2017-12-11,102.55,82.7195,83.03,83.67,52.75,265.4793
"826",2017-12-12,102.755,82.86,83.34,83.821,52.894,266.345
"827",2017-12-13,102.84,82.88,83.4,83.7565,52.94,266.65
"828",2017-12-14,102.36,82.66,82.7855,83.16,52.8,265.6
"829",2017-12-15,102.74,82.93,83.02,83.59,52.96,265.39
"830",2017-12-18,104.1,83.63,84.09,84.3389,53.315,267.98
"831",2017-12-19,103.8,83.61,84.37,84.0011,53.06,267.09
"832",2017-12-20,103.82,83.48,84.43,83.96,52.94,266.69
"833",2017-12-21,103.47,83.11,84.23,83.6,52.6101,267.3
"834",2017-12-22,103.1243,82.98,84.08,83.6899,52.59,266.9
"835",2017-12-26,102.9701,82.97,83.83,83.76,52.65,266.885
"836",2017-12-27,102.98,83.139,83.82,83.8157,52.7132,267.01
"837",2017-12-28,103.58,83.18,83.92,83.81,52.8,267.45
"838",2017-12-29,103.13,82.9,83.62,83.79,52.77,266.64
"839",2018-01-03,104.2,83.36,84.63,84.09,52.73,268.96
"840",2018-01-04,105.5664,83.88,84.84,84.4,52.91,270.5447
"841",2018-01-05,105.87,84.32,85.36,84.71,53.12,271.95
"842",2018-01-08,106.46,84.83,85.4012,85.0091,53.2348,272.98
"843",2018-01-09,106.9868,85.02,85.76,85.421,53.43,274.081
"844",2018-01-10,106.56,84.73,85.46,84.93,53.02,272.92
"845",2018-01-11,107.3962,85.17,86.12,85.155,53.11,274.56
"846",2018-01-12,108.21,85.76,87.18,85.7209,53.32,276.0819
"847",2018-01-16,108.301,85.67,86.97,85.49,53.385,276.18
"848",2018-01-17,109,86.13,87.19,85.98,53.58,276.97
"849",2018-01-18,110.2667,86.7405,87.82,86.0404,53.72,278.58
"850",2018-01-19,110.646,86.8,87.78,86.42,53.9134,279.14
"851",2018-01-22,110.8,87.3,88.08,86.68,54.14,280.11
"852",2018-01-23,111.61,87.6,88.53,87.21,54.3714,282.37
"853",2018-01-24,111.06,87.25,88.09,87.16,54.4,281.84
"854",2018-01-25,111.5596,87.48,87.88,87.565,54.63,282.405
"855",2018-01-26,112.2305,87.77,88.48,87.78,54.86,283.96
"856",2018-01-29,112.57,87.8175,88.87,87.9548,54.86,284.5
"857",2018-01-30,110.66,86.78,87.33,86.86,54.46,281.22
"858",2018-01-31,111.11,86.36,86.89,86.77,54.37,280.68
"859",2018-02-01,111,86.43,86.82,86.785,54.315,280.68
"860",2018-02-02,108.89,84.9197,84.79,85.34,53.51,275.41
"861",2018-02-05,103.2,81.3,81.38,82.42,51.15,263.31
"862",2018-02-06,100.68,79.72,80.02,75.9,50.5,258.7
"863",2018-02-07,106.25,82.69,83.17,83.47,51.79,267.58
"864",2018-02-08,101.8893,79.8,80.26,81.465,50.24,257.59
"865",2018-02-09,100.2,78.6277,78.5,79,49.7142,252.92
"866",2018-02-12,104.32,81.19,81.42,81.2697,51,261.6644
"867",2018-02-13,104.96,81.6,81.9,81.85,51.22,263.31
"868",2018-02-14,105.44,81.71,82.17,81.96,51.31,264.3
"869",2018-02-15,107.6998,83.27,83.66,83.699,52.09,268.77
"870",2018-02-16,109.2,84.3799,84.67,84.49,52.58,272.27
"871",2018-02-20,108.97,83.8604,83.86,83.68,52.34,270.5
"872",2018-02-21,108.86,83.52,83.61,84.3209,52.04,269.94
"873",2018-02-22,108.78,83.4,83.56,83.38,51.99,269.64
"874",2018-02-23,109.36,83.87,84.15,83.94,52.21,271.25
"875",2018-02-26,111.0099,85.09,85.31,84.61,52.99,275.26
"876",2018-02-27,111.02,84.93,85.27,84.425,52.72,274.36
"877",2018-02-28,109.9148,84.17,84.38,83.37,52.295,271.29
"878",2018-03-01,107.18,82.55,82.56,82.12,51.4601,266
"879",2018-03-02,106.1,82.2301,82.2,81.9,51.38,264.82
"880",2018-03-05,107.35,83.189,83.12,83.7707,51.66,267.61
"881",2018-03-06,109.24,84.32,84.34,83.85,52.38,271.18
"882",2018-03-07,108.65,83.97,83.83,83.819,52.2399,270.2
"883",2018-03-08,109.8828,84.745,84.29,84.42,52.7058,272.42
"884",2018-03-09,111.31,85.62,85.17,85.2729,53,275.34
"885",2018-03-12,112.61,86.51,86.01,85.66,53.38,278.0801
"886",2018-03-13,111.64,86.09,85.75,85.25,53.27,276.03
"887",2018-03-14,110.89,85.5,85.2,84.96,53.0537,274.67
"888",2018-03-15,111.03,85.53,84.98,84.82,53.05,274.43
"889",2018-03-16,111.59,85.69,85.22,85.25,53.12,274.14
"890",2018-03-19,109.4,84.232,83.85,84.8,52.521,268.62
"891",2018-03-20,110.6,84.9,84.43,84.59,52.7701,270.18
"892",2018-03-21,110.77,84.95,84.44,84.58,52.57,270.19
"893",2018-03-22,106.75,82.44,81.95,82.76,51.44,263.36
"894",2018-03-23,104.17,80.57,79.93,81.27,50.65,257.83
"895",2018-03-26,105.23,81.27,80.52,81.35,50.955,259.41
"896",2018-03-27,104.0171,81.15,80.47,81.45,51.05,258.84
"897",2018-03-28,103.49,81.18,80.58,81.65,51.215,258.58
"898",2018-03-29,104.3,81.61,81.21,82.175,51.53,259.8389
"899",2018-04-02,101.26,79.93,79.17,80.37,50.66,254.67
"900",2018-04-03,102.27,80.86,80.12,81.23,51.065,256.84
"901",2018-04-04,101.33,80.65,80.11,81.0939,51.01,256.6
"902",2018-04-05,105.32,82.88,82.485,83.0347,52.1,264.32
"903",2018-04-06,102.3,80.81,80.46,81.09,51.2356,258
"904",2018-04-09,103.41,81.51,81.26,82.1,51.58,259.9356
"905",2018-04-10,104.77,82.35,82.09,82.6102,51.885,262.98
"906",2018-04-11,104.93,82.38,82.27,82.23,51.82,263.39
"907",2018-04-12,105.58,82.87,82.77,82.75,51.965,265.06
"908",2018-04-13,105.18,82.4,82.6,82.47,51.88,264.01
"909",2018-04-16,105.9901,83.08,83.23,83.375,52.3,266.07
"910",2018-04-17,107.24,83.58,84.11,83.93,52.74,268.75
"911",2018-04-18,108.03,83.66,84.39,84.22,52.97,269.87
"912",2018-04-19,107.71,82.49,83.37,83.4935,52.45,267.72
"913",2018-04-20,107.01,81.78,82.55,82.92,52.08,265.61
"914",2018-04-23,106.7048,81.7,82.57,82.9,52.0899,265.35
"915",2018-04-24,104.46,80.5,81.78,82.16,51.54,261.28
"916",2018-04-26,105.96,81.21,82.58,82.57,51.92,264.29
"917",2018-04-27,106.72,81.71,82.82,83.08,52.21,265.5
"918",2018-04-30,106.45,81.63,82.34,82.74,51.98,264.43
"919",2018-05-01,105.6598,80.87,81.52,81.9865,51.525,262.11
"920",2018-05-02,105.98,81.31,81.79,82.1972,51.37,262.76
"921",2018-05-03,104.4,80.3,80.41,80.9,50.92,259.05
"922",2018-05-04,105.32,81.0985,80.96,81.685,51.27,261.15
"923",2018-05-07,107.82,82.4232,82.34,82.62,51.94,266.11
"924",2018-05-09,108.8427,82.72,82.58,82.56,51.8834,267.09
"925",2018-05-10,110.35,83.5648,83.46,83.25,52.355,270.22
"926",2018-05-11,110.7404,84.04,83.9378,83.79,52.61,271.58
"927",2018-05-14,110.9048,84.03,84.47,84.095,52.6132,272.36
"928",2018-05-15,109.92,83.3501,84.02,83.17,52.19,270.03
"929",2018-05-16,110.41,83.82,84.46,83.43,52.3,271.11
"930",2018-05-18,110.1575,83.88,84.4764,83.53,52.1809,270.93
"931",2018-05-21,111.11,84.32,84.93,84.11,52.35,271.3512
"932",2018-05-22,110.93,84.099,84.97,83.97,52.355,272.24
"933",2018-05-23,110,83.9,84.26,83.6,52.21,270.99
"934",2018-05-24,110.24,83.88,84.14,83.57,52.42,270.78
"935",2018-05-25,110.92,84.062,84.3701,83.99,52.44,271.58
"936",2018-05-29,109.1,82.99,83.19,82.89,52.07,267.76
"937",2018-05-30,110.434,83.7,83.96,84.11,52.44,270.42
"938",2018-05-31,109.99,83.75,83.7,83.35,52.46,270.255
"939",2018-06-01,110.95,84.28,84.5,83.8914,52.73,272.33
"940",2018-06-04,111.96,84.94,85.19,84.18,52.94,274.26
"941",2018-06-05,112.6,85,85.21,84.2001,52.94,274.18
"942",2018-06-06,113.14,85.41,85.4,84.47,53,275.09
"943",2018-06-07,112.69,85.7678,86.06,85.04,53.27,276.34
"944",2018-06-08,112.9683,85.76,86.05,85.111,53.31,276.66
"945",2018-06-11,113.53,86.18,86.57,85.506,53.5915,278.31
"946",2018-06-12,113.49,86.07,86.45,85.7,53.55,278.19
"947",2018-06-13,113.82,85.83,86.32,85.36,53.48,277.8
"948",2018-06-14,114.08,85.84,86.21,85.45,53.56,278.0599
"949",2018-06-15,113.34,85.41,85.45,85.1711,53.525,275.35
"950",2018-06-18,113.05,85.33,85.42,85.41,53.465,274.95
"951",2018-06-19,112.11,84.96,84.68,85.11,53.3,273.53
"952",2018-06-20,113.64,85.33,85.32,85.331,53.53,275.59
"953",2018-06-21,112.81,84.62,84.8,84.95,53.305,273.68
"954",2018-06-22,112.11,84.83,84.93,85.301,53.52,274.49
"955",2018-06-25,108.8269,83.24,83.17,84.5649,53.15,269.1
"956",2018-06-26,109.45,83.37,83.07,84.2166,53.035,270.79
"957",2018-06-27,108.26,82.6399,82.72,83.411,52.665,269.18
"958",2018-06-28,108.04,82.561,82.01,83.26,52.61,268.49
"959",2018-06-29,109.68,83.45,82.56,84.28,53.06,271.1495
"960",2018-07-02,108.49,82.73,81.97,83.39,52.84,269.24
"961",2018-07-03,109.15,83.23,82.2799,83.92,53.2,270.42
"962",2018-07-05,109.12,83.39,82.43,83.96,53.27,270.96
"963",2018-07-06,109.61,83.92,82.85,84.9585,53.68,272.715
"964",2018-07-09,111.4,84.94,83.99,85.39,53.9615,276.5
"965",2018-07-10,112.23,85.5,84.73,85.74,54.05,278.08
"966",2018-07-11,111.56,84.98,83.77,85.34,54.12,276.52
"967",2018-07-12,112.59,85.37,84.0235,85.485,54.24,277.6
"968",2018-07-16,113.26,85.3916,84.21,85.58,54.3801,278.84
"969",2018-07-17,112.45,85.42,84.2577,85.7807,54.435,278.41
"970",2018-07-19,113.52,85.86,84.39,85.87,54.51,279.46
"971",2018-07-20,113.57,85.9,84.3,85.8,54.5,279.5
"972",2018-07-23,113.07,85.62,84.11,85.7,54.409,279.06
"973",2018-07-24,113.34,86,84.5299,85.66,54.3732,280.63
"974",2018-07-25,113.5892,86.06,84.088,85.81,54.533,281.28
"975",2018-07-26,114.4572,86.901,85.07,86.715,54.93,283.09
"976",2018-07-27,112.5,86.27,84.6702,86.17,54.71,280.38
"977",2018-07-30,110.82,85.89,84.95,85.88,54.45,279.36
"978",2018-07-31,110.89,86.3,85.29,86.13,54.62,280.38
"979",2018-08-01,111.36,86.07,85.1698,86.04,54.66,280.1315
"980",2018-08-02,111.01,85.781,84.88,86.09,54.5,279.16
"981",2018-08-03,112.51,86.64,85.97,86.68,54.9664,282.33
"982",2018-08-06,112.74,86.84,86.34,86.83,55.2562,283.2015
"983",2018-08-07,113.91,87.3856,86.8,87.15,55.395,285.24
"984",2018-08-09,114.2845,87.31,86.77,87.02,55.5141,284.915
"985",2018-08-10,113.47,86.611,85.86,86.56,55.235,282.36
"986",2018-08-13,113.29,86.39,85.62,86.24,55.11,281.77
"987",2018-08-14,113.31,86.61,85.9911,86.74,55.29,282.4833
"988",2018-08-15,111.96,86.1248,85.02,86.1,55.19,280.16
"989",2018-08-16,113.3001,86.86,86.28,87.11,55.6,283.36
"990",2018-08-17,112.77,87.03,86.56,87.33,55.89,283.37
"991",2018-08-20,113.43,87.83,87.4292,87.88,56.26,285.06
"992",2018-08-21,114.01,88.2047,87.78,88.131,56.205,285.7135
"993",2018-08-23,114.73,88.1301,87.29,87.5,56.01,285.43
"994",2018-08-24,115.504,88.32,87.515,87.8911,56.09,286.38
"995",2018-08-27,116.86,89.1157,88.04,88.24,56.3671,288.68
"996",2018-08-29,117.62,89.34,88.49,88.611,56.54,289.8854
"997",2018-08-30,117.63,89.27,88.3834,88.2565,56.3829,289.63
"998",2018-09-04,117.66,89.3,88,88.14,56.3901,288.68
"999",2018-09-06,115.98,89.15,87.4289,88.48,56.64,287
"1000",2018-09-07,115.75,89.0825,87.14,88.14,56.6501,286.71
"1001",2018-09-10,116.33,89.44,87.25,88.43,56.77,287.88
"1002",2018-09-11,116.1132,89.21,86.77,88.1521,56.72,286.975
"1003",2018-09-12,116.3324,89.51,87.28,88.48,56.83,288.23
"1004",2018-09-13,117.79,89.99,87.88,88.98,57.1,289.995
"1005",2018-09-14,117.9229,90.12,87.9099,88.964,57.1499,290
"1006",2018-09-17,116.759,89.88,87.75,88.905,57.1744,289.03
"1007",2018-09-18,117.0836,89.98,87.87,89.107,57.16,289.55
"1008",2018-09-19,117.4591,90.2893,88.32,88.9903,57.09,290.825
"1009",2018-09-20,117.89,90.42,88.98,89.1811,57.17,291.2363
"1010",2018-09-21,118.18,91.2,89.2,89.6511,57.51,291.81
"1011",2018-09-24,117.47,90.7237,88.66,88.81,57.126,290.37
"1012",2018-09-25,118.56,90.56,88.35,88.7358,57.09,290.4833
"1013",2018-09-26,118.33,89.98,87.47,87.65,56.64,289.41
"1014",2018-09-27,118.7,90.18,87.6513,87.68,56.64,290.1
"1015",2018-09-28,118.6,90.1,87.51,87.745,56.5,289.95
"1016",2018-10-01,119.2531,90.51,87.94,87.68,56.9,290.98
"1017",2018-10-02,118.93,90.5496,88.02,87.7711,56.99,291.14
"1018",2018-10-03,119.28,90.59,88.64,87.66,56.74,291.32
"1019",2018-10-04,116.77,89.44,87.72,86.86,56.28,287.66
