"date","openMTUM","openQUAL","openVLUE","openSIZE","openUSMV","openSPY"
2013-07-22,55.05,50.48,54.99,52.89,33.94,169.41
2013-07-29,54.71,50.2,54.63,53.7909,33.83,168.68
2013-08-05,55.04,51.18,55.319,54.48,34,170.57
2013-08-09,54.85,50.446,54.85,54.1699,33.89,169.58
2013-08-15,54.19,49.84,54.01,52.96,33.44,167.41
2013-08-19,53.09,49.5,53.58,52.53,32.84,165.64
2013-08-26,53.24,50.51,54.54,53.07,33.16,166.79
2013-09-06,53.13,49.56,53.95,52.82,32.79,166.51
2013-09-10,54.15,51.05,54.5801,53.2853,33.22,168.64
2013-09-19,55.87,52.3,55.83,55.06,34.31,173.52
2013-09-30,53.92,51,54.15,53.62,33.13,167.48
2013-10-02,54.12,50.96,54.23,53.62,33.3,168.35
2013-10-03,54.15,51.54,54.04,53.1156,33.28,168.79
2013-10-08,53.6022,50.24,54.04,53.37,32.98,167.4
2013-10-09,52.83,50.41,53.45,52.85,32.8,165.8
2013-10-11,54.356,50.83,54.82,54.03,33.34,168.91
2013-10-16,55,51.81,55.56,54.565,33.53,170.72
2013-10-21,56.4,52.78,56.38,55.33,34.4,174.45
2013-10-28,57,53.5,56.77,55.92,34.81,175.89
2013-10-29,57.24,53.55,56.92,56.06,34.96,176.63
2013-11-01,56.96,53.81,56.5,55.94,34.81,176.02
2013-11-04,57.28,53.92,56.88,56.11,34.99,176.69
2013-11-11,56.79,53.81,57.26,55.996,34.96,177.12
2013-11-21,57.65,54.93,58.04,56.25,35.21,178.97
2013-11-25,58.59,55.47,58.34,56.649,35.49,181.13
2013-12-03,58.05,55.1,58.06,56.23,35.06,179.94
2013-12-06,58.47,55.16,58.2,56.57,35.07,180.67
2013-12-09,58.575,55.71,58.639,56.7801,35.24,181.47
2013-12-12,57.97,54.72,57.6,55.7377,34.65,178.64
2013-12-13,57.9,54.54,57.61,55.76,34.56,178.5
2013-12-16,58.39,54.85,57.91,56.1407,34.69,178.95
2013-12-18,58.2,54.75,57.68,56,34.56,178.92
2013-12-23,59.74,56.01,58.89,56.92,35.11,182.41
2013-12-26,59.9474,55.96,59.31,57.22,35.22,183.34
2013-12-27,60.84,56.59,59.38,56.86,35.37,184.1
2013-12-31,59.877,56.57,59.51,57.59,35.48,184.07
2014-01-03,59.71,56.57,59.29,57.75,35.13,183.21
2014-01-07,59.64,56.11,59.39,57.5,35.2,183.09
2014-01-09,60.36,56.37,59.475,56.8,35.29,184.1
2014-01-13,60.56,56.34,59.47,57.52,35.38,183.71
2014-01-14,59.6142,55.79,59.03,57.13,35.14,182.28
2014-01-16,60.31,56.47,59.38,57.48,35.38,184.28
2014-01-17,60.42,56.57,59.26,57.41,35.42,184.1
2014-01-22,60.73,56.44,59.37,57.71,35.36,184.49
2014-01-24,59.76,55.57,58.09,56.73,34.98,181.6
2014-01-27,58.52,56.91,57.52,56.13,34.55,179.06
2014-01-30,58.84,54.51,57.55,56.4,34.5,178.86
2014-02-04,57.41,52.99,56.32,55.72,33.85,174.95
2014-02-07,58.6,54.16,57.33,56.26,34.3,178.31
2014-02-10,59.62,54.79,57.75,56.543,34.59,179.7
2014-02-13,59.96,55.28,58.3,57.3,34.83,180.84
2014-02-19,61.32,56.22,59.05,58.19,35.5,183.76
2014-02-21,61.92,56.39,59.2,58.4455,35.69,184.49
2014-03-03,61.93,56.71,59.28,58.65,35.7,184.69
2014-03-04,62.962,57.08,59.9501,59.35,35.98,186.75
2014-03-05,63.41,57.33,60.14,59.37,36.15,187.72
2014-03-07,63.62,57.44,60.4599,59.1499,36.16,188.87
2014-03-11,63.31,57.25,60.44,59.1099,36.14,188.44
2014-03-18,62.38,56.84,60.09,59.3,36.18,186.71
2014-03-21,62.6,56.99,60.52,59.4636,36.25,187.72
2014-03-24,61.4,56.71,60.74,58.95,35.99,186.82
2014-03-27,59.9,55.67,59.76,58.4,35.65,184.77
2014-03-28,59.65,56.02,60.14,58.83,35.63,185.105
2014-03-31,60.2101,56.2,60.59,59.23,35.91,186.65
2014-04-07,59.25,55.62,60.53,58.8199,35.84,185.9
2014-04-09,59.46,55.81,60.12,58.76,35.88,185.6
2014-04-10,60.19,56.41,60.465,58.56,35.96,187.09
2014-04-11,57.99,54.74,59.12,57.99,35.36,182.17
2014-04-15,58.4,55.08,59.71,58.4,35.55,183.32
2014-04-16,58.964,55.76,59.98,58.8,35.86,185.47
2014-04-17,59.37,56.05,60.171,59.019,36.06,185.88
2014-04-21,59.57,55.98,60.61,59.14,36.16,186.44
2014-04-22,60.42,56.51,60.76,59.4222,36.25,187.23
2014-04-25,59.17,56.18,60.91,59.1701,36.11,187.21
2014-04-28,59.04,56.03,60.7608,58.81,36.22,187.05
2014-04-30,59.472,56.37,60.82,59.439,36.42,187.44
2014-05-01,59.8899,56.94,61.0856,59.54,36.55,188.22
2014-05-06,60.05,56.68,60.65,59.5501,36.51,188
2014-05-09,59.33,56.6,61.03,59.57,36.47,187.69
2014-05-12,60.08,57.012,61.34,60.23,36.64,188.76
2014-05-13,60.8,57.48,61.56,60.229,36.76,190.03
2014-05-14,60.62,57.42,61.43,60.02,36.76,189.79
2014-05-15,60.12,56.87,61.25,59.48,36.54,188.67
2014-05-20,60.1499,56.82,61.01,59.54,36.53,188.645
2014-05-21,60.28,56.79,61.09,59.66,36.39,188.1
2014-05-22,60.82,57.15,61.3599,59.8,36.56,189.18
2014-05-23,61.0099,57.3,61.49,59.96,36.62,189.75
2014-05-27,61.69,57.56,61.86,60.4,36.78,191.05
2014-05-28,61.86,57.78,61.82,60.5,36.76,191.52
2014-05-29,61.95,57.7301,61.9571,60.48,36.74,191.82
2014-06-02,62.214,58.24,62.322,60.83,37,192.95
2014-06-04,62.19,57.75,62.27,61.47,36.89,192.47
2014-06-06,62.78,58.62,63.15,61.6799,37.24,194.87
2014-06-09,62.86,58.84,63.33,61.67,37.29,195.35
2014-06-10,62.82,58.78,63.28,61.506,37.22,195.33
2014-06-18,62.65,58.06,63.08,61.55,37,194.83
2014-06-20,63.37,58.59,63.78,62.194,37.51,196.03
2014-06-25,62.77,57.98,63.0301,61.589,37.07,194.25
2014-06-26,63.03,57.95,63.4,61.52,37.15,195.61
2014-06-27,63.25,58.09,62.97,61.84,37.13,194.98
2014-07-01,63.53,58.4,63.33,62.2201,37.3,196.19
2014-07-03,63.95,59,64.04,62.27,37.44,197.79
2014-07-07,63.98,59.17,64.03,61.96,37.4,197.82
2014-07-08,63.25,58.81,63.58,61.6401,37.32,197.15
2014-07-09,63.1,58.71,63.64,61.9,37.4,196.73
2014-07-10,62.68,58.4,63.251,61.699,37.2,195.22
2014-07-16,63.65,58.98,63.97,62.03,37.63,198.11
2014-07-17,63.13,58.7,63.65,61.63,37.31,197.349
2014-07-21,63.25,58.71,63.81,61.78,37.48,197.09
2014-07-22,63.72,59.04,64.2328,61.988,37.48,198.01
2014-07-24,64.4194,59.2,64.28,62.04,37.61,198.83
2014-07-28,64.34,59.05,64.12,61.76,37.47,197.76
2014-07-29,64.31,59.21,64.02,62.04,37.61,198.17
2014-07-30,64.15,58.89,63.567,62.07,37.47,197.65
2014-07-31,63.4,58.57,62.79,60.97,37.11,195.61
2014-08-05,62.76,57.64,62.47,60.38,36.7,193.1
2014-08-06,61.95,57.29,61.65,60.05,36.41,191.11
2014-08-07,62.0799,57.72,61.927,60.29,36.7,192.935
2014-08-08,61.78,57.29,62.28,59.99,36.46,191.46
2014-08-11,62.82,58.16,62.53,61.03,37.03,193.965
2014-08-12,62.69,57.9606,62.4599,60.83,37.01,193.61
2014-08-13,62.86,58.1145,62.7501,60.87,37.07,194.29
2014-08-14,63.4,58.5,62.79,61.33,37.2,195.16
2014-08-15,63.84,58.871,63.105,61.61,37.54,196.47
2014-08-18,63.94,59.03,63.385,61.75,37.6,196.8
2014-08-19,64.26,59.49,63.79,62.17,37.76,197.84
2014-08-20,64.38,59.68,63.68,61.82,37.82,198.12
2014-08-21,64.12,60.05,64.12,62.5148,37.97,199.09
2014-08-22,64.84,60.02,64.26,62.44,38.05,199.34
2014-08-25,65.24,60.3018,64.55,62.83,38.04,200.14
2014-08-26,65.27,60.26,64.7,62.6599,38.08,200.33
2014-08-29,65.34,60.31,64.609,62.65,38.08,200.45
2014-09-02,65.52,60.41,64.99,62.97,38.2,200.97
2014-09-04,65.73,60.24,64.59,62.99,38.2,200.84
2014-09-05,65.68,59.99,64.45,63.62,38.17,200.17
2014-09-09,65.8,60.16,64.46,62.82,38.25,200.41
2014-09-12,65.47,60,64.445,62.42,38.03,200.1
2014-09-15,65.14,59.72,63.92,62.205,37.82,199.16
2014-09-16,65.089,59.52,64.1,62.14,37.82,198.61
2014-09-18,65.9305,60.3425,64.86,62.73,38.19,201.36
2014-09-22,65.96,60.35,64.82,62.26,38.22,200.35
2014-09-23,65,59.89,64.14,62.11,37.98,198.43
2014-09-24,65.04,59.62,64.091,61.49,37.73,198.04
2014-09-25,65.47,59.83,63.5,61.9,37.93,199.04
2014-09-30,64.94,59.65,63.39,61.39,37.78,197.69
2014-10-01,64.7,59.53,63,60.99,37.62,196.7
2014-10-02,63.84,58.64,62.45,60.82,37.36,194.18
2014-10-03,64.26,59.01,62.95,61.299,37.64,195.68
2014-10-06,65.15,59.64,63.2799,61.38,38,197.34
2014-10-07,64.32,58.99,62.59,61.16,37.74,195.28
2014-10-08,63.66,58.3,62.3,61.3,37.44,193.37
2014-10-09,64.65,59.32,62.88,61.4,37.96,196.33
2014-10-10,63.17,58.45,61.88,60.64,37.42,192.69
2014-10-14,61.074,56.91,60.56,59.57,37.04,188.42
2014-10-15,59.99,55.9,59.58,58.75,36.67,185.16
2014-10-16,59.24,55.14,59.258,58.41,36.93,183.06
2014-10-20,61.53,56.73,60.69,59.942,36.98,188.18
2014-10-22,64,58.6099,62.34,61.44,37.99,194.46
2014-10-23,64.15,58.7,62.69,61.66,38.12,194.62
2014-10-24,64.44,59.01,62.71,62.14,38.16,195.25
2014-10-28,65.13,59.65,63.0201,62.41,38.6,196.82
2014-10-30,65.05,59.86,63.42,62.71,39.73,197.57
2014-10-31,66.57,61.48,64.71,63.5476,39.41,201.78
2014-11-03,66.57,61.33,64.75,63.9,39.27,201.92
2014-11-04,66.4,61.03,64.19,63.65,39.23,201.23
2014-11-05,66.82,61.41,64.5701,63.82,39.6,202.54
2014-11-10,66.78,61.39,65.3175,64.46,39.69,203.39
2014-11-12,66.8828,61.52,65.19,64.34,39.73,203.35
2014-11-17,66.72,61.74,65.44,64.17,39.75,203.85
2014-11-19,67.48,61.81,65.66,64.68,40.11,205.31
2014-11-25,68.34,62.69,66.71,65.41,40.33,207.54
2014-11-26,68.45,62.59,66.4044,65.44,40.26,207.29
2014-11-28,68.83,62.59,66.272,65.71,40.48,207.49
2014-12-01,68.38,62.33,65.531,65.24,40.49,206.4
2014-12-02,68.46,62.386,66.03,65.29,40.55,205.81
2014-12-03,68.88,62.8,66.3877,65.58,40.66,207.3
2014-12-08,69.31,62.84,66.3,65.45,40.64,207.52
2014-12-10,68.67,62.51,65.21,64.97,40.47,205.91
2014-12-11,68.08,61.83,65.259,65.22,40.14,203.88
2014-12-12,67.67,61.7,64.6199,64.47,40.06,202.64
2014-12-15,67.8,61.37,63.27,64.19,39.91,201.98
2014-12-18,68.22,61.94,64.978,65.15,40.51,204.74
2014-12-19,69.63,62.9,66.11,65.84,40.9,206.43
2014-12-23,69.58,63.2,66.9971,66.699,41.3,208.17
2014-12-26,69.02,62.91,66.77,66.5499,41.09,208.31
2014-12-29,69,63.1,66.82,66.6,41.05,208.22
2014-12-30,69.07,62.8999,66.59,66.72,41.05,208.21
2014-12-31,68.82,62.91,66.55,66.3899,40.98,207.99
2015-01-02,68.39,62.7,65.3901,65.2925,40.62,206.38
2015-01-06,67.38,61.35,64.7899,64.29,40.19,202.09
2015-01-07,67.25,60.87,64.69,64.4,40.33,201.42
2015-01-08,68.32,62.05,65.619,65.54,40.8,204.01
2015-01-09,69.31,62.62,65.59,65.25,41.16,206.4
2015-01-12,68.75,62.12,65.22,65.22,40.94,204.41
2015-01-13,68.91,62,65.2662,65.7,40.96,204.12
2015-01-14,67.34,60.95,63.64,64.22,40.33,199.65
2015-01-15,67.88,61.5,63.29,64.75,40.67,201.63
2015-01-16,67.32,60.39,63.29,64.12,40.42,198.77
2015-01-20,68.57,61.78,64.29,65.94,41.09,202.4
2015-01-21,68.38,61.49,64.2801,65.57,40.86,201.5
2015-01-22,69.3,62.14,64.7615,65.071,41.25,203.99
2015-01-23,69.99,62.79,65.434,65.99,41.54,205.79
2015-01-26,69.83,62.6,64.74,66.56,41.45,204.71
2015-01-27,69.18,61.89,64.43,65.99,41.18,202.97
2015-01-28,69.23,62.12,64.55,65.72,41.4,204.17
2015-01-29,68.3,61.13,63.49,64.78,40.79,200.38
2015-01-30,68.31,61.62,63.29,64.86,40.78,200.57
2015-02-02,67.6,61.46,63.3,64.68,40.38,200.05
2015-02-03,68.47,62.24,64.4,65.65,40.82,203
2015-02-04,68.48,62.24,65.16,65.9,40.97,203.92
2015-02-05,68.95,62.53,65.454,66.21,41.14,204.86
2015-02-06,69.5,63.01,65.99,66.1612,41.44,206.56
2015-02-10,68.72,62.71,65.67,66.0199,41.01,205.88
2015-02-11,69.44,62.93,65.896,66.28,41.23,206.61
2015-02-12,69.98,63.19,66.579,66.63,41.42,207.89
2015-02-13,70.21,63.8,66.9048,66.8416,41.48,209.07
2015-02-17,70.24,63.99,67.06,67.8,41.45,209.4
2015-02-18,70.15,63.96,66.82,67.0899,41.45,209.66
2015-02-20,70.69,64.26,66.88,67.84,41.46,209.48
2015-02-23,71.42,64.72,67.15,67.4258,41.72,210.94
2015-02-24,71.5,64.75,67.45,68.03,41.77,211.12
2015-02-25,71.38,64.76,67.19,67.598,41.76,211.66
2015-03-02,71.47,64.96,67.12,67.32,41.72,210.78
2015-03-03,71.7,65.33,66.92,67.2799,41.83,211.47
2015-03-04,71.1,64.89,66.75,67.86,41.61,210.4
2015-03-05,71.39,64.86,67.04,67.55,41.58,210.62
2015-03-06,70.8857,64.59,66.7,66.329,41.44,209.42
2015-03-09,70.37,63.97,66.23,66.43,40.88,207.74
2015-03-10,70.03,63.8,65.83,65.76,40.88,206.71
2015-03-11,69.7,63.26,65.138,65.71,40.62,205.29
2015-03-12,69.5,63.01,65.25,66.214,40.56,205.26
2015-03-13,70.06,63.44,65.65,66.9,41.01,206.77
2015-03-16,70.03,63.46,65.89,66.636,40.96,206.71
2015-03-17,70.56,63.88,66.02,66.6,41.17,207.69
2015-03-18,70.78,63.76,65.74,66.42,41.16,207.39
2015-03-19,71.78,64.54,66.6,67.4791,41.57,209.96
2015-03-20,72.01,64.9,67.018,67.75,41.75,209.71
2015-03-23,72.15,65.15,67.01,67.96,41.97,210.42
2015-03-24,71.93,64.92,66.8978,67.67,42.03,209.85
2015-03-25,71.31,64.7,66.18,66.5,41.68,209.07
2015-03-26,69.58,63.14,65.3599,66.18,40.89,204.96
2015-03-27,70.2094,63.47,65.114,66.158,40.92,205.13
2015-03-30,71.01,63.98,65.86,66.65,41.3,206.98
2015-04-01,70.06,63.43,65.77,66.66,41.28,206.39
2015-04-02,69.86,63.32,65.792,66.26,41.15,205.62
2015-04-06,69.5,63,65.32,67.38,41.11,205.37
2015-04-07,70.4,63.86,66.32,67.85,41.52,207.855
2015-04-08,70.439,63.82,66.1,67.0601,41.38,207.55
2015-04-09,70.59,64.01,66.19,66.96,41.42,207.78
2015-04-10,70.76,64.23,66.34,67.4485,41.55,209.2
2015-04-13,71.23,64.58,66.911,68.1,41.64,209.87
2015-04-14,70.64,64.1,66.46,67.5,41.42,208.85
2015-04-16,70.84,64.22,67.14,67.34,41.52,210.03
2015-04-17,70.55,63.86,66.41,66.7799,41.31,208.94
2015-04-20,70.5,63.76,66.8017,67.2199,41.25,209.06
2015-04-22,71.25,64.41,66.51,67.03,41.5,210.01
2015-04-23,71.07,64.51,67.03,67.6299,41.5,210.15
2015-04-24,71.37,65.13,67.13,67.32,41.81,211.66
2015-04-27,71.76,65.42,67.31,67.63,41.9,212.33
2015-04-28,70.92,64.93,67.16,67.01,41.5,210.74
2015-04-29,70.81,64.6,67.015,66.62,41.48,210.37
2015-04-30,70.3501,64.35,66.84,66.74,41.25,209.88
2015-05-01,69.93,64.16,66.88,66.7414,41.14,209.4
2015-05-04,70.97,64.94,67.38,67.2719,41.39,211.23
2015-05-05,70.61,64.68,67.0199,66.27,41.44,211.03
2015-05-06,70.05,64.29,66.78,66.51,41.09,209.56
2015-05-07,69.6993,63.62,66.27,66.1378,40.87,207.92
2015-05-08,70.71,64.72,67.32,67.12,41.45,210.88
2015-05-12,70.35,64.4,66.9399,66.76,41.19,209.61
2015-05-13,70.69,64.76,66.8428,66.92,41.4,210.47
2015-05-15,71.66,65.33,67.3882,67.2601,41.79,212.44
2015-05-18,71.71,65.47,67.57,67.6494,41.84,212.24
2015-05-20,72.1,65.73,67.836,67.72,42,213.15
2015-05-21,71.91,65.55,67.72,67.7006,41.91,212.71
2015-05-22,72,65.66,67.7593,67.73,41.85,213.04
2015-05-26,71.95,65.42,67.25,66.9901,41.73,212.4
2015-05-27,71.55,64.92,67.3134,67.2644,41.51,211.25
2015-05-28,72.14,65.22,67.5499,67.23,41.65,212.33
2015-05-29,72.04,65.26,67.19,67.299,41.7,212.38
2015-06-03,71.83,65.12,67.33,67.39,41.48,212
2015-06-05,71.08,64.29,66.709,66.5869,41.11,209.95
2015-06-08,70.8154,64.01,66.67,66.43,40.9,209.64
2015-06-09,70.68,63.84,66.4277,66.18,40.7,208.45
2015-06-10,70.81,64.1,66.98,66.832,40.78,209.37
2015-06-11,71.68,64.94,67.326,67.03,41.11,211.48
2015-06-12,71.45,64.61,66.966,66.7,41.09,210.64
2015-06-15,70.99,63.93,66.33,66.24,40.74,208.64
2015-06-16,71.34,63.92,66.8303,66.5744,40.74,208.93
2015-06-18,72.12,64.86,67.8799,67.57,41.2,211.31
2015-06-19,72.806,65.47,67.79,67.36,41.53,211.46
2015-06-22,73.21,65.51,67.68,67.56,41.62,211.905
2015-06-24,73.02,65.03,66.983,67,41.26,211.72
2015-06-29,71.96,63.71,65.85,65.3,40.6,208.045
2015-06-30,71.76,63.63,65.588,65.4587,40.61,207.26
2015-07-01,72.02,63.82,65.85,65.84,40.58,207.73
2015-07-07,72.05,63.5,64.8,65.84,40.92,206.96
2015-07-08,71.92,63.44,65.2272,65.73,40.98,205.7748
2015-07-10,72.09,63.73,65.59,66.11,41.15,207.29
2015-07-14,73.43,64.57,66.642,66.48,41.51,209.72
2015-07-15,73.74,64.88,66.77,66.77,41.6,210.73
2015-07-20,74.2,65.7,66.76,66.67,41.72,212.75
2015-07-21,74.3,65.93,66.85,66.85,41.77,212.43
2015-07-27,73.08,63.89,65.12,65.38,41.1,206.94
2015-07-28,73.31,64.02,65.63,65.583,41.32,207.79
2015-07-31,74.3,65.43,66.18,66.85,41.96,211.42
2015-08-03,74.33,65.11,65.73,66.69,41.94,210.46
2015-08-05,73.74,65.19,66.0399,67.1669,42.17,210.45
2015-08-06,74.21,65.41,65.395,66.6294,42.28,210.29
2015-08-10,73.18,64.81,65.81,67.16,42.09,209.28
2015-08-11,72.83,64.98,65.48,66.69,42.1,208.97
2015-08-12,72.18,64.24,64.9,66.0603,41.98,207.11
2015-08-13,72.71,64.73,65.31,66.702,42.26,208.73
2015-08-14,72.69,64.67,65.52,66.975,42.2,208.43
2015-08-17,72.9,64.69,65.44,67.09,42.43,208.71
2015-08-18,73.92,65.25,65.82,67.43,42.54,210.26
2015-08-19,73.46,64.94,65.45,66.98,42.54,209.09
2015-08-20,72.79,64.3,64.3901,66.08,42.25,206.51
2015-08-21,71.12,62.92,63.09,64.573,41.52,201.73
2015-08-24,68.31,57.75,58.1,63.78,39.12,187.49
2015-08-25,67.12,59.529,60.57,63.05,40.03,195.43
2015-08-26,67.92,59.095,60.3,61.01,39.15,192.08
2015-08-27,69.59,61.53,61.61,63.09,40.19,197.1
2015-08-28,70.31,61.88,62.14,63.63,40.38,198.5
2015-08-31,70.31,61.82,62.1,63.34,40.28,198.2
2015-09-01,69.003,60.89,60.99,61.57,39.38,193.12
2015-09-02,68.48,60.41,60.46,62.28,39.49,194.69
2015-09-03,69.63,61.22,61.96,62.88,39.72,196.26
2015-09-04,68.6984,60.43,60.706,62,39.33,192.85
2015-09-08,69.61,61.15,61.47,63.15,39.71,195.94
2015-09-14,70.8,61.52,61.47,62.8,39.86,196.95
2015-09-17,71.41,62.34,63.01,64.1,40.38,200.02
2015-09-18,70.85,61.39,61.64,63.22,40.09,195.71
2015-09-22,70.26,60.8,60.77,62.4326,39.96,193.88
2015-09-23,70.44,60.86,60.629,62.544,39.98,194.11
2015-09-24,69.94,60.53,60,62.054,39.81,192.15
2015-09-25,70.5,61.07,60.46,62.4801,40.05,194.64
2015-09-28,68.96,60.26,59.55,61.1501,39.65,191.78
2015-09-29,67.17,59.37,58.56,60.83,39.08,188.27
2015-09-30,67.58,60.13,59.52,61.3,39.42,190.37
2015-10-01,68.31,60.68,60.09,61.23,39.62,192.08
2015-10-02,67.9,59.75,59.11,61.1,39.34,189.77
2015-10-05,70.25,61.7,62.15,63.15,40.39,196.46
2015-10-06,70.45,62.19,62.27,63.67,40.71,198.31
2015-10-07,69.96,62.42,62.8,63.94,40.56,198.9
2015-10-08,69.68,62.39,62.976,63.98,40.62,198.95
2015-10-09,70.36,63.21,63.7,64.78,41.09,201.38
2015-10-13,70.68,62.76,63.4,64.71,41.09,200.65
2015-10-15,70.19,62.45,63.1285,64.0664,40.87,200.08
2015-10-16,71.21,63.32,64.16,64.86,41.34,202.83
2015-10-19,71.35,63.35,63.76,64.804,41.43,202.5
2015-10-20,71.82,63.53,63.9374,65.0541,41.55,202.85
2015-10-21,71.43,63.93,63.94,65.04,41.62,203.61
2015-10-22,70.97,63.89,63.8985,65.62,41.58,202.98
2015-10-23,72.34,65.6,64.7,65.71,42.21,207.25
2015-10-26,72.03,65.49,64.43,65.58,42,207.3
2015-10-27,72.3,65.29,63.79,65.38,41.92,206.2
2015-10-28,72.88,65.46,64.15,65.85,42.06,207
2015-10-30,73.52,66.09,64.578,65.9705,42.29,209.06
2015-11-02,73.33,65.83,64.45,66,42.09,208.32
2015-11-03,73.42,66.31,65.02,66.19,42.3,209.97
2015-11-05,73.65,66.34,64.79,66.13,42.23,210.43
2015-11-11,73.61,65.68,64.255,65.8076,41.81,208.88
2015-11-12,72.82,65,63.44,65,41.49,206.5
2015-11-18,72.46,64.9,63.2594,65.21,41.46,206.04
2015-11-19,73.19,65.77,63.66,65.9,41.84,208.59
2015-11-24,73.5,65.81,63.49,65.73,41.81,207.87
2015-11-25,73.98,66.22,63.8299,66.21,42.03,209.5
2015-11-27,74.17,66.22,63.99,66.15,41.97,209.43
2015-11-30,74.39,66.36,63.97,66.35,42.14,209.75
2015-12-01,73.91,66.21,64.27,66.6,42.05,209.44
2015-12-02,74.47,66.44,64.6126,66.38,42.34,210.615
2015-12-03,74.26,66.02,63.79,65.56,41.96,208.83
2015-12-07,74.51,66.19,63.9,65.39,42.09,209.23
2015-12-08,73.45,65.48,62.91,65.28,41.88,206.49
2015-12-09,73.91,65.42,63.1399,65.39,41.94,206.19
2015-12-10,73.11,65.08,62.91,64.95,41.73,205.42
2015-12-11,72.5,64.51,62.07,64.05,41.28,203.35
2015-12-14,72.11,64.01,61.6445,63.58,41.2,202.07
2015-12-15,73.43,64.85,62.39,64.46,41.71,204.7
2015-12-16,73.59,65.37,62.95,64.85,41.93,206.365
2015-12-17,74.43,65.91,63.37,65.14,42.46,208.4
2015-12-18,73.21,64.62,61.8001,63.818,41.84,202.77
2015-12-21,72.82,64.05,61.688,63.86,41.63,201.41
2015-12-22,73.38,64.52,62.13,64.0155,41.79,202.715
2015-12-23,73.84,65.19,63.32,65.22,42.15,204.69
2015-12-28,73.33,64.85,62.3872,64.5819,42,204.86
2015-12-29,74.03,65.37,62.93,65.32,42.3,206.51
2015-12-30,74.48,65.63,63,65.29,42.5,207.11
2016-01-04,72.08,63.59,60.93,63.29,41.35,200.49
2016-01-06,71.22,63.02,60.48,63.26,41.16,198.34
2016-01-07,70.48,61.86,59.09,61.78,40.71,195.33
2016-01-08,70.71,61.9,59.2,62.05,40.78,195.19
2016-01-11,69.79,61.17,58.09,60.6848,40.36,193.01
2016-01-12,70.56,61.46,58.48,61.3,40.58,193.82
2016-01-13,70.9,61.77,58.23,61.375,40.65,194.45
2016-01-14,68.62,60.37,56.81,59.67,40,189.55
2016-01-15,67.35,59.12,55.6,59.4,39.54,186.77
2016-01-20,67.43,59.04,53.86,58.3,39.53,185.03
2016-01-21,67.96,59.3,54.9,59.18,39.52,186.21
2016-01-22,68.87,60.32,56.04,59.88,39.96,189.78
2016-01-25,69.26,60.57,55.8,60.24,40.21,189.92
2016-01-26,68.86,60.02,55.22,59.67,40.07,188.42
2016-01-27,69.22,60.43,56.31,60.69,40.41,189.58
2016-01-28,69.13,60.38,55.3801,59.62,40.37,189.96
2016-01-29,69.06,60.44,55.76,60.63,40.47,190.02
2016-02-01,70.19,61.27,56.57,61.3952,41.01,192.53
2016-02-02,70.46,61.12,56.47,60.49,41.13,191.96
2016-02-03,70.14,60.94,55.87,60.38,41.13,191.41
2016-02-04,68.83,60.92,55.85,61.17,40.98,190.71
2016-02-05,68.23,60.95,56.08,60.82,40.89,190.99
2016-02-08,65.35,59.38,54.64,58.49,40.16,185.77
2016-02-09,64.19,58.89,54.46,58.9319,39.81,183.36
2016-02-10,65.88,60.02,54.79,59.67,40.28,186.41
2016-02-11,64.92,58.69,53.62,58.53,39.78,182.34
2016-02-12,66.08,59.41,54.12,59.3618,40.12,184.96
2016-02-16,67.11,60.65,55.96,59.95,40.71,188.77
2016-02-17,67.94,61.35,56.78,61.4,41.04,191.16
2016-02-18,68.66,61.92,57.09,61.38,41.32,193.2
2016-02-19,67.7,61.42,56.74,61.187,41.2,191.17
2016-02-22,68.92,62.17,57.7,62.0598,41.65,193.87
2016-02-23,69.38,62.25,57.41,61.72,41.71,194
2016-02-24,68.48,61.21,56.118,61.56,41.38,190.63
2016-02-26,70.84,63.03,58.2064,62.691,42.34,196.57
2016-02-29,70.16,62.42,58,62.09,41.97,195.11
2016-03-01,70.19,62.46,57.9212,63.105,41.92,195.01
2016-03-03,70.91,63.41,59.4001,63.55,42.43,198.79
2016-03-07,70.55,63.37,59.88,64.34,42.48,199.34
2016-03-09,70.28,63.58,59.82,64.06,42.58,199.36
2016-03-10,70.56,63.69,60.24,63.8001,42.67,199.96
2016-03-16,71.54,64.29,60.8101,64.92,43.02,201.6
2016-03-17,71.84,64.75,61.18,65.98,43.4,203.24
2016-03-18,72.24,65.51,61.86,66.15,43.71,204.17
2016-03-21,72,65.27,62.0773,66.11,43.64,204.07
2016-03-22,71.84,65.22,61.68,66,43.52,203.76
2016-03-23,71.82,65.02,61.51,65.6,43.31,204.11
2016-03-28,72.06,64.93,60.8,65.32,43.35,203.61
2016-03-30,73.32,65.79,61.689,66.2201,44.04,206.3
2016-04-01,72.77,65.27,60.69,66.224,43.8,204.35
2016-04-04,73.96,66.15,61.38,66.56,44.33,206.83
2016-04-05,72.92,65.52,60.36,65.72,44.06,204.67
2016-04-07,73.38,65.68,60.7399,65.3886,44.02,205.14
2016-04-08,73.38,65.75,60.5,65.741,44.08,205.34
2016-04-11,73.06,65.68,60.95,65.8,44.05,205.25
2016-04-12,72.41,65.4,60.48,65.66,43.83,204.22
2016-04-13,73.24,66.24,61.4799,66.3401,44.26,207
2016-04-18,73.15,66.23,61.5,66.48,44.1,207.14
2016-04-19,74.21,67.11,62.57,67.25,44.54,209.74
2016-04-20,73.69,67,62.76,67.25,44.56,209.95
2016-04-21,73.79,66.98,63.2,67.111,44.3,210.12
2016-04-25,72.51,66.28,62.81,67.21,43.83,208.26
2016-04-26,73.02,66.58,62.75,67.21,44.05,209.04
2016-04-27,72.82,66.34,63.213,67.35,43.95,208.47
2016-04-28,72.95,66.27,63,67.37,43.93,208.46
2016-04-29,72.65,65.66,62.23,66.7099,43.8,206.72
2016-05-02,72.79,65.59,61.93,67,43.85,206.92
2016-05-03,73.04,65.51,61.66,66.62,44.01,206.52
2016-05-04,72.63,65.1,60.84,66.41,43.82,204.99
2016-05-05,72.96,65.21,60.75,66.62,44.09,205.56
2016-05-06,72.79,64.86,60.37,66.2099,44.03,204.06
2016-05-09,73.31,65.2,60.89,66.84,44.23,205.57
2016-05-10,74.21,65.59,61.04,67.1438,44.55,206.72
2016-05-11,74.79,66,61,67.1905,44.77,207.91
2016-05-12,74.4,65.73,60.48,66.87,44.53,207.29
2016-05-13,74.11,65.34,60.43,66.8724,44.53,206.21
2016-05-16,73.82,64.95,60.49,66.73,44.28,204.96
2016-05-17,74.11,65.57,60.7,66.88,44.57,206.46
2016-05-18,73.02,64.86,60.46,66.33,43.97,204.44
2016-05-20,73.17,64.8,60.63,66.53,43.88,204.92
2016-05-23,73.31,64.92,60.98,66.42,43.89,205.51
2016-05-24,73.27,65.18,61.63,67.1,43.86,206.17
2016-05-25,74.3,65.92,62.2,67.51,44.27,208.67
2016-05-26,74.35,66.14,62.4072,67.54,44.3,209.44
2016-05-27,74.47,66.07,62.35,67.71,44.44,209.53
2016-05-31,74.75,66.47,62.78,67.892,44.58,210.56
2016-06-01,74.21,65.89,62.22,67.7799,44.36,209.12
2016-06-02,74.53,66.05,62.6189,67.9999,44.53,209.8
2016-06-03,74.89,66.07,62.84,67.8,44.73,210.25
2016-06-06,75.19,66.22,62.78,68.4,44.92,210.7
2016-06-07,75.19,66.5,63.29,68.67,44.91,211.525
2016-06-08,75.18,66.44,63.27,68.78,44.92,211.84
2016-06-09,75.38,66.45,63.16,68.5,45.06,211.51
2016-06-10,75.45,66.07,62.66,68.19,45.06,210.46
2016-06-13,75.15,65.75,62.19,68.05,44.99,209.36
2016-06-14,74.77,65.33,61.75,67.52,44.78,208
2016-06-16,74.62,64.97,61.24,67.45,44.72,206.73
2016-06-17,75.19,65.58,61.45,67.4392,45.03,207.17
2016-06-20,75.2,65.89,62.25,68.3678,45.12,208.82
2016-06-21,75.07,65.56,61.62,67.8,44.89,208.3
2016-06-22,75.12,65.59,62.09,68.07,45,208.65
2016-06-23,75.36,65.92,62.46,68.19,45.17,209.81
2016-06-24,73.77,64.22,60.6,66.86,44.27,203.63
2016-06-27,73.51,63.46,59.54,65.03,44.32,201.59
2016-06-28,74.13,63.64,59.2,65.38,44.6,201.48
2016-06-29,74.91,64.49,60.15,66.85,45.09,204.84
2016-06-30,75.47,65.12,60.8,68,45.54,207.21
2016-07-01,76.49,66.02,61.6101,68.2216,46.32,209.36
2016-07-05,76.42,65.87,61.35,67.88,46.25,208.95
2016-07-06,76.48,65.52,60.49,67.48,46.37,207.83
2016-07-07,77.16,66.11,61.45,68.39,46.58,209.87
2016-07-08,77.2,66.41,61.88,69.23,46.53,211.05
2016-07-11,77.84,67.03,62.67,69.45,46.89,213.19
2016-07-12,77.97,67.27,63.28,69.6274,46.93,214.53
2016-07-14,77.97,67.71,64.21,70.08,47.03,216.4
2016-07-15,78.13,67.86,64.0764,70.11,47.11,216.78
2016-07-18,77.97,67.8,64.13,70.1,46.94,215.97
2016-07-19,77.83,67.75,64.02,69.73,46.95,215.92
2016-07-20,78.38,68.11,64.22,70.24,47.06,216.75
2016-07-21,78.33,68.17,64.67,70.15,46.98,216.96
2016-07-22,77.97,67.97,64.43,70.0901,46.93,216.41
2016-07-25,78.45,68.22,64.59,70.21,47.17,217
2016-07-26,78.28,68.02,64.532,70.62,47.12,216.53
2016-07-27,78.16,68.22,64.87,70.35,46.93,217.19
2016-07-28,77.92,67.9,64.29,70.06,46.63,216.29
2016-07-29,78.28,67.77,64.18,70.33,46.63,216.46
2016-08-01,78.42,68.01,64.33,70.29,46.9,217.19
2016-08-02,78.55,67.88,64,69.77,46.81,216.65
2016-08-03,78.15,67.62,63.29,69.85,46.75,215.48
2016-08-04,77.99,67.8,63.87,70.0139,46.58,216.31
2016-08-05,78.3,68.09,64.17,70.318,46.63,217.21
2016-08-08,78.4,68.44,64.71,70.488,46.71,218.4
2016-08-09,78.18,68.35,64.75,70.47,46.6,218.13
2016-08-10,78.41,68.32,64.61,70.29,46.72,218.31
2016-08-11,78.55,68.36,64.69,70.8,46.79,218.26
2016-08-12,78.62,68.41,64.66,70.5,46.78,218.29
2016-08-15,78.74,68.56,64.9,70.82,46.81,218.89
2016-08-16,78.3,68.41,65,70.38,46.57,218.6
2016-08-17,77.71,68.14,64.7152,70.2,46.27,218
2016-08-18,77.9,68.39,64.9999,70.36,46.39,218.34
2016-08-19,77.8,68.27,65.04,70.4,46.37,218.31
2016-08-24,77.83,68.51,65.285,70.76,46.39,218.8
2016-08-26,77.46,68.3,65.167,70.6199,46.21,217.92
2016-08-29,77.24,68.1,65.07,70.34,46,217.44
2016-08-30,77.63,68.23,65.21,70.2,46.17,218.26
2016-08-31,77.25,67.96,65.05,70.2,46,217.61
2016-09-02,77.64,68.11,65.29,70.8,46.13,218.39
2016-09-06,77.99,68.18,65.49,71.21,46.24,218.7
2016-09-07,78.25,68.22,65.53,70.877,46.45,218.84
2016-09-08,77.95,68.06,65.6,70.7377,46.35,218.62
2016-09-09,77.24,67.5,65.17,70.49,45.89,216.97
2016-09-12,75.35,66.14,64.11,69.15,44.75,212.39
2016-09-13,76.3,66.91,64.5301,69.08,45.36,214.84
2016-09-15,75.73,66.46,64.69,68.6675,44.79,212.96
2016-09-16,76.39,66.97,64.85,68.99,45.07,213.48
2016-09-19,76.6,67.06,65.23,68.97,45.2,214.13
2016-09-21,76.78,67.22,65.17,69.53,45.37,214.24
2016-09-22,77.98,68.02,65.97,70.5199,46.03,217
2016-09-23,78.06,67.93,65.75,70.27,46.12,216.72
2016-09-26,77.39,67.06,64.58,69.5,45.63,215.02
2016-09-27,77.19,66.83,64.28,69.33,45.55,214.05
2016-09-28,77.69,67.34,65.01,69.38,45.71,215.83
2016-09-29,77.71,67.45,65.26,69.845,45.67,216.4
2016-09-30,77.35,67.2,64.91,69.49,45.42,215.65
2016-10-03,77.22,67.35,65.08,69.53,45.34,215.82
2016-10-04,77.16,67.31,65.37,69.4,45.09,215.91
2016-10-05,76.52,67.03,65.29,69.17,44.78,215.41
2016-10-06,76.22,67.04,65.46,68.9599,44.46,215.37
2016-10-07,76.53,67.23,65.53,69.0201,44.68,216.1
2016-10-10,76.46,67.32,65.71,69.22,44.71,216.155
2016-10-11,76.4,67.22,65.42,68.79,44.69,215.66
2016-10-12,75.65,66.56,64.83,68.48,44.28,213.59
2016-10-13,75.68,66.25,64.29,68.25,44.25,212.16
2016-10-14,76.26,66.73,64.87,68.6,44.61,214.15
2016-10-17,75.96,66.54,64.35,68.36,44.47,213.09
2016-10-18,76.27,66.76,64.75,68.49,44.61,214.24
2016-10-19,76.29,66.62,64.7,68.42,44.6,214.02
2016-10-20,76.13,66.55,64.82,68.38,44.45,213.87
2016-10-21,75.97,66.23,64.33,68.35,44.2,212.96
2016-10-24,76.39,66.55,64.88,68.97,44.35,215
2016-10-25,76.61,66.45,64.9,68.54,44.36,214.68
2016-10-27,76,66.52,64.815,68.28,44.17,214.58
2016-10-28,75.24,66.09,64.36,67.82,43.76,213.14
2016-11-01,75.95,66.3,64.73,67.9,44.13,212.93
2016-11-02,75.03,65.5,63.89,67.45,43.67,210.65
2016-11-03,74.5,65.4,63.98,67.15,43.66,209.99
2016-11-04,74.21,65.22,63.38,67.0776,43.56,208.91
2016-11-07,74.99,65.91,64.25,68.12,43.88,211.45
2016-11-08,75.6,66.46,64.71,68.49,44.13,212.69
2016-11-09,75.32,66.11,64.83,68.32,44,212.37
2016-11-10,76.05,67.88,66.74,69.92,44.47,217.3
2016-11-11,74.87,67.46,66.67,69.55,44.03,216.08
2016-11-14,74.89,67.69,67.3,69.86,44,217.03
2016-11-15,74.37,67.44,68.02,70.05,44.04,217.04
2016-11-16,74.67,67.59,68.15,70.26,44.2,217.56
2016-11-17,75.15,67.84,67.87,70.42,44.27,218.05
2016-11-18,75.57,68.13,68.28,70.4001,44.44,219.07
2016-11-21,75.36,68.11,68.21,70.6518,44.35,219.17
2016-11-22,76.01,68.61,68.57,70.55,44.51,220.51
2016-11-23,75.88,68.26,68.57,71.0582,44.41,219.98
2016-11-25,76.12,68.52,69.05,71.3076,44.57,221.1
2016-11-28,76.25,68.63,69.07,71.84,44.74,221.16
2016-11-29,76.36,68.45,68.72,71.28,44.84,220.52
2016-11-30,76.48,68.66,69.13,71.53,44.93,221.63
2016-12-01,75.42,68.15,69.2,70.93,44.41,220.73
2016-12-05,74.78,68.12,69.41,71.11,44.37,220.65
2016-12-06,75.11,68.26,69.57,71.58,44.41,221.22
2016-12-07,75.15,68.28,69.8,71.4829,44.48,221.52
2016-12-08,76.17,69.23,71.04,72.48,44.96,224.57
2016-12-09,76.38,69.42,71.48,72.78,45.04,225.41
2016-12-12,76.14,69.7,71.62,72.81,45.25,226.4
2016-12-13,76.46,70.09,71.71,73.11,45.62,227.02
2016-12-14,76.98,70.26,71.49,73.15,45.79,227.41
2016-12-15,76.49,69.8,71.21,72.71,45.31,226.16
2016-12-16,76.98,70.11,71.72,72.39,45.59,226.01
2016-12-19,76.77,70,71.34,72.4,45.72,225.25
2016-12-20,77.13,70.21,71.56,72.8021,45.75,226.15
2016-12-21,77.13,70.27,71.75,72.9313,45.71,226.25
2016-12-22,76.68,69.75,71.28,72.03,45.26,225.6
2016-12-23,76.48,69.67,70.82,72.16,45.3,225.43
2016-12-27,76.78,69.79,71.07,72.4185,45.37,226.02
2016-12-28,77.21,69.9,71.31,72.1425,45.44,226.57
2016-12-29,76.25,69.36,70.48,71.86,45.18,224.48
2016-12-30,76.54,69.54,70.53,71.7608,45.41,224.73
2017-01-03,76.13,69.48,70.7,72.0179,45.31,225.04
2017-01-04,76.24,69.7,71.1,72.5876,45.39,225.62
2017-01-05,76.54,69.92,71.4,73.01,45.47,226.27
2017-01-06,76.77,69.94,71.26,72.55,45.5,226.53
2017-01-09,77.25,70.08,71.05,72.62,45.63,226.91
2017-01-11,77.13,69.7,71.23,72.71,45.39,226.36
2017-01-12,77.17,69.58,71.06,72.1238,45.43,226.5
2017-01-17,77.44,69.54,70.8,72.46,45.51,226.31
2017-01-18,77.42,69.78,70.71,72.8,45.68,226.535
2017-01-19,77.55,69.78,70.87,72.6439,45.64,226.84
2017-01-20,77.77,69.61,70.72,72.98,45.57,226.7
2017-01-23,77.47,69.54,70.65,72.43,45.6,226.35
2017-01-24,77.57,69.65,70.53,72.98,45.59,226.4
2017-01-25,78.41,70.29,71.65,73.54,45.77,228.7
2017-01-26,78.7,70.55,71.98,73.5399,45.86,229.4
2017-01-27,78.77,70.44,71.85,73.2623,45.8,229.42
2017-01-30,78.5,70.14,71.26,73.52,45.7,228.17
2017-02-01,78.53,70.06,71.61,72.93,45.69,228.255
2017-02-02,78.24,69.73,71.35,72.95,45.53,227.2
2017-02-03,78.63,70.16,71.86,73.09,45.9,228.82
2017-02-06,78.89,70.16,72.06,73.426,45.95,228.87
2017-02-08,79.03,70.18,71.66,73.5003,45.95,228.61
2017-02-09,79.35,70.46,71.93,73.7637,46.19,229.56
2017-02-10,79.57,70.78,72.45,74.25,46.32,231
2017-02-13,79.87,71.18,72.74,74.71,46.55,232.08
2017-02-14,79.81,71.35,73.16,74.46,46.58,232.56
2017-02-15,79.87,71.67,73.71,74.86,46.61,233.45
2017-02-16,80.33,72.18,74.16,75.16,46.91,234.96
2017-02-17,80.25,72.08,73.77,75.08,46.98,233.95
2017-02-21,80.66,72.58,74.38,75.3,47.16,235.52
2017-02-22,81,72.76,74.62,76.2,47.35,236.02
2017-02-23,81.27,73.03,74.81,75.91,47.57,236.88
2017-02-24,80.6,72.81,73.95,75.84,47.62,235.46
2017-02-27,81.16,73.25,74.46,76.02,47.95,236.64
2017-02-28,81.31,73.16,74.45,76.25,47.76,236.67
2017-03-01,81.61,73.67,75,76.47,47.96,238.39
2017-03-02,82,74.09,75.32,76.6184,48.14,239.56
2017-03-03,81.6,73.85,74.86,76.54,48.07,238.17
2017-03-06,81.42,73.57,74.68,75.8884,47.83,237.5
2017-03-08,81.54,73.45,74.21,76.16,47.75,237.34
2017-03-10,82.01,73.65,74.16,75.77,47.77,237.97
2017-03-13,82.16,73.6,74.04,75.7,47.88,237.62
2017-03-14,82.3,73.52,73.75,75.47,47.86,237.18
2017-03-15,82.28,73.61,73.71,75.895,47.92,237.56
2017-03-16,82.96,74.13,74.3,76.67,48.3,239.11
2017-03-17,82.87,74.03,74.23,76.2442,48.24,237.75
2017-03-20,82.88,73.95,73.75,75.97,48.3,237.03
2017-03-21,83.07,73.99,73.77,76.06,48.21,237.47
2017-03-22,81.9,73.06,72.17,75.17,47.98,233.77
2017-03-23,82.23,73.15,72.49,74.98,47.94,234
2017-03-24,82.34,72.93,72.33,75.37,47.79,234.38
2017-03-27,81.5,72.17,71.45,74.5383,47.46,231.93
2017-03-28,81.97,72.51,71.93,74.9273,47.57,233.27
2017-03-29,82.26,72.91,72.72,75.2099,47.74,234.99
2017-03-30,82.6,72.83,72.91,75.63,47.69,235.47
2017-04-04,82.38,72.48,72.62,75.015,47.62,235
2017-04-05,82.72,72.78,73.14,75.64,47.77,236.26
2017-04-06,82.56,72.46,72.49,75.31,47.69,234.94
2017-04-07,82.68,72.53,72.64,74.94,47.61,235.15
2017-04-11,82.48,72.49,72.64,74.9133,47.68,234.9
2017-04-12,82.45,72.46,72.67,75.1617,47.7,234.74
2017-04-13,82.07,72.24,72.18,74.96,47.64,233.64
2017-04-17,81.97,72.08,71.88,74.81,47.55,233.11
2017-04-18,82.41,72.26,72.05,75.1781,47.78,233.72
2017-04-19,82.9,72.34,72.21,75.38,47.92,234.52
2017-04-20,82.91,72.2,72.17,75.29,47.88,234.15
2017-04-21,83.18,72.5,72.58,75.61,47.99,235.25
2017-04-24,83.92,72.96,73.09,76.47,48.3,237.18
2017-04-25,84.25,73.29,73.52,76.5391,48.4,237.91
2017-04-26,84.59,73.49,73.51,76.56,48.46,238.51
2017-05-01,84.97,73.31,73.41,76.1714,48.45,238.68
2017-05-02,85.26,73.27,73.43,76.0642,48.35,238.84
2017-05-03,84.97,73.16,73.02,75.91,48.22,238.29
2017-05-04,84.95,73.25,73.32,76.08,48.2,238.83
2017-05-05,85.24,73.32,73.32,76.2676,48.41,239.19
2017-05-08,85.49,73.55,73.59,76.4292,48.51,239.75
2017-05-09,85.47,73.54,73.84,76.38,48.39,239.96
2017-05-10,85.64,73.43,73.66,75.96,48.23,239.39
2017-05-11,85.69,73.32,73.65,76.09,48.22,239.35
2017-05-12,85.95,73.26,73.55,75.8834,48.23,239.09
2017-05-15,86.23,73.35,73.51,76.35,48.21,239.47
2017-05-16,86.89,73.67,73.81,76.23,48.41,240.64
2017-05-17,86.2,73.04,72.85,75.53,47.99,238.1
2017-05-18,85.17,72.53,71.61,74.92,47.87,235.73
2017-05-19,86.19,72.88,72.18,75.79,48.08,237.33
2017-05-22,86.6,73.33,72.69,76.14,48.29,238.9
2017-05-23,87.36,73.73,72.91,76.56,48.56,239.95
2017-05-24,87.52,73.69,73.12,76.64,48.65,240.32
2017-05-25,88.05,73.97,73.36,76.9085,48.92,241.2
2017-05-26,88.46,74.13,73.24,77.11,49.16,241.54
2017-05-30,88.52,74.09,73.22,77.05,49.11,241.34
2017-05-31,88.99,74.28,73.41,77.0388,49.28,241.84
2017-06-01,89.02,74.49,73.28,77.5144,49.41,241.97
2017-06-02,89.47,74.86,73.94,78.24,49.77,243.42
2017-06-05,89.99,75.05,73.96,78.1936,49.83,243.97
2017-06-06,89.54,74.85,73.56,77.6221,49.71,243.34
2017-06-07,89.82,74.85,73.52,77.69,49.65,243.6
2017-06-08,90.25,74.84,73.66,77.5342,49.72,243.77
2017-06-09,90.69,74.98,74.07,77.694,49.46,244.09
2017-06-12,89.06,74.76,73.94,78.06,49.41,243.13
2017-06-13,89.52,75.08,74.41,78.175,49.44,243.98
2017-06-14,89.91,75.37,74.41,78.59,49.75,244.86
2017-06-15,88.95,74.83,73.54,78.1983,49.51,242.68
2017-06-16,89.65,75.21,73.62,78.3,49.81,242.77
2017-06-19,89.97,75.53,73.7,78.89,49.91,243.59
2017-06-20,90.61,75.78,74.06,78.77,49.99,244.25
2017-06-21,90.27,75.43,73.64,78.0834,49.89,243.42
2017-06-22,89.98,75.26,73.46,77.98,49.76,242.96
2017-06-23,89.92,75.13,73.69,77.989,49.71,242.91
2017-06-26,90.05,75.5,73.92,78.399,49.83,243.9
2017-06-27,89.24,74.95,73.46,78.42,49.45,243.04
2017-06-28,89.02,74.69,73.43,78.11,49.25,242.5
2017-06-29,90.04,74.94,74.06,78,49.24,243.66
2017-06-30,89.35,74.49,73.8,78.03,48.95,242.28
2017-07-05,89.15,74.71,74.26,77.77,49,242.63
2017-07-06,89.26,74.37,73.88,77.3,48.83,241.89
2017-07-07,89.49,74.14,73.51,77.45,48.68,241.21
2017-07-10,89.98,74.5,73.63,77.61,48.84,241.95
2017-07-11,90.39,74.46,73.6,77.4,48.75,242.16
2017-07-12,90.81,74.69,73.9,77.75,48.89,243.3
2017-07-13,91.26,74.87,74.09,77.93,49.03,244.02
2017-07-14,91.19,75.1,74.41,78.2,49.07,244.43
2017-07-17,91.69,75.34,74.75,78.16,49.24,245.47
2017-07-18,91.36,75.19,74.73,78.16,49.22,245.06
2017-07-19,91.81,75.52,74.76,78.5499,49.27,246.02
2017-07-20,92.15,75.86,75.09,78.8,49.53,247.28
2017-07-21,91.71,75.73,74.75,78.7,49.5,246.44
2017-07-25,92.35,75.89,75.19,79.08,49.68,247.68
2017-07-27,92.59,75.73,75.14,78.7796,49.74,247.96
2017-08-01,92.49,75.39,75.21,79.23,49.85,247.46
2017-08-02,92.34,75.65,75.55,79.14,49.85,247.47
2017-08-03,92.46,75.61,75.42,79.06,49.91,247.31
2017-08-07,92.98,75.64,75.48,78.7894,49.97,247.49
2017-08-08,93.18,75.57,75.51,78.72,49.85,247.51
2017-08-10,92.66,75.15,75.13,78.14,49.79,246.29
2017-08-11,91.56,74.23,74.04,77.525,49.535,244.02
2017-08-14,92.28,74.53,74.75,78.3,49.77,245.59
2017-08-16,93.35,75.01,75.04,78.47,50.12,247.11
2017-08-17,92.86,75,74.73,77.935,50.17,246.24
2017-08-18,91.2,73.92,73.57,77.31,49.75,242.9
2017-08-21,91.3,73.71,73.45,77.16,49.59,242.64
2017-08-22,91.63,74.01,73.67,77.829,49.87,243.57
2017-08-23,92.46,74.31,73.77,77.74,50.01,244.33
2017-08-24,92.58,74.45,74.16,77.7628,50,245
2017-08-25,92.47,74.48,74.13,78.0044,49.88,244.9
2017-08-29,91.94,74.38,73.7,77.48,49.82,243.06
2017-08-30,92.32,74.52,74.35,78.0247,49.94,244.83
2017-08-31,93.28,75.18,75.01,78.2876,50.19,246.72
2017-09-01,93.57,75.59,75.48,78.5911,50.41,247.92
2017-09-05,93.18,75.38,75.5,78.175,50.2,247.26
2017-09-06,92.85,75.12,75.2,78.13,50.2,246.84
2017-09-07,92.85,75.47,75.52,77.81,50.205,247.25
2017-09-08,92.01,75.29,75.12,78.2069,50.15,246.54
2017-09-11,92.98,75.84,75.5,79.0141,50.61,248.04
2017-09-13,93.7,76.49,76.44,79.14,50.78,249.72
2017-09-14,93.86,76.36,76.46,79.0124,50.6,249.8
2017-09-15,93.84,76.49,76.52,79.08,50.7,248.69
2017-09-18,94.59,76.98,76.95,79.62,50.72,249.61
2017-09-19,95.11,77.01,77.09,79.4799,50.73,250
2017-09-20,95.25,77.21,76.96,79.32,50.64,250.07
2017-09-21,95.25,76.85,76.76,79.23,50.59,249.88
2017-09-22,94.62,76.72,76.66,79.25,50.34,249.05
2017-09-26,94.29,77.12,76.73,78.98,50.21,249.42
2017-09-27,94.5,76.92,77.13,78.825,50.25,249.88
2017-09-28,95.13,76.94,76.96,78.83,50.07,249.73
2017-09-29,95.29,77.11,77.12,79.29,50.3,250.34
2017-10-02,96.01,77.29,77.47,79.32,50.41,251.49
2017-10-03,96.44,77.81,78.18,79.86,50.5,252.46
2017-10-04,96.34,77.68,78.45,79.92,50.63,252.69
2017-10-05,96.79,78.03,78.44,80.17,50.72,253.54
2017-10-06,96.98,78.34,78.57,80.28,50.77,254.15
2017-10-09,97.3,78.37,78.68,80.16,50.9,254.63
2017-10-10,97.25,78.48,78.68,80.09,50.81,254.6
2017-10-11,97.28,78.68,78.71,80.27,50.86,254.51
2017-10-12,97.35,78.75,78.77,80.08,50.87,254.66
2017-10-13,97.26,78.85,78.54,80.548,51.04,255.14
2017-10-18,98.08,79.04,78.99,80.59,51.15,255.9
2017-10-19,97.91,78.81,78.49,80.21,51.12,254.83
2017-10-20,99.09,79.65,79.31,81.01,51.46,256.7
2017-10-23,99.7,79.69,79.59,81.31,51.7,257.48
2017-10-24,99.39,79.54,79.58,81.1,51.56,256.6
2017-10-25,99.68,79.3,79.635,80.76,51.16,256.18
2017-10-26,99.09,79.31,79.45,80.83,51.4,255.99
2017-10-27,99.66,79.65,79.3,80.79,51.34,256.47
2017-10-30,100.3,79.55,79.12,80.508,51.54,257.07
2017-10-31,100.71,79.51,79.33,80.7,51.35,257.18
2017-11-01,101.18,79.75,79.67,81.01,51.49,258.04
2017-11-02,100.4,79.52,79.72,80.57,51.37,257.41
2017-11-03,101,79.75,79.83,80.8,51.42,257.77
2017-11-06,101.2,79.81,79.98,80.9,51.46,258.3
2017-11-07,101.56,79.78,80.19,80.972,51.46,258.97
2017-11-08,101.03,79.62,79.81,81,51.6,258.47
2017-11-09,100.25,79.65,79.61,80.76,51.61,257.73
2017-11-10,100.31,79.64,79.79,80.8399,51.59,257.73
2017-11-13,100.3,79.68,79.46,80.8,51.53,257.31
2017-11-14,100.44,79.77,79.71,80.97,51.56,257.41
2017-11-15,100.17,79.42,79.23,80.78,51.78,256.62
2017-11-16,100.9,79.58,79.84,81.1099,51.66,257.52
2017-11-20,101.07,80.07,80.49,81.3908,51.7,258.14
2017-11-21,101.78,80.41,80.98,81.76,51.8,259.18
2017-11-22,102.12,80.72,81.12,81.89,52.07,260
2017-11-24,101.93,80.66,81.29,81.8088,51.96,260.32
2017-11-27,101.82,80.67,81.1,81.8301,52.01,260.41
2017-11-28,101.94,80.76,80.88,82,52.19,260.76
2017-11-29,103.1,81.69,81.95,83.06,52.5,263.02
2017-11-30,103,82.03,82.47,83.7287,52.73,263.76
2017-12-01,103.43,82.53,82.64,83.6,52.96,264.76
2017-12-04,103.79,82.84,83.28,84.02,53.15,266.31
2017-12-05,101.54,82.51,82.97,83.74,52.73,264.43
2017-12-06,101.07,81.86,82.26,83.12,52.56,262.87
2017-12-07,101.56,81.92,82.09,83.25,52.58,263.09
2017-12-08,102.82,82.73,82.84,83.52,52.8,264.99
2017-12-11,102.89,82.86,83.1,83.73,52.9,265.58
2017-12-12,103.03,83.17,83.87,83.8799,52.97,266.57
2017-12-13,103.26,83.01,83.53,83.88,53.05,267.06
2017-12-14,103.23,83.08,83.48,83.52,53.02,267.08
2017-12-15,102.81,83.315,83.66,84.07,53.06,265.5
2017-12-18,104.25,83.87,84.495,84.3863,53.46,268.06
2017-12-19,104.04,83.795,84.555,84.37,53.31,268.485
2017-12-20,104.08,83.6,84.65,84.04,53.05,268.26
2017-12-21,103.95,83.33,84.505,83.74,52.82,267.67
2017-12-22,103.38,83.02,84.2,83.81,52.61,267.61
2017-12-26,103.34,83.03,84.09,83.86,52.71,267.05
2017-12-27,103.35,83.39,84.18,83.825,52.77,267.38
2017-12-28,103.81,83.4,84.2,83.81,52.98,267.89
2017-12-29,103.99,83.46,84.26,84.1,53.08,268.53
2018-01-03,104.24,83.37,84.82,84.09,52.85,268.96
2018-01-04,105.59,84.21,85.03,84.73,53.04,271.2
2018-01-05,106.09,84.55,85.61,84.77,53.14,272.51
2018-01-08,106.88,84.83,85.75,85.0091,53.36,273.31
2018-01-09,107.28,85.19,85.83,85.44,53.53,274.4
2018-01-10,107.1,85.12,85.67,85.04,53.35,273.68
2018-01-11,107.68,85.4,86.15,85.235,53.33,274.75
2018-01-12,108.4,85.88,87.18,85.7209,53.41,276.42
2018-01-16,109.82,86.67,88.13,86.0648,53.78,279.35
2018-01-17,109.51,86.43,87.38,85.98,53.7,278.03
2018-01-18,110.65,87.25,88.16,86.18,53.93,279.48
2018-01-19,110.93,87.05,88.32,86.42,54.01,279.8
2018-01-22,111.14,87.45,88.23,86.68,54.17,280.17
2018-01-23,111.95,88.05,88.81,87.21,54.5,282.74
2018-01-24,112.34,88.05,89,87.66,54.66,284.02
2018-01-25,112.31,88.03,88.97,87.58,54.67,284.16
2018-01-26,112.47,87.77,88.48,87.78,54.95,284.25
2018-01-29,113.42,88.49,89.21,88.17,55.3,285.93
2018-01-30,111.25,87.4,87.99,87.31,54.62,282.6
2018-01-31,111.98,87.07,87.85,87.28,54.68,282.73
2018-02-01,111.06,86.55,86.83,86.785,54.46,281.07
2018-02-02,110.76,86.44,86.65,86.51,54.13,280.08
2018-02-05,107.5,84.18,84.15,84.86,53.15,273.45
2018-02-06,101.04,80.11,80.02,80.92,50.58,259.94
2018-02-07,106.65,82.98,83.17,83.64,51.92,268.5
2018-02-08,106.48,82.93,83.39,82.76,51.87,268.01
2018-02-09,103.45,80.6,81.25,80.91,50.63,260.8
2018-02-12,105.13,81.93,81.92,81.91,51.3,263.83
2018-02-13,105.41,81.63,82.13,81.91,51.4,263.97
2018-02-14,105.71,81.71,82.17,81.96,51.31,264.31
2018-02-15,109.07,84.17,84.64,83.76,52.42,271.57
2018-02-16,109.42,84.5,84.69,84.49,52.78,272.32
2018-02-20,109.14,84.39,84.4,84.39,52.84,272.03
2018-02-21,109.85,84.25,84.21,84.3209,52.55,271.9
2018-02-22,109.41,83.58,84.11,83.79,52.17,271.1
2018-02-23,109.75,83.9,84.35,83.94,52.25,271.79
2018-02-26,111.33,85.32,85.6,84.61,53.045,275.93
2018-02-27,112.2,86.045,86.35,85.4701,53.36,278.11
2018-02-28,111.6,85.42,85.77,84.4826,52.95,275.68
2018-03-01,110.12,84.28,84.33,83.38,52.37,271.41
2018-03-02,106.73,82.5,82.54,81.9,51.38,265.8
2018-03-05,107.79,83.2,83.12,83.889,51.81,267.73
2018-03-06,110.23,84.715,84.94,83.85,52.77,273.3
2018-03-07,108.97,83.99,84.14,83.99,52.32,270.42
2018-03-08,110.72,84.89,85.02,84.42,52.72,273.55
2018-03-09,111.52,85.72,85.22,85.2729,53.08,275.7
2018-03-12,113.28,86.86,86.41,85.96,53.68,279.2
2018-03-13,113.48,87.12,86.72,85.73,53.57,279.84
2018-03-14,112.51,86.6,86.27,85.2446,53.48,277.81
2018-03-15,111.61,85.72,85.49,85.025,53.16,275.88
2018-03-16,111.71,85.69,85.22,85.2802,53.12,274.5
2018-03-19,111.3,85.55,85.28,84.8641,53.18,273.35
2018-03-20,110.6,84.9,84.77,84.6699,52.91,270.94
2018-03-21,111.32,85.22,84.6,84.607,52.79,270.9
2018-03-22,109.5,83.99,83.32,83.12,52.08,267.91
2018-03-23,107.1,82.54,82.24,82.4,51.49,264.17
2018-03-26,106.3,81.99,81.35,81.8,51.24,262.13
2018-03-27,108.355,83.04,82.73,82.394,51.78,266.17
2018-03-28,104.88,81.53,81.09,81.65,51.44,260.75
2018-03-29,104.865,82.1,81.39,82.175,51.56,261.12
2018-04-02,104.69,82.74,81.65,82.68,51.86,262.55
2018-04-03,103.17,81.33,80.49,81.34,51.19,258.87
2018-04-04,101.7,80.65,80.12,81.0939,51.01,256.75
2018-04-05,105.88,83.4,82.86,83.0347,52.3,265.55
2018-04-06,104.98,82.67,82.15,82.86,52.04,263.42
2018-04-09,103.76,82.04,81.67,82.1,51.79,261.37
2018-04-10,105.24,82.35,82.39,82.63,52.16,264.27
2018-04-11,105.15,82.49,82.27,82.24,51.82,263.47
2018-04-12,105.98,82.87,82.77,82.8,52.11,265.26
2018-04-13,107.55,83.5,83.84,82.96,52.24,267.41
2018-04-16,106.72,83.22,83.59,83.38,52.3,267
2018-04-17,107.56,83.98,84.4,83.9474,52.94,269.33
2018-04-18,108.65,84.25,84.6,84.32,53.07,270.69
2018-04-19,108.29,83.68,84.26,83.5917,52.9,269.65
2018-04-20,108.18,82.92,83.56,83.5358,52.58,268.81
2018-04-23,107.91,82.38,82.96,83.4,52.33,267.26
2018-04-24,107.93,82.35,83.4,83.23,52.51,267.73
2018-04-26,106.34,81.73,82.95,82.57,52.03,264.79
2018-04-27,108.14,81.71,83.16,83.08,52.3,267
2018-04-30,107.68,82.39,83.23,83.4,52.5,267.26
2018-05-01,106.44,81.48,82.23,82.12,51.94,263.87
2018-05-02,107.04,81.6,82.4,82.29,51.77,264.76
2018-05-03,105.88,81.02,81.67,81.52,51.28,262.26
2018-05-04,105.91,81.18,81.23,81.685,51.29,261.52
2018-05-07,108.02,82.8,82.77,82.67,52.21,266.89
2018-05-09,109.15,83.05,82.76,82.81,52.025,267.68
2018-05-10,110.72,83.66,83.46,83.39,52.42,270.34
2018-05-11,111.11,84.15,84.15,84,52.79,272.16
2018-05-14,111.51,84.58,84.69,84.095,52.885,273.34
2018-05-15,110.62,83.93,84.25,83.33,52.51,271.59
2018-05-16,110.59,83.87,84.46,83.43,52.35,271.14
2018-05-18,110.48,84.11,84.96,83.53,52.22,271.62
2018-05-21,111.36,84.64,85.13,84.11,52.5,273.01
2018-05-22,111.93,84.88,85.5,84.38,52.66,273.96
2018-05-23,110.5,83.9,84.69,83.67,52.26,271.17
2018-05-24,111.49,84.57,84.87,83.93,52.58,272.91
2018-05-25,111.27,84.37,84.61,84.05,52.62,272.15
2018-05-29,110.4,83.74,84.07,83.5,52.46,270.31
2018-05-30,110.62,83.7,83.98,84.23,52.44,270.5
2018-05-31,111.08,84.49,84.56,84.13,52.9,272.15
2018-06-01,111.09,84.37,84.53,83.97,52.76,272.41
2018-06-04,112.19,84.94,85.19,84.31,52.97,274.53
2018-06-05,112.86,85.35,85.37,84.53,53.16,275.05
2018-06-06,113.5,85.42,85.69,84.47,53.07,275.79
2018-06-07,114.52,86.28,86.48,85.12,53.43,277.95
2018-06-08,112.99,85.85,86.27,85.111,53.31,276.85
2018-06-11,113.82,86.26,86.6,85.511,53.7,278.44
2018-06-12,113.93,86.36,86.98,85.7,53.62,279.03
2018-06-13,114.26,86.39,86.86,85.8436,53.86,279.19
2018-06-14,114.52,86.18,86.7,85.52,53.66,279.01
2018-06-15,113.74,85.67,85.95,85.1711,53.58,276.6
2018-06-18,113.34,85.66,85.72,85.62,53.66,275.49
2018-06-19,112.98,85.04,85.08,85.1607,53.38,274
2018-06-20,114.04,85.79,85.75,85.331,53.7,276.27
2018-06-21,114.26,85.38,85.59,85.14,53.59,275.96
2018-06-22,113.53,85.25,85.49,85.301,53.56,275.66
2018-06-25,111.51,84.46,84.47,85.11,53.52,273.44
2018-06-26,109.71,83.66,83.49,84.22,53.18,271.64
2018-06-27,110.2,83.63,83.58,84.27,53.2,272.26
2018-06-28,108.19,82.64,82.47,83.26,52.61,269.29
2018-06-29,110.165,83.85,83.18,84.35,53.24,272.12
2018-07-02,108.73,82.99,82.17,83.39,53.04,269.51
2018-07-03,110.58,83.82,83.13,84.25,53.44,272.87
2018-07-05,109.89,83.91,82.96,84.07,53.47,272.17
2018-07-06,110.03,84.16,83.06,84.9585,53.68,273.14
2018-07-09,111.74,85.15,83.99,85.39,54.12,276.55
2018-07-10,112.76,85.5,85.06,86.23,54.05,278.41
2018-07-11,111.66,85.25,84.44,85.34,54.12,277.15
2018-07-12,112.65,85.6,84.31,85.68,54.43,278.28
2018-07-16,113.58,85.78,84.46,85.8871,54.65,279.64
2018-07-17,112.69,85.42,84.27,85.82,54.47,278.47
2018-07-19,113.97,86.1,84.77,85.89,54.61,280.31
2018-07-20,113.74,86.04,84.5,85.91,54.63,279.77
2018-07-23,113.44,85.89,84.33,85.73,54.58,279.45
2018-07-24,114.6,86.19,84.92,85.97,54.61,281.79
2018-07-25,113.77,86.31,84.45,85.9,54.6,281.33
2018-07-26,115,86.91,85.09,86.8,54.93,283.2
2018-07-27,115.07,87.25,85.14,86.8,55.11,283.71
2018-07-30,113.24,86.525,84.95,86.43,54.84,281.51
2018-07-31,111.82,86.31,85.4,86.13,54.67,280.81
2018-08-01,111.92,86.77,85.62,86.3848,54.89,281.56
2018-08-02,111.1,85.97,85.03,86.1,54.63,279.39
2018-08-03,113.22,86.78,85.99,86.72,55.09,282.53
2018-08-06,112.74,86.91,86.4,86.83,55.4,283.64
2018-08-07,114.06,87.48,86.8,87.15,55.6,285.39
2018-08-09,114.47,87.52,87.06,87.32,55.58,285.53
2018-08-10,113.72,86.97,86.33,86.58,55.36,283.45
2018-08-13,114.07,86.98,86.11,86.6575,55.41,283.47
2018-08-14,113.96,86.83,86.03,86.89,55.33,282.92
2018-08-15,113.5,86.7,85.9,86.1,55.33,282.38
2018-08-16,113.61,87.1,86.28,87.3,55.73,283.4
2018-08-17,113.35,87.27,86.57,87.33,55.97,283.83
2018-08-20,113.8,87.83,87.43,87.88,56.37,285.57
2018-08-21,114.32,88.23,87.86,88.175,56.39,286.25
2018-08-23,114.95,88.26,87.67,87.59,56.08,285.97
2018-08-24,115.52,88.32,87.65,87.8911,56.09,286.44
2018-08-27,117.16,89.135,88.04,88.24,56.5,288.86
2018-08-29,117.8,89.36,88.91,88.611,56.58,290.16
2018-08-30,118.17,89.75,88.75,88.56,56.66,290.94
2018-09-04,118.07,89.49,88.38,88.4,56.55,289.84
2018-09-06,116.87,89.72,88.45,88.49,56.72,289.15
2018-09-07,116.21,89.28,87.41,88.19,56.78,286.98
2018-09-10,117.07,89.65,87.54,88.57,56.91,288.74
2018-09-11,116.39,89.365,87.18,88.1521,56.8,287.37
2018-09-12,117.42,89.78,87.42,88.65,56.83,289.06
2018-09-13,118.17,90.13,87.88,88.98,57.22,290.32
2018-09-14,118.5,90.37,88.01,89.142,57.38,291.06
2018-09-17,118.45,90.47,88.22,89.14,57.21,290.82
2018-09-18,117.17,90.2,88.02,89.107,57.31,289.58
2018-09-19,118.13,90.46,88.37,89.36,57.48,290.97
2018-09-20,118.4,90.84,88.98,89.1811,57.3,292.64
2018-09-21,118.92,91.24,89.52,89.78,57.53,293.09
2018-09-24,118.18,91.2,89.04,89.4,57.54,291.34
2018-09-25,118.91,91.17,89.03,89.09,57.28,291.53
2018-09-26,118.94,90.42,88.13,88.18,56.97,290.91
2018-09-27,119.05,90.21,87.75,87.86,56.76,290.41
2018-09-28,118.62,90.19,87.68,87.745,56.7,289.99
2018-10-01,119.78,90.71,88.4,88.265,57.2,292.11
2018-10-02,119.65,90.68,88.02,87.8,57.09,291.56
2018-10-03,119.98,91.24,88.67,88.29,57.1,292.74
2018-10-04,119.2,90.5,88.71,87.5,56.76,291.18
