"date","tradevolMTUM","tradevolQUAL","tradevolVLUE","tradevolSIZE","tradevolUSMV","tradevolSPY"
2013-07-22,8,13,8,5,2112,190831
2013-07-29,20,7,6,2,766,214042
2013-08-05,35,4,2,1,458,141230
2013-08-09,41,21,1,5,631,230527
2013-08-15,42,73,1,2,854,348152
2013-08-19,29,31,7,4,536,241769
2013-08-26,29,67,4,4,383,207598
2013-09-06,13,23,3,2,544,390618
2013-09-10,51,11,3,6,602,254052
2013-09-19,42,23,2,2,394,286024
2013-09-30,15,20,1,3,730,360240
2013-10-02,53,11,3,1,807,260441
2013-10-03,26,21,1,2,701,425679
2013-10-08,14,49,24,1,1225,453474
2013-10-09,14,36,12,4,439,449324
2013-10-11,10,28,1,2,367,285794
2013-10-16,44,92,1,1,402,379545
2013-10-21,33,131,3,1,433,197900
2013-10-28,7,97,4,1,430,207825
2013-10-29,8,66,2,3,414,213402
2013-11-01,29,45,2,2,431,348576
2013-11-04,9,99,1,2,485,172618
2013-11-11,14,59,2,1,289,168424
2013-11-21,10,69,3,3,349,207554
2013-11-25,39,59,2,1,581,179505
2013-12-03,37,29,9,12,545,258181
2013-12-06,31,128,5,1,462,277022
2013-12-09,75,119,2,3,706,210826
2013-12-12,66,63,19,1,1178,329235
2013-12-13,67,50,15,4,500,262778
2013-12-16,58,309,10,1,812,241713
2013-12-18,63,224,4,1,1243,584327
2013-12-23,31,271,7,3,606,237907
2013-12-26,46,107,4,17,529,176490
2013-12-27,51,114,2,8,531,165688
2013-12-31,46,174,14,8,750,211839
2014-01-03,61,239,8,4,551,224668
2014-01-07,42,263,10,7,1056,243474
2014-01-09,73,115,24,8,1272,262789
2014-01-13,64,145,11,3,716,366254
2014-01-14,39,87,9,5,695,277209
2014-01-16,62,62,11,4,1628,198956
2014-01-17,53,121,4,2,624,243717
2014-01-22,51,112,18,4,484,198448
2014-01-24,97,232,30,6,938,565206
2014-01-27,58,250,8,1,1210,570146
2014-01-30,58,113,3,3,686,357991
2014-02-04,97,143,18,10,1067,467162
2014-02-07,38,79,8,1,647,441019
2014-02-10,62,170,22,2,516,228407
2014-02-13,47,84,14,5,545,288817
2014-02-19,127,115,11,2,868,342740
2014-02-21,66,125,6,1,817,259443
2014-03-03,170,211,27,11,804,512067
2014-03-04,114,105,10,8,402,472536
2014-03-05,78,114,5,2,624,262654
2014-03-07,212,74,9,2,454,339385
2014-03-11,119,55,13,4,586,298206
2014-03-18,138,68,32,4,1055,322447
2014-03-21,96,234,30,2,806,397583
2014-03-24,175,102,9,2,564,425844
2014-03-27,138,75,22,12,483,444658
2014-03-28,104,141,15,26,513,313181
2014-03-31,88,67,14,3,582,321721
2014-04-07,232,201,17,1,702,457597
2014-04-09,132,75,8,5,507,312801
2014-04-10,199,112,9,4,738,515548
2014-04-11,150,128,10,3,732,543230
2014-04-15,137,166,19,5,855,543711
2014-04-16,91,81,11,4,479,328342
2014-04-17,37,97,12,5,391,295235
2014-04-21,65,146,6,4,448,201624
2014-04-22,333,104,8,9,686,273503
2014-04-25,97,56,13,16,718,409653
2014-04-28,75,70,7,7,435,494856
2014-04-30,33,280,10,5,648,326379
2014-05-01,36,113,13,26,773,297256
2014-05-06,79,58,10,6,748,266016
2014-05-09,51,50,23,15,546,289735
2014-05-12,51,60,15,12,671,264231
2014-05-13,112,77,19,15,678,265005
2014-05-14,104,96,7,5,525,273305
2014-05-15,51,97,6,5,631,474883
2014-05-20,263,296,151,109,568,329311
2014-05-21,54,48,12,35,484,313370
2014-05-22,56,101,8,26,602,192406
2014-05-23,58,43,9,18,812,189380
2014-05-27,80,68,16,62,513,213578
2014-05-28,51,68,6,43,751,214342
2014-05-29,188,55,12,31,511,198522
2014-06-02,82,105,16,41,728,213467
2014-06-04,72,88,26,7,655,184299
2014-06-06,56,109,24,3,673,221509
2014-06-09,181,84,11,4,473,200890
2014-06-10,45,85,10,2,525,171562
2014-06-18,73,79,41,2,1042,335886
2014-06-20,48,90,23,15,460,237216
2014-06-25,242,53,99,8,611,268711
2014-06-26,75,46,16,9,677,261546
2014-06-27,164,130,242,4,411,228108
2014-07-01,233,137,14,4,485,293680
2014-07-03,60,27,61,2,281,140162
2014-07-07,116,46,20,8,495,223569
2014-07-08,102,126,45,3,621,334806
2014-07-09,49,82,53,3,2157,272421
2014-07-10,42,44,10,12,538,328737
2014-07-16,84,83,8,6,609,234697
2014-07-17,32,64,7,8,426,426632
2014-07-21,125,42,12,5,395,243024
2014-07-22,193,75,94,40,746,205989
2014-07-24,58,63,9,6,474,205959
2014-07-28,77,104,10,7,497,213604
2014-07-29,101,58,18,10,505,234332
2014-07-30,55,57,6,96,729,357757
2014-07-31,169,160,7,44,885,533613
2014-08-05,82,63,7,27,596,474907
2014-08-06,66,78,9,76,557,389208
2014-08-07,41,90,5,71,617,385660
2014-08-08,44,63,96,163,433,337196
2014-08-11,55,78,15,53,600,241904
2014-08-12,43,61,15,43,902,232822
2014-08-13,71,92,9,23,476,201779
2014-08-14,35,56,18,5,440,173183
2014-08-15,52,105,38,2,716,418259
2014-08-18,88,129,51,30,844,197676
2014-08-19,91,88,17,8,544,172754
2014-08-20,54,92,7,16,1001,209728
2014-08-21,50,46,6,3,712,177450
2014-08-22,48,50,14,29,370,212759
2014-08-25,99,58,105,11,508,163197
2014-08-26,136,81,10,11,706,138613
2014-08-29,58,43,7,17,610,172097
2014-09-02,98,133,26,24,1893,205615
2014-09-04,49,60,11,7,569,236413
2014-09-05,48,81,11,33,495,253910
2014-09-09,49,50,7,30,479,244591
2014-09-12,68,85,99,7,1108,271929
2014-09-15,466,111,7,25,695,224078
2014-09-16,214,116,4,39,649,290279
2014-09-18,188,68,32,17,511,236320
2014-09-22,196,48,9,4,676,307628
2014-09-23,159,61,12,16,662,272167
2014-09-24,146,51,6,10,582,260135
2014-09-25,178,108,23,6,900,413621
2014-09-30,98,69,7,2,962,348448
2014-10-01,167,131,13,21,1475,535898
2014-10-02,189,135,12,7,3069,501609
2014-10-03,198,77,6,6,1620,343597
2014-10-06,124,101,49,5,1125,336836
2014-10-07,174,106,15,6,1013,411901
2014-10-08,101,91,14,10,1677,581915
2014-10-09,139,169,23,12,1767,671674
2014-10-10,112,240,12,19,1556,742212
2014-10-14,242,250,25,17,1870,725676
2014-10-15,318,259,48,14,2523,1286808
2014-10-16,136,113,32,11,2454,910760
2014-10-20,79,131,15,15,925,385260
2014-10-22,133,85,27,39,2068,471556
2014-10-23,76,83,10,35,1510,462765
2014-10-24,121,76,9,16,2342,387386
2014-10-28,84,110,4,9,1829,328499
2014-10-30,72,91,11,13,1542,386169
2014-10-31,141,193,12,14,2750,397995
2014-11-03,305,137,18,10,1295,322198
2014-11-04,184,94,15,5,1950,301383
2014-11-05,88,176,8,7,1828,306661
2014-11-10,54,118,6,4,1033,213584
2014-11-12,67,73,5,7,1542,202755
2014-11-17,192,278,21,9,935,220807
2014-11-19,417,73,532,4,1201,258346
2014-11-25,105,207,19,23,1294,210254
2014-11-26,89,128,130,10,1114,166971
2014-11-28,62,49,6,2,900,150150
2014-12-01,116,107,7,5,1767,317249
2014-12-02,239,160,30,52,1520,223659
2014-12-03,98,224,12,5,1188,207307
2014-12-08,73,104,8,8,1684,298685
2014-12-10,188,111,19,3,1828,472307
2014-12-11,191,120,16,8,1217,448439
2014-12-12,100,56,3,9,1941,542690
2014-12-15,151,122,10,44,2054,655442
2014-12-18,77,92,3,7,5193,606103
2014-12-19,162,77,10,3,1527,528001
2014-12-23,165,77,6,8,1284,284132
2014-12-26,300,258,585,459,754,158444
2014-12-29,197,88,13,7,1103,219738
2014-12-30,328,113,18,38,1155,234492
2014-12-31,171,194,159,157,1361,351577
2015-01-02,101,84,6,9,1908,387719
2015-01-06,150,101,12,5,3857,650912
2015-01-07,249,104,13,95,2464,448600
2015-01-08,176,116,24,27,1675,411103
2015-01-09,249,261,16,37,2336,475323
2015-01-12,169,175,24,9,1923,404513
2015-01-13,205,386,668,6,6034,615889
2015-01-14,261,162,18,36,3513,611328
2015-01-15,264,269,6,43,3871,580366
2015-01-16,148,118,31,5,3694,517456
2015-01-20,279,478,11,8,2504,411510
2015-01-21,169,149,17,15,3613,401037
2015-01-22,243,130,10,21,2644,452484
2015-01-23,153,135,11,14,3651,376069
2015-01-26,164,126,8,26,2294,314455
2015-01-27,200,1340,14,23,4693,482398
2015-01-28,199,169,30,9,4748,542525
2015-01-29,274,128,92,29,3078,559966
2015-01-30,147,264,3,6,3567,599524
2015-02-02,434,156,5,34,3998,566637
2015-02-03,316,123,18,14,2043,414856
2015-02-04,206,130,11,25,2419,402736
2015-02-05,342,109,31,16,3309,301537
2015-02-06,130,95,6,1,3175,391606
2015-02-10,134,184,48,5,2045,310562
2015-02-11,624,494,34,8,2664,309927
2015-02-12,202,98,5,45,1837,307701
2015-02-13,117,111,5,2,2241,280698
2015-02-17,117,202,15,12,2629,253587
2015-02-18,158,67,12,5,2982,240767
2015-02-20,180,94,13,6,1964,354457
2015-02-23,194,129,12,5,1791,191303
2015-02-24,222,136,14,36,2473,231053
2015-02-25,174,70,53,11,1965,212767
2015-03-02,222,99,17,19,4884,235399
2015-03-03,235,74,31,14,2431,281611
2015-03-04,143,124,7,18,1766,292890
2015-03-05,154,93,14,21,1785,220563
2015-03-06,130,160,17,6,2890,445094
2015-03-09,149,116,79,3,1213,252651
2015-03-10,184,163,18,27,5269,418951
2015-03-11,195,119,7,33,2056,323625
2015-03-12,96,109,7,3,1621,287134
2015-03-13,82,121,38,19,1773,435016
2015-03-16,128,160,12,12,1352,307976
2015-03-17,126,172,25,9,1872,281027
2015-03-18,115,146,7,15,1901,645003
2015-03-19,112,108,16,20,3690,333326
2015-03-20,100,98,13,13,2680,355813
2015-03-23,166,66,4,38,2484,209310
2015-03-24,167,71,28,25,2178,253045
2015-03-25,168,138,14,6,3023,438840
2015-03-26,130,718,65,9,2307,423303
2015-03-27,199,83,16,9,1511,312930
2015-03-30,137,106,22,9,1590,279449
2015-04-01,388,688,137,135,2674,418259
2015-04-02,101,143,13,28,1499,273370
2015-04-06,158,156,26,47,1400,292612
2015-04-07,228,151,30,14,2089,234816
2015-04-08,133,183,94,4,2080,317250
2015-04-09,123,117,18,30,1742,283394
2015-04-10,159,92,12,14,2011,210923
2015-04-13,192,127,29,64,2804,211408
2015-04-14,259,234,20,18,2528,246475
2015-04-16,226,240,18,10,2369,220696
2015-04-17,148,172,27,11,2359,481751
2015-04-20,95,219,17,20,1516,258590
2015-04-22,156,101,7,6,1953,254544
2015-04-23,93,159,11,5,2270,294364
2015-04-24,102,350,129,12,2802,199296
2015-04-27,128,188,10,8,1647,259555
2015-04-28,245,370,23,24,2285,315921
2015-04-29,157,119,8,6,2062,394420
2015-04-30,133,222,36,33,2166,471155
2015-05-01,143,148,16,5,3117,314314
2015-05-04,96,197,12,9,1738,238876
2015-05-05,118,194,8,47,2632,395865
2015-05-06,165,107,26,12,1751,444775
2015-05-07,245,238,6,25,2761,308401
2015-05-08,81,107,5,4,2315,372279
2015-05-12,99,93,8,3,2326,389314
2015-05-13,131,101,14,6,1357,281087
2015-05-15,93,100,9,4,1256,232315
2015-05-18,175,141,12,2,1409,211710
2015-05-20,141,56,3,9,1923,256154
2015-05-21,150,134,21,5,997,204049
2015-05-22,186,76,13,9,1265,180415
2015-05-26,156,124,17,15,1582,352805
2015-05-27,93,251,15,14,1597,285262
2015-05-28,75,119,7,24,1561,248101
2015-05-29,201,147,9,2,1557,366077
2015-06-03,146,139,9,6,2232,292885
2015-06-05,152,135,17,11,2059,358566
2015-06-08,94,94,18,8,3412,290597
2015-06-09,132,138,10,3,1579,335025
2015-06-10,79,83,13,9,1455,368642
2015-06-11,173,108,25,2,1058,246496
2015-06-12,113,80,33,10,2606,327807
2015-06-15,100,103,13,11,1810,376441
2015-06-16,90,132,7,8,2138,273093
2015-06-18,84,109,31,4,1762,424836
2015-06-19,224,106,5,7,1110,331569
2015-06-22,116,111,37,8,1607,255353
2015-06-24,163,83,6,3,2415,278111
2015-06-29,244,163,15,6,4221,564162
2015-06-30,151,218,29,8,2084,522956
2015-07-01,149,84,9,2,2296,368342
2015-07-07,179,118,15,26,2963,641750
2015-07-08,144,150,10,7,6680,610335
2015-07-10,325,247,18,6,2160,401609
2015-07-14,171,96,14,5,1645,261125
2015-07-15,286,122,19,5,2735,292973
2015-07-20,490,178,14,22,1380,229664
2015-07-21,439,183,9,10,2365,247766
2015-07-27,341,126,51,13,1804,395687
2015-07-28,256,127,6,6,1292,379678
2015-07-31,206,609,6,2,1177,306075
2015-08-03,529,352,9,3,1737,380435
2015-08-05,350,283,32,7,1752,307918
2015-08-06,540,214,35,8,2301,360279
2015-08-10,305,182,14,4,1228,286505
2015-08-11,512,134,16,14,2547,380146
2015-08-12,571,248,5,5,2426,524656
2015-08-13,221,144,7,1,1795,302573
2015-08-14,326,170,7,2,2243,232673
2015-08-17,238,135,13,8,2563,275533
2015-08-18,192,173,23,16,2211,234976
2015-08-19,377,154,15,11,2975,550098
2015-08-20,380,162,17,11,4206,618234
2015-08-21,570,423,82,94,8756,1128898
2015-08-24,1337,549,261,13,11452,2110104
2015-08-25,581,425,48,15,5220,1540559
2015-08-26,373,219,32,8,4291,1395301
2015-08-27,705,411,23,13,6556,1089728
2015-08-28,361,158,39,2,2354,618575
2015-08-31,472,233,5,10,3605,535944
2015-09-01,1006,318,61,16,4205,806100
2015-09-02,208,187,51,2,2362,533312
2015-09-03,295,136,32,2,3717,495547
2015-09-04,461,533,39,3,2999,529433
2015-09-08,304,205,27,4,2320,404065
2015-09-14,294,158,24,7,2126,250983
2015-09-17,472,273,148,4,3173,712712
2015-09-18,260,314,43,15,2419,598259
2015-09-22,545,249,106,2,5078,491480
2015-09-23,369,197,90,3,1848,342395
2015-09-24,319,257,122,3,3430,529144
2015-09-25,400,321,220,2,2658,511383
2015-09-28,445,347,102,5,4534,593803
2015-09-29,390,1260,64,4,4024,584103
2015-09-30,373,566,150,46,2625,529805
2015-10-01,758,200,135,16,3366,482701
2015-10-02,434,643,451,18,4073,677401
2015-10-05,565,441,15,7,3120,436949
2015-10-06,615,188,86,12,2708,406233
2015-10-07,1340,742,58,26,3623,439004
2015-10-08,2849,513,38,14,4538,484982
2015-10-09,412,389,93,4,2577,328317
2015-10-13,211,167,197,7,3452,324518
2015-10-15,280,373,49,6,3328,409690
2015-10-16,427,308,22,1,2211,321269
2015-10-19,460,1596,619,7,3796,261119
2015-10-20,322,297,35,15,2030,261876
2015-10-21,407,502,47,3,2765,350167
2015-10-22,998,495,35,4,3368,472770
2015-10-23,575,336,23,2,6083,415968
2015-10-26,698,332,120,11,2891,228238
2015-10-27,450,869,21,3,3198,273130
2015-10-28,491,968,119,1,5191,433474
2015-10-30,413,436,21,4,3127,353841
2015-11-02,753,454,26,7,3887,270870
2015-11-03,790,705,112,3,2846,297501
2015-11-05,491,404,20,7,3754,283907
2015-11-11,381,294,10,7,1937,268091
2015-11-12,382,1067,16,5,3415,388120
2015-11-18,599,1047,64,13,3178,394605
2015-11-19,524,371,13,10,3252,281297
2015-11-24,478,608,23,4,3025,342633
2015-11-25,469,1019,23,5,2365,210692
2015-11-27,237,110,17,1,887,126339
2015-11-30,389,843,18,2,2482,323764
2015-12-01,605,988,41,12,4354,337782
2015-12-02,557,459,29,24,3576,367017
2015-12-03,696,387,9,9,3698,546778
2015-12-07,912,474,39,111,3522,374711
2015-12-08,527,377,21,11,3199,387786
2015-12-09,554,533,15,30,6287,586213
2015-12-10,509,509,13,6,4267,404994
2015-12-11,765,455,87,27,5290,669663
2015-12-14,1112,617,39,23,7467,726934
2015-12-15,589,453,240,8,4265,489515
2015-12-16,924,419,29,10,5520,668719
2015-12-17,892,318,35,17,5559,570162
2015-12-18,800,484,60,2,5098,837835
2015-12-21,728,652,130,7,4457,375653
2015-12-22,1794,1643,29,5,3126,380854
2015-12-23,1711,837,9,14,3844,349390
2015-12-28,1111,530,7,8,2571,263293
2015-12-29,648,471,40,10,3181,296154
2015-12-30,871,429,28,7,3555,237053
2016-01-04,1252,609,47,13,7052,655486
2016-01-06,848,708,23,10,4311,548382
2016-01-07,990,749,33,2,7964,796447
2016-01-08,1388,1191,16,43,6728,754920
2016-01-11,1431,1021,361,4,7727,701544
2016-01-12,1040,802,65,5,5921,635744
2016-01-13,1355,784,60,21,9423,812689
2016-01-14,1438,926,37,32,8219,824316
2016-01-15,1342,1530,72,5,8729,1105568
2016-01-20,2102,2271,91,14,14074,1102473
2016-01-21,2716,1991,188,8,11868,805410
2016-01-22,1626,938,20,11,9193,614017
2016-01-25,1213,613,210,13,4341,489711
2016-01-26,1239,726,19,11,9117,498825
2016-01-27,1554,1093,31,18,12164,744096
2016-01-28,1347,901,128,7,7136,618986
2016-01-29,1010,891,55,4,6574,637561
2016-02-01,1232,1065,44,2,6526,488408
2016-02-02,1239,899,25,5,7765,586199
2016-02-03,1460,753,38,11,14073,885127
2016-02-04,1648,1230,276,3,12868,638010
2016-02-05,1573,2290,54,3,10555,667139
2016-02-08,1826,1258,128,40,10946,769586
2016-02-09,2171,831,78,4,11870,786770
2016-02-10,1204,913,50,28,13735,657621
2016-02-11,1140,984,44,13,11337,853642
2016-02-12,1447,900,236,3,8315,522142
2016-02-16,851,551,41,19,8620,447869
2016-02-17,755,634,24,7,7196,531578
2016-02-18,759,1532,25,14,11850,459676
2016-02-19,630,577,99,2,20246,424899
2016-02-22,501,370,65,2,11183,360504
2016-02-23,834,1173,67,7,9462,434599
2016-02-24,777,518,54,6,10022,588120
2016-02-26,558,1243,57,9,10252,461192
2016-02-29,823,707,51,3,8530,428041
2016-03-01,812,562,52,11,8435,495956
2016-03-03,1339,845,37,10,8221,372925
2016-03-07,1173,481,231,10,8941,376249
2016-03-09,436,473,64,5,9966,366550
2016-03-10,517,577,87,3,12002,629935
2016-03-16,745,506,118,17,8583,497349
2016-03-17,1071,4517,148,10,9755,424515
2016-03-18,968,485,74,13,11362,449469
2016-03-21,1207,423,54,6,7274,281081
2016-03-22,1256,1129,52,7,7215,334189
2016-03-23,485,460,104,6,7454,348022
2016-03-28,898,492,108,9,6122,265037
2016-03-30,598,1385,618,20,8837,336438
2016-04-01,826,608,51,6,9179,397068
2016-04-04,1314,681,51,10,9632,249270
2016-04-05,910,464,112,2,8458,351543
2016-04-07,812,853,120,6,8604,411647
2016-04-08,1268,455,45,4,9111,352299
2016-04-11,828,571,45,11,9074,326080
2016-04-12,883,705,91,70,9355,381766
2016-04-13,744,716,136,8,8157,353007
2016-04-18,664,898,74,39,6377,268233
2016-04-19,692,667,54,20,8060,324660
2016-04-20,623,643,155,6,7627,266775
2016-04-21,809,1224,46,8,9764,294910
2016-04-25,513,640,42,8,7074,249186
2016-04-26,446,988,487,14,6371,240409
2016-04-27,751,421,233,8,7339,313982
2016-04-28,560,494,56,7,7938,358896
2016-04-29,692,1016,27,8,11137,478301
2016-05-02,1033,793,52,10,8497,263583
2016-05-03,816,456,86,3,10844,377518
2016-05-04,568,555,138,9,7342,345262
2016-05-05,350,419,133,18,6649,280623
2016-05-06,404,379,31,7,7864,340339
2016-05-09,484,256,66,5,8082,263989
2016-05-10,462,1040,592,18,7191,267366
2016-05-11,728,579,108,9,7554,295512
2016-05-12,437,749,197,6,7943,344297
2016-05-13,366,525,209,5,8431,359286
2016-05-16,523,379,107,9,14546,286050
2016-05-17,616,499,58,19,8202,415425
2016-05-18,927,502,113,4,9890,500613
2016-05-20,446,247,169,10,6135,332720
2016-05-23,391,589,253,41,6899,233564
2016-05-24,657,435,57,35,7050,309189
2016-05-25,571,352,155,8,10443,290098
2016-05-26,416,580,63,8,6445,206441
2016-05-27,350,327,41,10,4778,239896
2016-05-31,859,394,259,12,7751,351153
2016-06-01,576,420,113,18,7127,285410
2016-06-02,519,385,93,24,5294,253455
2016-06-03,540,538,93,5,6868,373401
2016-06-06,2273,356,58,5,6624,264559
2016-06-07,606,435,103,14,5980,229776
2016-06-08,618,333,96,6,5604,245005
2016-06-09,734,285,140,10,5955,262669
2016-06-10,788,714,487,10,6867,368506
2016-06-13,798,1025,127,11,10050,398883
2016-06-14,583,310,99,10,7227,496228
2016-06-16,654,722,116,13,8957,507527
2016-06-17,987,412,98,4,7003,391837
2016-06-20,504,441,35,29,5787,357366
2016-06-21,697,587,133,8,16034,296431
2016-06-22,708,434,42,15,11174,380377
2016-06-23,679,568,125,14,11090,355302
2016-06-24,1268,2167,937,12,26038,1253123
2016-06-27,1692,1586,235,26,16173,913192
2016-06-28,1396,678,278,10,13377,588020
2016-06-29,1694,498,77,20,11314,487303
2016-06-30,1179,432,87,17,11384,523224
2016-07-01,841,527,74,56,11329,373691
2016-07-05,785,346,133,17,8211,393448
2016-07-06,1270,410,70,12,11716,394874
2016-07-07,1509,448,124,20,11718,325103
2016-07-08,868,471,108,19,8268,419924
2016-07-11,806,576,41,16,8405,268255
2016-07-12,987,1281,304,29,11570,315178
2016-07-14,852,875,39,14,9402,301334
2016-07-15,1096,322,197,27,6994,277474
2016-07-18,768,3722,89,13,6188,197966
2016-07-19,767,580,355,201,6611,188876
2016-07-20,618,438,54,19,7104,189364
2016-07-21,553,335,73,34,8397,235301
2016-07-22,701,303,45,5,7674,209023
2016-07-25,788,360,82,65,4489,197252
2016-07-26,541,588,256,92,6789,247623
2016-07-27,856,515,113,152,8228,283297
2016-07-28,542,311,52,27,5835,233185
2016-07-29,852,330,53,15,5778,260076
2016-08-01,710,760,296,28,7660,265471
2016-08-02,990,769,88,49,8176,328140
2016-08-03,555,352,118,23,9636,191877
2016-08-04,471,326,40,16,7866,188054
2016-08-05,568,541,54,27,6321,239312
2016-08-08,656,417,41,30,6331,159080
2016-08-09,673,422,62,23,5272,186527
2016-08-10,671,606,58,27,10178,204748
2016-08-11,669,495,262,15,5802,208560
2016-08-12,601,295,69,18,7044,180360
2016-08-15,761,594,162,48,5690,177208
2016-08-16,648,503,92,42,9615,212293
2016-08-17,682,334,42,21,19431,269030
2016-08-18,562,281,76,13,8728,184980
2016-08-19,724,357,189,107,10375,220714
2016-08-24,517,441,34,36,6421,220657
2016-08-26,657,398,84,66,10721,436044
2016-08-29,755,330,291,22,5898,202659
2016-08-30,458,315,59,57,8027,207924
2016-08-31,1725,551,92,47,7288,284703
2016-09-02,624,379,72,124,6445,286502
2016-09-06,1038,647,77,95,9116,191790
2016-09-07,691,746,38,18,5131,201194
2016-09-08,737,516,132,18,6095,240874
2016-09-09,885,810,796,19,14079,632502
2016-09-12,925,552,180,8,13870,551961
2016-09-13,748,1245,53,107,15083,623042
2016-09-15,788,903,60,23,8569,420050
2016-09-16,905,1299,96,21,8154,388398
2016-09-19,544,582,91,14,10696,285914
2016-09-21,700,571,87,11,12873,434883
2016-09-22,487,455,62,14,8041,282155
2016-09-23,574,540,100,9,5922,243729
2016-09-26,741,696,135,21,8623,297235
2016-09-27,547,623,92,13,7220,260458
2016-09-28,561,372,223,17,7882,280432
2016-09-29,1128,1855,1968,38,11411,498378
2016-09-30,575,526,193,13,7068,345860
2016-10-03,754,1062,237,74,10905,251753
2016-10-04,923,1824,125,20,14456,384136
2016-10-05,564,605,264,18,21118,253120
2016-10-06,562,973,95,21,10622,224535
2016-10-07,539,427,214,16,9057,330082
2016-10-10,508,497,155,5,7252,189019
2016-10-11,632,464,134,32,8234,437688
2016-10-12,620,873,106,25,4867,275042
2016-10-13,701,1195,801,3,9866,367438
2016-10-14,616,1156,1201,6,11712,318540
2016-10-17,770,508,194,36,5686,240556
2016-10-18,733,533,139,44,3990,237350
2016-10-19,644,801,536,29,3781,198613
2016-10-20,676,651,319,12,10837,261803
2016-10-21,600,530,153,8,6831,228032
2016-10-24,743,455,174,32,7709,192060
2016-10-25,661,490,1355,37,10472,233572
2016-10-27,749,777,215,26,7785,272883
2016-10-28,1134,727,382,9,8543,481684
2016-11-01,1102,1145,172,39,10242,428020
2016-11-02,771,716,256,38,8406,391272
2016-11-03,600,756,226,15,6020,339880
2016-11-04,660,1862,569,12,8176,394178
2016-11-07,799,802,204,39,8037,355348
2016-11-08,778,732,297,51,7673,388850
2016-11-09,1213,2139,898,24,12515,917697
2016-11-10,1763,2197,894,45,16642,706612
2016-11-11,699,1511,911,20,10463,392893
2016-11-14,1105,1907,286,89,11490,386952
2016-11-15,912,876,395,38,8778,315972
2016-11-16,1176,1037,637,189,5574,240039
2016-11-17,935,601,517,90,5925,246180
2016-11-18,1022,607,282,115,6853,223203
2016-11-21,1520,1495,284,29,5975,249616
2016-11-22,1388,821,377,48,8686,234552
2016-11-23,871,499,299,23,6327,213787
2016-11-25,258,273,144,9,3413,113160
2016-11-28,761,1070,459,41,6446,246720
2016-11-29,888,916,913,29,6283,214538
2016-11-30,1042,715,305,34,9495,336093
2016-12-01,967,1088,1193,61,10989,310478
2016-12-05,1246,694,438,40,6258,248194
2016-12-06,755,740,509,34,6401,208260
2016-12-07,914,1154,346,22,6403,359574
2016-12-08,880,798,836,29,6685,322693
2016-12-09,1050,792,637,87,6549,271327
2016-12-12,896,495,402,211,9455,285533
2016-12-13,924,620,360,91,6549,299090
2016-12-14,765,691,303,58,7183,471291
2016-12-15,1073,1709,1728,77,7581,360676
2016-12-16,738,622,294,98,5872,323750
2016-12-19,801,727,244,40,3978,232935
2016-12-20,829,512,193,32,5732,191168
2016-12-21,882,2435,335,23,4322,157780
2016-12-22,643,1386,3457,98,4493,167713
2016-12-23,769,1020,287,30,3324,116591
2016-12-27,635,1413,239,91,3152,139276
2016-12-28,642,1416,171,21,4896,193423
2016-12-29,642,1489,199,40,6244,165878
2016-12-30,1072,1616,581,31,5165,305782
2017-01-03,1374,1630,726,112,6994,314580
2017-01-04,959,1227,345,48,5176,259513
2017-01-05,992,632,360,20,4685,218285
2017-01-06,1053,642,220,20,5640,235985
2017-01-09,836,658,290,12,5166,158755
2017-01-11,827,748,412,36,8504,288709
2017-01-12,969,1105,298,59,4571,285625
2017-01-17,1806,727,348,68,6893,208862
2017-01-18,1543,684,342,45,5252,206114
2017-01-19,974,755,762,274,5044,221364
2017-01-20,857,644,2311,35,4931,326550
2017-01-23,934,1337,336,31,5724,237953
2017-01-24,2055,780,486,117,4123,227600
2017-01-25,2233,1172,373,30,5450,246395
2017-01-26,1426,1180,943,44,5525,184960
2017-01-27,699,468,319,28,3925,165054
2017-01-30,723,1925,428,58,4418,277996
2017-02-01,2267,715,1214,29,5563,274106
2017-02-02,958,576,265,55,4531,212729
2017-02-03,1010,609,305,16,4833,236870
2017-02-06,710,615,351,6,5481,169511
2017-02-08,2174,769,350,20,5003,168949
2017-02-09,994,844,316,24,3935,192018
2017-02-10,602,818,262,26,6365,189306
2017-02-13,622,568,330,75,3966,187033
2017-02-14,1569,626,545,21,4719,212564
2017-02-15,1161,619,351,49,3931,250041
2017-02-16,638,611,469,26,4994,289705
2017-02-17,476,715,463,28,4227,207256
2017-02-21,565,456,536,627,3890,233911
2017-02-22,525,462,353,31,3911,180552
2017-02-23,752,785,208,21,4046,258690
2017-02-24,511,507,428,19,3748,263744
2017-02-27,553,460,297,47,4190,206967
2017-02-28,1179,752,390,117,3766,255908
2017-03-01,1414,828,376,105,5774,344268
2017-03-02,667,658,260,196,9559,246422
2017-03-03,526,675,255,251,4749,211689
2017-03-06,734,685,375,12,4479,181336
2017-03-08,613,628,685,101,5359,234670
2017-03-10,786,639,700,59,3654,236553
2017-03-13,1060,492,378,36,4970,177083
2017-03-14,1042,600,780,39,5549,198092
2017-03-15,1027,430,650,29,5348,301845
2017-03-16,922,441,435,29,4304,231711
2017-03-17,460,367,254,23,3019,225273
2017-03-20,543,478,601,20,3446,169623
2017-03-21,907,584,1079,17,10770,443602
2017-03-22,631,455,340,14,12403,307471
2017-03-23,1221,1147,641,23,5466,333911
2017-03-24,810,583,538,28,7551,359602
2017-03-27,1001,761,688,14,6178,289796
2017-03-28,698,726,439,19,5600,277354
2017-03-29,784,799,532,19,4575,194183
2017-03-30,897,479,414,41,4563,180052
2017-04-04,749,584,395,49,3870,192581
2017-04-05,1041,532,628,26,5957,363085
2017-04-06,653,432,334,20,3755,244997
2017-04-07,594,400,399,15,3726,235823
2017-04-11,617,700,1603,12,5524,306531
2017-04-12,1402,436,1809,23,4563,262866
2017-04-13,925,470,774,38,4743,303958
2017-04-17,868,462,335,31,4009,213645
2017-04-18,2929,664,409,25,3900,245287
2017-04-19,1840,493,350,26,4798,248647
2017-04-20,882,354,436,37,4857,279888
2017-04-21,821,441,375,37,4067,258920
2017-04-24,989,472,890,13,4441,290931
2017-04-25,1034,378,675,33,4424,240243
2017-04-26,1133,497,359,20,4012,260074
2017-05-01,927,496,313,15,3492,180742
2017-05-02,702,467,280,35,4346,176649
2017-05-03,998,624,548,18,4689,223572
2017-05-04,832,418,321,121,3844,208791
2017-05-05,751,703,352,71,3601,204888
2017-05-08,671,444,339,87,5542,153804
2017-05-09,953,447,326,24,3574,190512
2017-05-10,800,331,424,24,4658,152418
2017-05-11,625,414,676,57,5570,211057
2017-05-12,2530,588,233,32,4575,158259
2017-05-15,1209,893,1071,23,3890,193296
2017-05-16,947,1733,418,46,3248,183988
2017-05-17,1029,655,540,35,4998,523475
2017-05-18,1499,744,822,74,4354,369900
2017-05-19,872,708,345,78,3560,310592
2017-05-22,835,424,251,19,3180,178602
2017-05-23,1189,587,295,57,4320,167049
2017-05-24,1083,471,306,42,3076,167955
2017-05-25,1064,388,330,21,3895,207260
2017-05-26,1012,306,459,37,2639,136789
2017-05-30,880,397,340,43,2758,135969
2017-05-31,812,357,312,10,3471,242051
2017-06-01,805,411,351,66,3851,230849
2017-06-02,1565,557,416,37,4470,224491
2017-06-05,1885,416,554,152,3224,136075
2017-06-06,2877,826,387,35,6908,160566
2017-06-07,1278,442,399,37,2984,182102
2017-06-08,1339,376,260,54,3521,210451
2017-06-09,1730,833,496,81,5929,430464
2017-06-12,1244,1189,2896,3160,14478,297493
2017-06-13,1269,590,363,31,2931,204226
2017-06-14,914,442,4931,13,9239,289792
2017-06-15,700,417,404,35,4035,255028
2017-06-16,673,690,456,59,3560,232084
2017-06-19,1193,443,2277,17,6135,202020
2017-06-20,1847,722,393,41,3209,187166
2017-06-21,1294,474,215,9,4426,191817
2017-06-22,1482,361,483,37,3100,151798
2017-06-23,807,354,395,10,3064,184126
2017-06-26,956,455,710,10,2650,178400
2017-06-27,857,388,412,29,5018,270669
2017-06-28,1451,492,451,20,3185,224937
2017-06-29,1526,426,408,23,6773,395292
2017-06-30,1202,674,364,23,3401,241585
2017-07-05,1755,512,440,81,6222,184990
2017-07-06,1866,611,253,47,6536,243343
2017-07-07,1294,802,203,55,3885,170412
2017-07-10,1944,456,205,41,4573,138843
2017-07-11,1952,379,401,34,4103,178559
2017-07-12,1807,416,280,10,3654,182036
2017-07-13,1742,1971,1813,652,4992,137312
2017-07-14,1158,391,304,25,3726,181874
2017-07-17,1315,389,497,47,2557,121973
2017-07-18,1136,452,395,32,2837,154176
2017-07-19,1298,507,341,37,3298,149842
2017-07-20,1188,349,429,19,3996,161052
2017-07-21,968,1287,393,148,3406,178483
2017-07-25,1011,356,305,17,4059,166556
2017-07-27,2866,537,487,13,3141,255391
2017-08-01,1575,654,329,49,2387,151136
2017-08-02,1919,644,625,17,3015,178077
2017-08-03,1406,439,366,17,3157,143606
2017-08-07,2054,465,1263,20,3708,100112
2017-08-08,2138,502,373,30,3061,192928
2017-08-10,1999,985,1826,1571,5944,424323
2017-08-11,1355,395,823,10,3088,278789
2017-08-14,1493,852,1953,19,3582,227673
2017-08-16,2570,574,782,102,3053,212687
2017-08-17,1878,431,669,8,3297,428157
2017-08-18,1388,693,1048,24,6490,389151
2017-08-21,1776,542,496,156,5093,231511
2017-08-22,1984,411,324,9,3679,225772
2017-08-23,1489,490,342,38,2803,162098
2017-08-24,1577,426,453,60,2554,196834
2017-08-25,1594,437,423,13,4148,217150
2017-08-29,1408,678,294,19,3860,197482
2017-08-30,1511,675,436,48,4847,198518
2017-08-31,2333,536,477,9,2729,230810
2017-09-01,1756,360,402,18,3159,180137
2017-09-05,1967,1159,3595,14,3163,330607
2017-09-06,2071,476,1089,37,3459,216155
2017-09-07,1519,388,413,136,3615,184342
2017-09-08,1146,533,1319,5,4450,185696
2017-09-11,1382,538,427,9,2985,211604
2017-09-13,1218,640,794,73,4186,147059
2017-09-14,1471,681,534,34,2628,188803
2017-09-15,1319,541,336,91,2111,186897
2017-09-18,1699,559,827,31,2526,160262
2017-09-19,1538,358,757,22,5554,125394
2017-09-20,1740,439,469,13,3354,191408
2017-09-21,1800,451,619,13,2725,136978
2017-09-22,849,371,294,26,2435,139816
2017-09-26,1555,963,389,37,3026,171837
2017-09-27,2156,1061,895,14,3633,215758
2017-09-28,1411,763,642,20,2966,125235
2017-09-29,2052,830,469,229,2691,174805
2017-10-02,2389,1015,545,125,4553,173642
2017-10-03,2245,601,1712,27,3433,147215
2017-10-04,1657,556,1039,38,4380,136458
2017-10-05,1500,725,326,11,3086,195997
2017-10-06,1475,669,372,50,5465,186522
2017-10-09,1439,817,237,36,1916,113893
2017-10-10,1496,1226,287,23,4207,140616
2017-10-11,1953,1711,762,1161,8690,126972
2017-10-12,1957,961,335,37,2732,142560
2017-10-13,1336,377,304,21,2510,149417
2017-10-18,2246,613,908,48,4177,121860
2017-10-19,2283,464,372,33,4554,190692
2017-10-20,2366,1057,231,25,3910,196614
2017-10-23,2560,681,617,41,4840,196938
2017-10-24,1851,983,498,50,2902,193871
2017-10-25,2848,689,402,29,4783,318607
2017-10-26,2025,1028,417,16,2558,178430
2017-10-27,1840,927,526,21,3310,230991
2017-10-30,1930,768,577,18,2798,178941
2017-10-31,2692,546,327,47,3342,162728
2017-11-01,2982,724,672,108,2843,193084
2017-11-02,2024,614,552,13,2601,217328
2017-11-03,2801,459,357,26,2916,189765
2017-11-06,2359,1895,569,77,6047,130423
2017-11-07,3451,3001,625,36,3139,170176
2017-11-08,1812,458,356,9,3119,160009
2017-11-09,2811,744,341,12,3998,348095
2017-11-10,3008,1248,1067,171,3213,176651
2017-11-13,2605,621,766,189,3496,149078
2017-11-14,2628,530,502,13,3515,204504
2017-11-15,1899,592,1108,20,3840,257052
2017-11-16,2430,583,790,10,3131,233019
2017-11-20,2592,800,487,19,3501,155464
2017-11-21,2527,571,535,115,3594,204343
2017-11-22,2068,771,953,131,3029,144664
2017-11-24,1006,232,166,4,1187,84305
2017-11-27,2499,612,398,20,2931,147056
2017-11-28,2694,669,371,95,3415,281193
2017-11-29,3688,799,955,32,3012,250860
2017-11-30,2656,677,800,12,3792,379517
2017-12-01,4030,1273,1550,30,6492,632475
2017-12-04,3358,810,667,20,5962,335670
2017-12-05,1885,850,1179,37,3686,280511
2017-12-06,1734,511,1345,18,2994,207334
2017-12-07,2143,725,804,17,3463,193172
2017-12-08,1648,528,413,47,3640,188009
2017-12-11,2204,775,332,9,3310,177382
2017-12-12,2855,1698,560,90,4132,225005
2017-12-13,2939,919,654,227,3654,230519
2017-12-14,1877,697,828,180,4329,270148
2017-12-15,1974,3147,1213,72,4028,265370
2017-12-18,2187,936,965,23,3958,226898
2017-12-19,2243,942,1547,73,4192,225073
2017-12-20,2298,1006,1329,12,3871,215968
2017-12-21,2261,665,715,153,3756,182255
2017-12-22,1745,691,499,13,3040,177540
2017-12-26,1417,630,630,41,3001,142207
2017-12-27,2929,672,2164,12,4006,174038
2017-12-28,1890,841,420,17,4865,121282
2017-12-29,2508,881,688,29,3850,208958
2018-01-03,4609,1523,1053,34,5148,233672
2018-01-04,5617,1011,1043,276,4256,206555
2018-01-05,4842,961,855,73,5720,208413
2018-01-08,4063,1016,1138,19,5141,150234
2018-01-09,3403,1140,1260,39,5544,186073
2018-01-10,3015,1178,919,72,3788,209103
2018-01-11,3209,862,1711,103,5018,188736
2018-01-12,3135,780,606,28,3360,269924
2018-01-16,6236,1163,1055,29,5635,342987
2018-01-17,5477,1020,883,28,4816,262693
2018-01-18,7724,1216,856,79,4115,247932
2018-01-19,4791,1079,1404,36,4317,244197
2018-01-22,4333,1073,680,50,3793,218511
2018-01-23,3994,839,1081,40,4602,232559
2018-01-24,3731,2386,1650,46,5158,357700
2018-01-25,4247,1143,796,33,6401,267777
2018-01-26,3450,1174,2007,15,4295,267026
2018-01-29,4878,950,1403,42,6071,286719
2018-01-30,4484,1118,1776,117,5304,383528
2018-01-31,5376,1166,1716,214,5665,363005
2018-02-01,5384,1366,1367,21,6238,304908
2018-02-02,6212,1556,1869,36,7573,548621
2018-02-05,11028,2933,3909,78,18459,1178565
2018-02-06,10566,3547,4834,58,28421,1527389
2018-02-07,6059,1728,3429,38,12642,741997
2018-02-08,6109,1892,3594,28,16643,932887
2018-02-09,9140,3990,3363,46,25050,1201538
2018-02-12,7536,4140,2353,1519,10522,609802
2018-02-13,3905,1010,1173,65,6568,375379
2018-02-14,5685,1233,1306,7,7818,528181
2018-02-15,5226,1265,1071,47,5204,423213
2018-02-16,4687,999,4622,20,6083,424982
2018-02-20,4264,1435,1414,56,7673,339897
2018-02-21,4980,908,1604,13,4520,392254
2018-02-22,3797,1709,3378,20,5872,404227
2018-02-23,3764,781,776,17,5081,321920
2018-02-26,4803,803,1007,73,5245,281800
2018-02-27,5258,1515,2465,22,7302,364249
2018-02-28,4674,835,1476,31,5611,402197
2018-03-01,6205,1305,3098,75,11439,620295
2018-03-02,4877,1130,2136,25,9254,540430
2018-03-05,3304,1082,1018,16,5294,356242
2018-03-06,3190,814,862,20,5099,295498
2018-03-07,4103,801,1136,21,5253,318136
2018-03-08,3152,1061,997,13,3648,259822
2018-03-09,4387,811,951,16,3499,334912
2018-03-12,7680,1630,3480,162,7663,242963
2018-03-13,4801,738,956,45,4282,315531
2018-03-14,3754,781,1083,22,4238,360753
2018-03-15,3270,930,642,12,3668,262031
2018-03-16,2646,806,991,21,3792,240467
2018-03-19,4646,924,953,20,4888,432141
2018-03-20,3367,729,654,15,4031,209740
2018-03-21,3937,950,1008,45,4635,330625
2018-03-22,5705,1061,1795,87,7730,577825
2018-03-23,13483,3156,2100,32,10518,624778
2018-03-26,7803,1259,2908,41,8174,450166
2018-03-27,7749,1180,2456,116,9193,538201
2018-03-28,8777,2309,2500,30,10003,590467
2018-03-29,3070,1237,1254,17,9209,436557
2018-04-02,10047,2971,3611,110,12746,643568
2018-04-03,6698,1319,2994,37,7990,451182
2018-04-04,5975,1594,2103,18,7917,463595
2018-04-05,5397,1121,1146,24,5629,318788
2018-04-06,6566,1904,4650,19,8218,563194
2018-04-09,4099,1051,1405,16,4866,333763
2018-04-10,5418,1375,2053,40,7399,405039
2018-04-11,4602,2840,4984,409,8477,329135
2018-04-12,4484,1318,2156,27,6363,282539
2018-04-13,5266,1214,1315,11,5117,311312
2018-04-16,2951,1618,1230,17,5183,251422
2018-04-17,7554,1839,1030,32,5402,253683
2018-04-18,3812,1411,2160,15,3947,197539
2018-04-19,3600,1639,1119,11,4778,284592
2018-04-20,4013,1119,1044,30,4799,292035
2018-04-23,3443,998,951,21,3757,239521
2018-04-24,4838,1361,1989,42,5529,436220
2018-04-26,3386,911,1383,39,3675,270096
2018-04-27,3321,699,971,25,3497,224242
2018-04-30,3109,837,1069,34,5617,271534
2018-05-01,4389,1398,1350,44,4701,296317
2018-05-02,3535,1333,2017,28,3713,300565
2018-05-03,7228,1209,1778,24,6406,519981
2018-05-04,3583,721,910,27,3351,326945
2018-05-07,3666,986,807,24,3473,242699
2018-05-09,3563,1070,576,57,4015,255999
2018-05-10,8318,2772,2608,820,7411,258138
2018-05-11,3763,2454,639,70,5735,215034
2018-05-14,4480,1022,780,29,4386,215002
2018-05-15,7000,2253,1300,24,6931,303008
2018-05-16,3796,1188,1044,29,4307,199226
2018-05-18,3512,925,915,28,3373,201650
2018-05-21,5304,1442,1040,19,3460,212256
2018-05-22,4612,1675,746,12,3770,191589
2018-05-23,3672,1135,987,27,3843,244212
2018-05-24,3822,1249,1305,17,5908,274543
2018-05-25,4250,1567,1202,13,4089,196043
2018-05-29,5307,1210,1628,39,4770,432412
2018-05-30,3631,1126,861,42,6298,281735
2018-05-31,4487,1287,1491,20,4293,342558
2018-06-01,4084,1325,1324,28,3217,275360
2018-06-04,3343,1033,618,31,3925,199753
2018-06-05,3687,1420,810,27,3923,205397
2018-06-06,3839,1427,1342,27,4842,253538
2018-06-07,6371,1283,1193,39,4147,299286
2018-06-08,5633,1363,910,41,3848,238238
2018-06-11,3476,809,1152,24,4082,211392
2018-06-12,6831,2004,3428,85,6984,211612
2018-06-13,7148,1274,1315,41,4727,275306
2018-06-14,4355,907,1265,27,3713,233427
2018-06-15,5357,996,1252,12,6143,305807
2018-06-18,3305,1090,1346,20,4455,221102
2018-06-19,4258,1147,1002,38,4417,337431
2018-06-20,3761,1238,1242,22,3755,212283
2018-06-21,4653,954,815,14,3929,289340
2018-06-22,5189,1281,595,12,3800,231536
2018-06-25,7005,2513,1828,12,6463,515156
2018-06-26,8534,1877,2519,20,13092,304136
2018-06-27,5966,1788,1667,11,6488,417868
2018-06-28,5420,1985,1711,28,6244,367571
2018-06-29,6380,1425,1515,29,6231,329520
2018-07-02,4449,1467,1116,24,5476,279127
2018-07-03,2659,649,462,32,2847,180591
2018-07-05,4085,1272,1017,131,4682,260592
2018-07-06,3653,1751,929,21,3404,269825
2018-07-09,3704,1677,729,32,3566,212828
2018-07-10,8144,777,1117,39,4208,207663
2018-07-11,4645,1525,980,17,3875,300427
2018-07-12,4204,4431,1185,206,6066,236262
2018-07-16,3043,1075,755,26,3107,177350
2018-07-17,3344,889,694,19,3023,216883
2018-07-19,3303,992,773,85,5894,236049
2018-07-20,3392,1289,611,46,2573,235636
2018-07-23,3033,839,661,45,3636,190987
2018-07-24,3804,1682,737,36,6152,251365
2018-07-25,4182,1971,1099,62,4624,265447
2018-07-26,3500,1572,862,51,3390,237666
2018-07-27,4741,1507,847,38,3183,326991
2018-07-30,8919,1582,889,38,3531,252058
2018-07-31,5094,1116,1037,36,3442,275208
2018-08-01,3647,1352,1056,179,4675,244835
2018-08-02,3890,1170,886,47,3892,247749
2018-08-03,2837,1026,694,51,2932,201723
2018-08-06,3416,1287,817,65,3590,159467
2018-08-07,3058,1078,1088,58,3720,181012
2018-08-09,2456,884,1005,52,3703,140978
2018-08-10,2889,1653,2508,26,3948,292690
2018-08-13,3007,1486,867,23,4190,270772
2018-08-14,3247,961,1264,18,3870,193568
2018-08-15,4383,1395,1438,20,5112,437746
2018-08-16,2612,1093,687,39,3656,259399
2018-08-17,6209,1015,925,26,3843,244274
2018-08-20,4044,1533,795,15,3443,160489
2018-08-21,3103,1221,695,35,3867,243816
2018-08-23,2829,943,735,23,3628,196814
2018-08-24,3484,1038,1076,18,2919,219986
2018-08-27,3609,2874,778,111,3329,213475
2018-08-29,3798,1791,788,34,3610,207173
2018-08-30,4212,1323,891,21,3075,270414
2018-09-04,5243,2604,869,189,4475,246057
2018-09-06,7222,1085,1356,9,4155,289834
2018-09-07,3977,1167,974,17,4063,309155
2018-09-10,3238,1076,646,33,5474,207002
2018-09-11,4388,1679,760,41,4603,213946
2018-09-12,4507,1775,1269,24,8241,269046
2018-09-13,2843,2373,1121,51,11668,234792
2018-09-14,4349,2989,2135,30,4997,222192
2018-09-17,4059,859,629,15,3467,248359
2018-09-18,3393,1085,1181,29,4228,227465
2018-09-19,2864,1711,1021,32,4038,209305
2018-09-20,5918,1885,1410,52,4823,294670
2018-09-21,3933,2399,1475,27,4746,258387
2018-09-24,4302,1055,1344,40,3613,233334
2018-09-25,3492,1330,1019,29,4653,175808
2018-09-26,3847,2297,1272,43,6556,298739
2018-09-27,2651,1379,828,32,3724,238702
2018-09-28,10873,1616,800,33,3780,267815
2018-10-01,4551,1585,939,190,4417,254454
2018-10-02,4501,2719,739,44,10350,220334
2018-10-03,5660,2331,942,43,5469,258733
2018-10-04,8888,2393,1229,36,5519,478296
