"","date","tradevalMTUM","tradevalQUAL","tradevalVLUE","tradevalSIZE","tradevalUSMV","tradevalSPY"
"1",2013-07-22,89882.25,175874.68,76037.95,84899.25,179879213.19,13435386172.47
"2",2013-07-29,245790.39,59473.36,49110,10754.09,14427969.93,13439438928
"3",2013-08-05,413851,38205.76,22071.38,5448,7589596.7,9196361319.9
"4",2013-08-09,395569.37,4870486.52,5485,27088.96,9804548.34,15557187411.78
"5",2013-08-15,334415.7,1201538.51,10802,10592,17510430.84,25461041255.01
"6",2013-08-19,334473.23,273415.2,85352.94,1068333.35,49926789.41,15946592115.61
"7",2013-08-26,411399.79,877139.57,26518.52,25238,7616356.3,14909528311.43
"8",2013-09-06,330042.86,2050597.9,53925,105640,26494539.51,26508510358.06
"9",2013-09-10,692347.55,209520.04,50619.67,155961.01,23912670.04,17753689487.72
"10",2013-09-19,943124,312801.51,33498,93494,5714162.05,25351639980.31
"11",2013-09-30,722969.62,365117.43,27075,32513.93,6844839.47,24192678822.99
"12",2013-10-02,711603.63,89302.78,16269,10724,12261795.12,19225128334.61
"13",2013-10-03,190195.18,2131161.45,6592.88,11974.81,12853343.45,29715178771.5
"14",2013-10-08,161000.66,1296389.14,166281.68,16011,12522660.71,29711506566.15
"15",2013-10-09,244334.9,428976.12,164901.25,64009.05,12659161.68,27856314836.87
"16",2013-10-11,76126.35,1315418.06,27410,21623,5414080.87,17825648232.49
"17",2013-10-16,646899.23,2341288.53,42670.08,6820.62,6972172.75,27984466725.61
"18",2013-10-21,391719.4,2439008.76,23999.33,11066,6732995.67,18602320674.29
"19",2013-10-28,109793.88,2942052.23,36013.95,33552,12209783.54,15070360896.61
"20",2013-10-29,121351.49,1943814.37,53390.96,19912.17,9245843.26,15441556137.14
"21",2013-11-01,371312.75,782481.29,21470,11188,11413828.77,25328751145.24
"22",2013-11-04,65643.76,2416563.48,11376,28055,10843167.75,15395347573.81
"23",2013-11-11,199895.13,2333967.52,25422,5599.6,4527430.73,11753223624.35
"24",2013-11-21,105530.96,2621150.94,23209,28390.8,6266495.55,16937804486.65
"25",2013-11-25,1164869.09,1767789.85,11667.99,6004.79,17653100.83,14746392614.52
"26",2013-12-03,689122.19,1808105.88,243781,272871.5,14852816.14,21161090327.94
"27",2013-12-06,349811.32,1697382.62,48411.97,12954.53,11258084.47,23267176642.7
"28",2013-12-09,679489.81,1456462.96,8791.85,20050.69,9112599.43,12807823364.11
"29",2013-12-12,631141.37,1034113.79,329039.11,6131.15,11065776.63,20617427909.06
"30",2013-12-13,582275.9,582235.11,88815.06,28195.62,7395177.68,19330267137.8
"31",2013-12-16,455061.53,6907908.78,58611.72,6175.48,22974808.01,17244996800.81
"32",2013-12-18,545993.11,16550284.74,55157.28,12880,22605992.96,42217768560.5
"33",2013-12-23,336491.43,5931103.77,17724.88,8880.78,11223938.01,15652840386.44
"34",2013-12-26,635087.87,12250535.98,21055.83,366176.54,6233230.79,11634923951.56
"35",2013-12-27,516560.24,4250311.05,7304.23,47521.76,9196376.22,11458788248.4
"36",2013-12-31,516167.6,3118318.51,98359.27,78465.02,7647097.58,16118228027.06
"37",2014-01-03,881169.92,4268210.09,49037.73,15759.4,10116553.36,14901707004.32
"38",2014-01-07,341930.4,4839555.24,77736.98,50802.18,16863593.27,16155829697.77
"39",2014-01-09,4521002.34,4071637.12,329524.01,40068.81,29410850.2,16905069527.7
"40",2014-01-13,561819.33,2263195.88,71763.45,29444.6,7581754.5,27487184489.79
"41",2014-01-14,474627.37,1105227.77,75402.57,31520.31,6078958.01,19893475787.14
"42",2014-01-16,390646.94,979870.21,32663.22,40514.94,14307873.56,13414073972.62
"43",2014-01-17,517881.64,1445307.97,18621.93,12857.88,10178015.46,20394733019.92
"44",2014-01-22,648672.7,1452203.88,88354.11,7730.5,6919472.57,11383578245.81
"45",2014-01-24,3053182.99,19664120.93,1154330.51,39694.03,18388847.32,38223672142.58
"46",2014-01-27,507902.21,4094636.07,128491.75,11226,24774539.2,32289066437.53
"47",2014-01-30,620262.97,1312906.71,100770.23,8787.36,58319336.69,21319866509.71
"48",2014-02-04,952486.12,19516919.5,115235.35,103297.44,22223349.02,28994605170.54
"49",2014-02-07,249845.79,1125877.93,185257.41,5626,5671170.23,30576343736.33
"50",2014-02-10,575148.28,1973792.51,220379.1,6895.16,9772409.31,16731084464.07
"51",2014-02-13,327845.43,1273518.72,183727.34,51971.58,5526255.53,18375011153.65
"52",2014-02-19,1340821.88,3038628.02,78499.88,27431.43,12466250.69,23336402297.65
"53",2014-02-21,636017.77,1189769.76,84690.37,9935.74,14114960.27,21834708062.87
"54",2014-03-03,2010412.7,4658424.47,181112.98,80407.76,15439229.27,31175760456.91
"55",2014-03-04,1248802.94,1614277.1,51384.39,33755.86,7037072.68,31890841832.16
"56",2014-03-05,974641.63,1550035.37,17441.4,30953.06,12560956.25,16591453928
"57",2014-03-07,2143141.95,702560.87,67877.79,38791.97,7517837.54,22111062144.42
"58",2014-03-11,2841412.75,301411.57,133289.87,7448.37,5476375.27,18766580597.55
"59",2014-03-18,1466839.21,713657.84,116452.86,19503.61,17043948.16,19134899566.71
"60",2014-03-21,1154397.29,12060044.31,310124,6540.26,9052890.53,30494732528.61
"61",2014-03-24,2733123.07,1405155.17,75730.83,7248.87,7473909.38,22522330866.62
"62",2014-03-27,1280776.07,834386.01,445504.49,137200.47,5713904.6,26334175578.05
"63",2014-03-28,794068.99,1029845.39,125229.66,205135.61,10805537.99,18867754216.25
"64",2014-03-31,646306.09,522561.8,82055.47,22021.12,7805134.42,18643073448.91
"65",2014-04-07,1840434.58,10865020.61,98749.57,11763.98,10563023.83,26045790552.68
"66",2014-04-09,7371782.32,603216.2,61645.08,20403.89,5991073.06,18885319475.13
"67",2014-04-10,3746151.85,732582.62,61741.38,52700.7,8844064.59,32050571809.31
"68",2014-04-11,4206621.77,1627609.97,48423.46,16637.42,5820051.85,30517580002.56
"69",2014-04-15,1683436.49,1581742.12,135874,44040.58,8234342.2,28805187483.58
"70",2014-04-16,974973.02,1419688.57,49804.32,31103.02,6713638.98,19504109555.27
"71",2014-04-17,443430.75,2473000.74,46440.47,54600.6,5374497.08,19731398893.3
"72",2014-04-21,469747.17,2411584.75,12544.33,41753.61,8355532.01,12765563363.17
"73",2014-04-22,7080652.69,1410179.62,41449.87,24190.83,12039366.2,16119747405.49
"74",2014-04-25,986785.35,944931.87,84351.34,63288.04,11574338.01,18774690641.4
"75",2014-04-28,750585.28,1689142.1,50336.41,72437.64,5688388.85,25214311471.47
"76",2014-04-30,453209.01,5166499.72,54630.54,34785.08,15712041.79,19077841073.53
"77",2014-05-01,342088.52,2253891.79,40941.27,343291.59,15850646.1,17515506843.81
"78",2014-05-06,1835385.73,374820.09,58516.75,42139.49,10097236.83,16275488915.33
"79",2014-05-09,544731.96,580223.97,288465.74,331246.46,6172620.73,15713675285.45
"80",2014-05-12,734453.66,527194.54,198235.86,61743.41,14003980.47,16641985950.32
"81",2014-05-13,1124476.74,613143.51,329547.59,119799.39,7363190.49,12627490855.74
"82",2014-05-14,2877570.81,2259521.95,95205.21,40334.55,5756039.99,13709181474.47
"83",2014-05-15,908231.52,1383301.14,25741.97,161690.15,7076948.39,29073796943.51
"84",2014-05-20,1792455.95,3049519.52,2325257.52,968773.17,5939026.09,20981421440.7
"85",2014-05-21,667717.19,693339.53,258574.03,280037.36,5296679.84,16960902578.43
"86",2014-05-22,626988.23,2416128.32,40874.58,366867.54,19107373.68,11668228957.4
"87",2014-05-23,1398371.03,541965.55,79516.93,182381.09,9782363.57,11655248907.79
"88",2014-05-27,1614819.92,1128077.47,182876.05,967909.4,10378677.83,13777927512.94
"89",2014-05-28,688095.53,963420.02,28932.73,393663.53,13307021.07,13018469200.85
"90",2014-05-29,4690708.31,829277.88,214596.3,1015652.16,10381113.82,12354444649.13
"91",2014-06-02,15188348.38,15504185.73,103900.83,1171529.12,7658182.44,12486684089.42
"92",2014-06-04,673382.72,645105.62,302708.55,141011.18,11486245.33,10714604727.25
"93",2014-06-06,449362.76,839100.88,130212.09,24671.99,11701889.02,15760480132.09
"94",2014-06-09,2203394.4,822538.89,33632.92,16653.25,4704249.11,12735288215.18
"95",2014-06-10,427202.09,1092222.82,125604.29,12424.42,7993019.14,11553454726.01
"96",2014-06-18,1031518.05,650300.61,719392,12739.8,19110340.33,20554775463.99
"97",2014-06-20,469302.01,1498486.26,546879.18,430321.96,40960501.3,19717274416.27
"98",2014-06-25,3864733.26,771284.71,3556193.29,97625.26,16176142.89,16153230763.37
"99",2014-06-26,985035.81,574820.54,245169.9,67192.16,12262374.47,16443248225.04
"100",2014-06-27,5689429.8,3151611.14,5420932.42,16441.22,3633162.57,13965909781.11
"101",2014-07-01,1552987.04,1978439.21,42489.83,14126.4,24468398.96,17826616506.56
"102",2014-07-03,641905.62,223812.24,855682.47,48196.98,2899239.46,10573302611.14
"103",2014-07-07,1546908.8,538249.7,356286.45,22905.78,12067357.18,12209025989.66
"104",2014-07-08,1446613.42,1614206.96,455647.44,40871.74,6468137.91,21322831310.1
"105",2014-07-09,389932.8,2004617.14,854153.23,26620.6,17663466.99,14366328597.17
"106",2014-07-10,517609.64,731078.15,44276.5,202918.4,25640398.96,19418524281.54
"107",2014-07-16,1215384.79,720127.22,1430315.94,32069.51,9040650.56,15846838666.52
"108",2014-07-17,182023.26,807057.49,65559.5,97431.18,10256236.09,28608513989.96
"109",2014-07-21,5464384.73,279191.02,61710.75,58691,46168228.98,13317651386.05
"110",2014-07-22,4530374.29,1162096.17,925905.64,2330458.16,10327895.79,13418509548.41
"111",2014-07-24,396762.58,969778.38,139057.2,49251.66,5472002.84,11306867959.61
"112",2014-07-28,1212079.04,1700724.95,108505.11,136272.72,13032549.97,13673596186.28
"113",2014-07-29,1227731.73,607414.52,330599.28,74929.29,8706210.36,15905834939.7
"114",2014-07-30,5069462.08,1122783.77,40318.23,655257.49,10567732.71,20527103955.6
"115",2014-07-31,9317629.42,1780570.94,25806.69,437723.44,12212392.06,35625339054.28
"116",2014-08-05,1177973.84,649969.47,38097.85,550984.4,9384769.06,29378316484.38
"117",2014-08-06,594927.94,754104.02,74987.58,1209363.48,16512245.84,18221413003.69
"118",2014-08-07,335270.11,1171865.97,43748.97,1060597.12,7227685.99,26015022411.76
"119",2014-08-08,11229372.89,11529087.13,10049130.16,10079612.12,8065867.23,22492040345.38
"120",2014-08-11,558077.07,935678.61,24086.3,739877.05,12127068.32,14470787828.25
"121",2014-08-12,327265.11,601773.02,307338.63,649632.73,11940763.04,14248676385.16
"122",2014-08-13,2303629.43,2565311.84,77477.73,48148.17,5565717.58,13415341069.72
"123",2014-08-14,288362.4,508983.15,242066.39,49566.17,7024205.81,11211899838.18
"124",2014-08-15,693722.52,1630055.63,478090.51,12506.83,10280696.65,27356602312.56
"125",2014-08-18,1341435.57,2953461.71,672644.02,563581.43,12090052.02,14874421593.09
"126",2014-08-19,1108831.8,1532224.83,594836.03,83074.71,16478773.9,11719958359.48
"127",2014-08-20,527100.9,1397963.82,42308.34,126781.96,16555132.93,14454237222.24
"128",2014-08-21,617864.69,1059149.31,32558.47,24068.2,20102184.88,13518777030.62
"129",2014-08-22,488387.99,817383.12,104083.3,700248.47,5572570.26,15165550015.29
"130",2014-08-25,1189508.68,547057.32,901461.71,252668.49,6166294.25,12781876483.76
"131",2014-08-26,1433435.64,762904.49,59510.54,30766.01,7138582.99,9483689179.6
"132",2014-08-29,1014575.03,424462.75,25908.21,291228.14,13762362.71,13210867768.71
"133",2014-09-02,1620857.45,3683209.9,123021.54,4637741.22,24375208.39,14519395286.31
"134",2014-09-04,453737.34,1281419,131048.11,243641.16,9009524.91,17107022013.32
"135",2014-09-05,415644.34,639615.73,212442.18,248789.82,6721987,20478429525.47
"136",2014-09-09,1060705.99,403220.81,42111.4,909326.83,7370173.86,17695675952.4
"137",2014-09-12,1550512.83,31271644.9,72771067.82,166251.68,61999438.4,23408481863.19
"138",2014-09-15,9359724.41,4885725.21,216767.91,238304.51,39176278.01,15192223616.55
"139",2014-09-16,5053651.31,1262759.82,24486.2,330774.42,9855172.15,23240307545.81
"140",2014-09-18,3731804.47,32874385.74,75935551.55,207674.45,6019418.89,19149917572.96
"141",2014-09-22,6176598.93,563716.2,52858.82,64310.48,13587435.33,25022895560.92
"142",2014-09-23,2786074.92,1106458.48,71651.89,125502.1,10842059.18,22121077565.3
"143",2014-09-24,2690949.42,967791.44,26933.52,90787.6,7534688.44,21320581469.48
"144",2014-09-25,4919505.79,3358744.9,1120403.28,98062.7,11890777.48,29627382149.7
"145",2014-09-30,1714933.58,687938.74,66912.32,6814.29,23322600.88,25913065670.61
"146",2014-10-01,9179780.25,13808383.75,11425465.85,109766.87,35081710.75,34688148274.18
"147",2014-10-02,2970307.45,4742269.06,63205.44,13988.6,36331479.67,30503768031.2
"148",2014-10-03,2036638.41,1243849.08,34524.97,190631.61,18122493.33,23862653917.9
"149",2014-10-06,8342268.2,954723.57,6783397.86,6698454.72,14112446.14,20594673888.09
"150",2014-10-07,3318651.62,7386025.27,136157.8,15534.64,22371079.87,28777689114.03
"151",2014-10-08,1807340.71,2252974.56,226931.07,58309.15,27581608.45,36285110297.93
"152",2014-10-09,5338518.13,12939810.25,2675735.67,2606110.05,34374761.25,40892539476.34
"153",2014-10-10,1296128.38,5852763.95,101772075.11,134074.31,32939477.22,42626273281.18
"154",2014-10-14,4269814.71,4094636.07,220133.18,234668.84,38088469.25,40658252237.99
"155",2014-10-15,5528953.25,5426237.78,1720197.47,1387320.68,37242249.8,70332962420.74
"156",2014-10-16,1599175.17,1943179.71,753725.67,151362.96,37790372.62,50209843895.21
"157",2014-10-20,785143.14,1922796.36,97823.93,98268.22,13771599.7,24635819681.25
"158",2014-10-22,13138526.78,10824816.84,10477395.17,11184460.96,22847518.99,29421767727.53
"159",2014-10-23,940609.95,1233752.01,51094.3,769745.51,25926869.87,30244801661.94
"160",2014-10-24,856648.57,598640.68,116084.8,339757.82,164227140.54,23080190667.5
"161",2014-10-28,866716.67,3748245.5,22750.26,56149.46,59037783.65,21082235411.97
"162",2014-10-30,5298420.89,5493444.12,5339814.58,3792383.46,18952746.84,22525823019.18
"163",2014-10-31,4520928.96,5180195.11,2199084.95,2277901.13,149024551.01,29578954408.88
"164",2014-11-03,5775320.66,4213416.54,2025526.28,2056560.77,35992921.65,18918285500.9
"165",2014-11-04,1492224.07,1005951.67,81617.03,34933.7,47167723.39,18757016163.08
"166",2014-11-05,1117608.2,4372306.92,189120.11,50385.69,22473165.71,18530092739.89
"167",2014-11-10,612250.34,1435471.54,25228.48,2183646.96,15732903.59,13508059537.71
"168",2014-11-12,929008.58,634602.74,46185.54,132169.88,18952746.84,18373297673.2
"169",2014-11-17,4627529.32,11146293.2,6133764.58,68617.19,10255538.3,16425367826.75
"170",2014-11-19,4377155.43,1299066.85,7600173.51,113707.44,20599255.49,16882064172.41
"171",2014-11-25,1607902.46,13024884.49,753978.17,186698.89,19330268.62,16397243417.05
"172",2014-11-26,1490421.72,2187786.87,846250.94,72246.25,18531470.55,12893157577.85
"173",2014-11-28,1019784.44,508037.98,116465.96,27906.72,10713546.59,12006319384.33
"174",2014-12-01,1958921.21,1922355.81,120637.04,24334.52,24197930.01,21500076607.44
"175",2014-12-02,2408844.94,4037155.38,1090290.71,998296.93,34088997.33,15401395665.67
"176",2014-12-03,1142340.8,6596114.06,46150.74,58558.53,25630432.82,14318720678.9
"177",2014-12-08,4189367.22,8415337.76,139109.49,332355.1,28302602.4,22474749236.54
"178",2014-12-10,1504020.05,1393309.27,760026.77,55461.21,22878815.44,32650055904.8
"179",2014-12-11,2022124.19,1506747.71,212327.67,172833,18708735.02,32612272489.53
"180",2014-12-12,3014761.21,895469.56,11760.82,93021.84,37086216.36,40933112792.33
"181",2014-12-15,1476655.82,2404523.28,606458.17,413118.09,23597831.24,38064706868.61
"182",2014-12-18,1259125.67,1358924.48,294397.34,116036.95,247130185.58,52894893979.38
"183",2014-12-19,3906368.18,1898007.89,45098.43,22714.8,20695850.09,50587244327.07
"184",2014-12-23,2248349.86,1004904.68,32493.59,48671.69,31678577.72,25402225915.92
"185",2014-12-26,2489592.04,1839146.95,5202324.47,3123530.57,8964191.6,11959000387.94
"186",2014-12-29,6894835.94,1149074.72,136606.36,3343053.94,25792159.84,16624481795.45
"187",2014-12-30,14377655.82,2144672.75,170692.07,814212.33,31172728.78,15291038698.53
"188",2014-12-31,1778062.45,1901501.02,1365153.66,1107044.86,16866479.98,26958401680.94
"189",2015-01-02,920933.69,1847307.83,18309.23,65145.92,24422875.34,24947362033.73
"190",2015-01-06,4917558.96,1633503.75,61664.77,67164.24,43938967.42,41954248358.49
"191",2015-01-07,13045779.2,1137874.99,112022.04,1345912.89,27767293.74,25308387124.37
"192",2015-01-08,7509767.65,31953753.16,72288511.08,198400.54,30103928.07,30247503254.83
"193",2015-01-09,3224299.34,4250282.34,172499.58,1079562.36,35210470.14,32435319321.89
"194",2015-01-12,2859694.4,2584373.03,153476.36,96037.47,23038336.93,29270468116.77
"195",2015-01-13,3098530.09,33215834.18,72247953.15,50593.6,74315712.26,43528053142.19
"196",2015-01-14,4818902.7,3109481.62,204497.42,436795.43,33692608.9,38623316891.51
"197",2015-01-15,2980017.26,5624246.45,25316,1262978.04,56018477.84,35315317143.1
"198",2015-01-16,2501774.4,1988087.08,360045.59,34129.87,41101412.12,42460104580.9
"199",2015-01-20,6307618.51,16729760.85,74195.34,138687.76,36522392.56,26384975888.52
"200",2015-01-21,1906273.2,2253735.6,176600.65,120085.3,57645982.96,24908102935.91
"201",2015-01-22,15542165.73,15608545.23,13712425.4,12702902.95,44569166.35,35696377265.68
"202",2015-01-23,2820776.61,2148576.42,114625.26,102674.25,61930927.42,24149075073.45
"203",2015-01-26,2790856,1649263.28,31492.94,218146.31,32201906.93,18855598748.37
"204",2015-01-27,2126602.73,103022855.16,61235.17,187596.52,308812395.83,27200646439.5
"205",2015-01-28,3341945.32,4363940,429915.78,44048.32,66417197.8,34064589829.68
"206",2015-01-29,4198768.14,1597656.4,888776.65,271366.59,61264027.14,34769914308.7
"207",2015-01-30,2134441.18,2645240.67,21771.76,76276.83,60729536.82,39650934340.2
"208",2015-02-02,5333576.89,6532753.58,34551.7,212941.3,50065953.63,32600074251.19
"209",2015-02-03,3620693.84,2518315.35,491059.48,1983795.69,37292858.92,25310310734.14
"210",2015-02-04,3324581.16,6224362.82,1801897.1,141846.19,90292974.45,27447328540.4
"211",2015-02-05,8547380.55,2443723.4,219365.8,484991.83,71316995.02,20150031731.9
"212",2015-02-06,1483414.43,1797606.07,38521.17,9924.18,41202956.52,25915783337.51
"213",2015-02-10,1834085.26,5115553.45,403149.6,31579.39,49476215.2,19808860536.99
"214",2015-02-11,5903022.46,6561341.94,241493.98,61935.65,33078908.13,18825148414.54
"215",2015-02-12,2879755.55,3821374.67,28714.74,336656.16,27289156.78,20333608069.56
"216",2015-02-13,1512130.76,3671750.59,27378.11,157423.43,31745556.74,19612349506.06
"217",2015-02-17,1167629.53,11936880.85,60979.15,48715.05,88933765.89,16146904011.34
"218",2015-02-18,1712596.65,1591234.55,95315.15,39630.58,57610119.59,16922018089
"219",2015-02-20,2390412.36,1813501.55,173510.74,29789.57,34766572.94,29625221282.56
"220",2015-02-23,1475587.54,2218443.66,24644.05,31428.1,37258585.08,15694264585.19
"221",2015-02-24,6593465.36,2026298.05,50645.81,440083.6,35608359.39,15331420850.71
"222",2015-02-25,1965479.03,1641922.6,375877,185670.59,29219223,15464756796.57
"223",2015-03-02,2836540.32,2076892.68,70978.45,81126.88,80932677.23,18512418340.03
"224",2015-03-03,3969026.21,5977159.19,539277.53,122139.81,55107933.62,23266473607.64
"225",2015-03-04,2301000.79,3308849.22,46222.95,123845.82,73978391.72,24036529249.28
"226",2015-03-05,2085515.28,2352386.63,91730.41,587156.63,34655315.21,16177471473.66
"227",2015-03-06,2557392.82,3287317.8,454534.56,52415.71,40880092.6,39174402904.99
"228",2015-03-09,1721031.16,18621191.46,9874665.29,28697.76,24051766.14,18702276903.4
"229",2015-03-10,2485621.28,2507600.61,238223.16,198821.91,92745700.26,32322934688.59
"230",2015-03-11,2433003.03,1811209.42,166527.57,207163.92,50785734.9,22572513354.58
"231",2015-03-12,2152563.84,1671298.88,89230.77,30657.08,35554486.72,19411474506.64
"232",2015-03-13,1092869.69,1569134.47,749963.95,146753.42,29253491.32,33378633621
"233",2015-03-16,1350999.49,2115958.59,153812.48,88041.36,22184088.2,28303221176.52
"234",2015-03-17,1423736.2,2781159.93,233092.05,100699.2,31858107.63,19634619181.21
"235",2015-03-18,1592137.57,2287351.91,46831.33,929670.81,23652686.88,47874805746.76
"236",2015-03-19,1055449.03,3188815.13,972160.29,129629.91,38163431.94,24718328823.79
"237",2015-03-20,1515920.84,2137689.43,273372.94,113576.04,30619046.12,37399394703.41
"238",2015-03-23,2715299.82,1113347.92,119219.4,1968866.74,26706847.15,15116372659.7
"239",2015-03-24,1908382.89,1058781.26,170455.31,328312.84,50197871.07,16302258306.26
"240",2015-03-25,1877573.9,1629648.17,93483.78,52974.93,33891578.73,33040945893.15
"241",2015-03-26,1760953.29,55691576.83,537339.33,154781.64,28535963.3,31422716233.84
"242",2015-03-27,1677469.15,6005342.77,70104.53,84736.67,20288697.08,24450572975.94
"243",2015-03-30,1701593.81,2569295.49,552847.54,57009.17,36042637.35,20009513560.69
"244",2015-04-01,5359875.53,5355620.55,1152740.16,1429277.44,49634795.61,28202135558.06
"245",2015-04-02,969985.76,3228648.75,53950.09,2299376.83,20308933.89,17936302418.24
"246",2015-04-06,1796265.04,2208329.62,94454.55,204524.06,26252542.25,23734077755.52
"247",2015-04-07,5787271.53,2344125.1,263700.09,67161.01,66907943.99,16910118297.5
"248",2015-04-08,1296618.99,1857137.98,707556.61,14082.62,33271789.41,18574753781.44
"249",2015-04-09,1117696.34,2630236.64,106059.95,182446.72,100438385.49,17817486270.4
"250",2015-04-10,3919056.76,1165657.99,75246.07,448947.77,47986203.26,15251155860.5
"251",2015-04-13,2641453.83,1718661.66,151568.57,932095.58,99270060.32,15618561121.86
"252",2015-04-14,8542956.92,4917551.63,104138.93,114674.82,55522439.81,15701550069.57
"253",2015-04-16,7850729.2,13955158.67,7618992.78,59498.93,40541878.39,14500007252.47
"254",2015-04-17,2007177.33,4590709.55,386554.91,98766.24,26212096.19,39747453607.9
"255",2015-04-20,5123490.64,1921478.1,68907.66,119130.15,22738969.5,19346276953.98
"256",2015-04-22,2336456.3,1999208.42,19347.21,35721.7,39934090.67,16445541837.37
"257",2015-04-23,823190.98,3224124.3,37147.22,16298.82,41598208.72,21662034381.72
"258",2015-04-24,1007029.9,15917724.96,26553253.57,16964.64,59730947.53,12976345772.52
"259",2015-04-27,1602946.03,36471671.06,84615.53,837672.52,26043501.71,16776536546.52
"260",2015-04-28,2115200.46,13046305.35,44682.62,39087.74,39298349,18304845439.65
"261",2015-04-29,6846782.01,2873427.63,4866153.46,78062.42,23996910.25,26460973772.99
"262",2015-04-30,1591920.68,36997805.98,417835.18,33440586.94,60379619.86,33706822767.56
"263",2015-05-01,1550140.44,2730554.54,51502.62,23693.2,31958753.72,21719111053.35
"264",2015-05-04,1028670.72,63376117.92,76839.46,77151.88,26221471.21,15005507691.07
"265",2015-05-05,952143.69,5068874.44,45648.91,415727.63,47552042.36,23768233429.76
"266",2015-05-06,1703012.83,1494871.92,195634.37,74261.26,18281708.44,28087776739.35
"267",2015-05-07,2685129.69,7381232.48,47152.72,453483.1,40821333.32,18404832472.83
"268",2015-05-08,1337477.56,1054273.57,36709.13,233586.23,66205151.62,32963784261.42
"269",2015-05-12,1008171.91,2511660.38,32800.55,18359,25553419.41,25112305688.7
"270",2015-05-13,1345219.52,1960017.59,559605.92,52168.85,18264347.45,19905894358.17
"271",2015-05-15,3963011.07,1162211.61,46221.6,13182.98,16674757.57,16237178180.34
"272",2015-05-18,1446531.05,1964449.77,86277.74,19550.68,18803611.05,15868238162.32
"273",2015-05-20,2533352.63,904563.53,19401.1,40465.81,24268645.98,16371381346.52
"274",2015-05-21,2486197.97,2399890.8,275828.33,38724.74,13265883.94,13815728093.51
"275",2015-05-22,2321194,1990424.91,88342.18,155419.58,15646167.75,12244140949.12
"276",2015-05-26,1597564.55,1293519.31,163773.9,66698.83,19875897.73,26219424228.97
"277",2015-05-27,995570.95,5545148.69,72486.01,35544.21,17523316.41,19783430610.94
"278",2015-05-28,773000.34,2428355.69,45192.04,879218.9,19679724.04,15905684436.16
"279",2015-05-29,3626231.42,1727584.93,45761.98,63866.75,18517475.28,26416865189.13
"280",2015-06-03,1775072.45,2362141.65,67863.8,48823.05,34508419.76,18615243428.11
"281",2015-06-05,1174396.16,1450429.33,94782.69,38220.88,34784111.4,25538353673.26
"282",2015-06-08,755184.92,1212675.47,79246.02,32218.55,36000445.66,18612676292.97
"283",2015-06-09,1495544,2891511.22,82535.58,79807.08,22968358.95,21895641448.72
"284",2015-06-10,723611.81,1734652.3,249032.32,104317.6,24860002.66,28364208901.67
"285",2015-06-11,1541889.44,1340279.93,317396.05,13406,19118391.98,15632119809.28
"286",2015-06-12,942266.04,1543956.36,432830.05,149707,59457058.22,28450141025.35
"287",2015-06-15,869242.43,1759444.17,144260.69,58724.81,24424862.91,25965693085.9
"288",2015-06-16,1238553.65,2348974.5,72071.6,46251.77,85072005.77,17890494673.81
"289",2015-06-18,1289767.26,2475295.5,204916.73,16618.53,25630095.41,35262463407.32
"290",2015-06-19,7635025.73,1656035.66,50745.76,34087.82,19667404.33,27538279262.13
"291",2015-06-22,1041685.45,1800055.75,180266.05,52444.14,32896771.01,14990138482.47
"292",2015-06-24,1695637.04,941435.62,19023.17,22405.6,31645868.47,19488230205.68
"293",2015-06-29,3901288.54,2725877.43,152211.59,16782.1,58585619.01,41922348727.89
"294",2015-06-30,1223730.71,3328024.11,108068.18,35736.78,26755350.26,37722910297.45
"295",2015-07-01,2751862.04,1892898.31,64695.64,7637.44,101843211.38,28185683028.75
"296",2015-07-07,14853508.34,1024487.37,594552.59,155612.23,49272760.28,35824932140.33
"297",2015-07-08,3555575.12,1667200.26,15887724.2,40625.7,111304967.25,33669941759.79
"298",2015-07-10,8770118.92,2652599.73,633981.79,78017.76,41807726.6,26839371516.39
"299",2015-07-14,4005470.68,3265936.26,135377.39,37546.7,26483846.89,17202454995.64
"300",2015-07-15,4286025.78,3905449.77,225067.68,14288.78,26231548.43,20629464079.42
"301",2015-07-20,31674651.5,10264967.47,226750.64,237418.14,22250840.26,14986102707.21
"302",2015-07-21,7024410.32,6960708.28,178552.84,156691.4,58407524.86,16523678845.77
"303",2015-07-27,8722808.26,2928986.5,714261.54,116467.47,28274906.24,27368605885.07
"304",2015-07-28,2754406.9,1536819.39,18113.88,36401.36,19407987.89,25738425941.05
"305",2015-07-31,3087334.83,31583534.59,22191.12,13392,17659726.96,21759345910.51
"306",2015-08-03,20579344.65,11152534.91,210755.29,40020,29283127.73,23881444680.54
"307",2015-08-05,10219746.12,7638640.9,524732.95,2211254.83,33728014.53,18059163942.64
"308",2015-08-06,15202908.23,4451765.06,854945.13,76751.52,49799428.67,24201782514.35
"309",2015-08-10,10358996.18,2538643.91,92967.35,204139.85,17469700.52,16871751114.28
"310",2015-08-11,4010235.94,2389142.61,85810.82,107726.3,93817686.91,26298286108.72
"311",2015-08-12,8648316.92,7374367.53,92727.96,37510.8,44296623.1,35659186269.86
"312",2015-08-13,8335560.44,2319516.87,36491.05,6670.2,31375394.81,18666695765.78
"313",2015-08-14,5516876.82,2252206.78,42767.02,32281.95,40185788.64,15214559577.39
"314",2015-08-17,16281242.78,1610433,167562.58,88360.89,38928065.13,16580725826.34
"315",2015-08-18,5633006.57,5658252.95,180395.97,3763373.31,250553353.18,15062100548.44
"316",2015-08-19,11513093.42,9098831.7,53601.12,7256326.38,56288137.04,36041181133.61
"317",2015-08-20,6535280.95,2172855.29,204722.88,430063.66,257829640.14,39921737189.87
"318",2015-08-21,8210143.86,7851360.47,753407.52,1275504.93,222663696.74,69384695589.65
"319",2015-08-24,17556178.28,8265510.33,1975079.45,397095.27,244007515.18,97164950817.47
"320",2015-08-25,7363863.68,7248316.78,1976641.1,121201.84,97983030.71,71110400049.66
"321",2015-08-26,8713463.58,5028725.75,607801.14,181226.14,83164420.06,64916426661.91
"322",2015-08-27,20703040.59,5352422.41,153244.46,328102.7,77227240.17,54193603751.14
"323",2015-08-28,7899635.76,2873305.23,499044.58,53576.4,48727054.54,31891618634.63
"324",2015-08-31,37225787.98,4050797.45,30452.28,144552,66963686.36,32326648638.85
"325",2015-09-01,50752067.64,3516753.77,1141846.04,1366197.79,84603670.6,49393772402.1
"326",2015-09-02,4424654.8,4746220.66,1353914.64,10899,66964728.86,31071431388.17
"327",2015-09-03,4710315.81,3151790.04,565804.92,19995.84,63614082.37,29869100137.25
"328",2015-09-04,22496943.27,26744228.21,420714.88,83576,55414662.95,39916540457.61
"329",2015-09-08,9451528.11,4934547.19,624241.41,22039.35,52937455.58,22791684393.81
"330",2015-09-14,4783643.57,3016580.55,276636.33,34023.34,43581159.1,15569313975.07
"331",2015-09-17,21765286.07,4066383.15,1917343.47,95986.11,54997441.23,55397818720.54
"332",2015-09-18,2725716.01,3259121.88,493533.55,187984.36,34989274.66,43871309321.03
"333",2015-09-22,7793525.24,3470215.53,1475949.44,12798.68,68389056.81,29779340159.8
"334",2015-09-23,6189963.66,5252219.26,1389622.64,34086.53,29457725.85,17974388880.5
"335",2015-09-24,5213209.33,4259590.1,939663.11,26919.56,90180206.82,30595553642.61
"336",2015-09-25,4614414.9,31410622.76,23183703.27,4468171.04,62757649.75,30026298800.29
"337",2015-09-28,6587825.64,14283580.62,673589.43,16143.63,54013339.27,33774909134.59
"338",2015-09-29,6362013.5,94350737.08,556348.6,38516.9,59983147.09,29940009883.58
"339",2015-09-30,31958038.54,21247535.26,12875235.67,343747.58,46491685.63,31204266529.6
"340",2015-10-01,48990573.95,3003075.8,1763843.75,16452038.9,62862747.19,25059725229.97
"341",2015-10-02,7650903.26,6935043.7,4260020.31,5284648.5,80231037.41,40581644609.91
"342",2015-10-05,9259169.52,3521369.6,310735.99,282936.4,50040112.1,24982123139.93
"343",2015-10-06,9908828.37,2513173.75,798204.76,304554.26,37127311.86,21824677813.68
"344",2015-10-07,21973835.79,10007913.79,695025.41,265947.97,113852492.23,24707477316.15
"345",2015-10-08,72926829.51,6580392.42,419897.55,270387.17,59736583.86,30610999058.99
"346",2015-10-09,11477448.77,40638147.58,1002370.98,18165.24,41214302.59,21552305979.61
"347",2015-10-13,4170734.3,2724132.07,13995053.69,79426.66,74458655.08,17695488532.8
"348",2015-10-15,4971764.56,3363472.86,581500.28,63028.25,91779459.29,26981802832.55
"349",2015-10-16,5277738.01,5631179.99,105410.95,6486,50178675.03,23232228427.51
"350",2015-10-19,5472550.52,55964466.62,4453373.24,45420.75,110691669.38,15525566147.62
"351",2015-10-20,6061710.42,3929813.92,714561.08,72677.02,38859582.33,15934180166.76
"352",2015-10-21,6630350.97,20157946.46,565762.5,24525.78,35681573.62,20686417566.21
"353",2015-10-22,24249012.28,30299707.14,470500.6,15219.2,53899142.03,35789939661.14
"354",2015-10-23,16325199.05,6644006.78,369185.55,16424.74,98759000.38,29934632524.63
"355",2015-10-26,12240220.69,8703935.35,1098905.46,129872.19,92745191.67,14291899162.06
"356",2015-10-27,7248253.96,14735055.71,178670.99,14122.08,94164540.48,16074229122.83
"357",2015-10-28,6035189.81,32917437.98,737764.84,6585,75524325.03,28220867678.65
"358",2015-10-30,6444549.13,21555889.86,182659.1,12798.28,41752198.6,27351230922.13
"359",2015-11-02,21020601.01,20023807.67,251980.58,876462.92,89657931.91,18084632029.45
"360",2015-11-03,8569785.43,25697673.15,871093.58,15289.89,66095071.89,20077290665.77
"361",2015-11-05,6690808.81,16968702.1,148384.61,66822.93,40396581.1,16466741625.77
"362",2015-11-11,4587749.92,3104513.74,78074.99,22637.81,44976255.38,14126300603.36
"363",2015-11-12,19377796.11,24968264.35,183123.78,114595,58834131.03,24987836206.62
"364",2015-11-18,8306421.09,15105411.59,577410.92,103612.23,47839827.99,25168809319.84
"365",2015-11-19,8135723.56,8097863.98,102934.88,120329.33,49287018.2,18406138024.29
"366",2015-11-24,6548294.14,20138594.06,94819.06,19653.27,56162945.52,20647288092.22
"367",2015-11-25,11950089,38415127.56,151545.8,52968,33947511.93,10888769509.08
"368",2015-11-27,5611598.18,4798617.32,1318256.85,10782.45,19357556.99,7815481189.5
"369",2015-11-30,6264701.16,20627457.85,397763.64,52416.5,52535423.72,23583658423.28
"370",2015-12-01,6838319.13,23688505.65,242970.55,79601.02,183707939.22,20549068035.8
"371",2015-12-02,12336677.71,82700885.98,197334.42,159123.64,96784847.4,22715891161.7
"372",2015-12-03,19255721.7,8222398.08,44901.46,97389.87,68466262.8,34337170500.87
"373",2015-12-07,18325666.62,12561874.39,133658.32,2446112.33,76913243.61,21232215218.33
"374",2015-12-08,6078279.7,4940883.92,175154.01,104346.29,62971278.91,21387259569.86
"375",2015-12-09,9786701.05,9586583.88,123168.21,367750.32,173373773.33,33449463744.29
"376",2015-12-10,9270620.51,6799855.12,4520350.11,42662.03,113173003.21,23944530979.16
"377",2015-12-11,10381581.2,7034109.81,1006557.66,414806.2,73928483.67,42791837023.83
"378",2015-12-14,36580588.07,10021618.9,285405.56,245255.28,104122143.22,36779810661.33
"379",2015-12-15,17548786.14,11983573.4,4708404.18,46599.9,61273688.53,31635084265.59
"380",2015-12-16,26107170.75,5703309.15,247299.43,108517.85,90689163.62,40725452118.41
"381",2015-12-17,41559474.58,26795973.43,1574493.35,243779.99,155676969.73,35702597610.13
"382",2015-12-18,14117851.26,10072556.09,426097.75,95344.09,71775389.59,50627925552.67
"383",2015-12-21,16591928.24,8661616.11,1984622.59,63556.27,74617451.31,19922173211.28
"384",2015-12-22,49914177.11,51727219.51,231698.05,19844.81,55188670.12,22517887450.98
"385",2015-12-23,15670675.24,31120261.56,531603.36,176153.1,81337302.78,22800794923.79
"386",2015-12-28,28362813.99,11338194.27,35253.5,80260.46,53024362.88,13490062235.88
"387",2015-12-29,11071980.79,9305794.17,502410.98,64422.23,60333333.99,19200639811.2
"388",2015-12-30,15528926.24,5221249.31,205899.41,44723.48,61872269.34,13080481956.4
"389",2016-01-04,35334512.05,12420778.34,260100.45,79075.74,122294837.87,44411094929.3
"390",2016-01-06,18817693.77,11358602.37,223920.52,121267.74,114238990.1,30246566674.9
"391",2016-01-07,14980096.82,10251798.51,294278.14,9267,111828373.67,41666094806.73
"392",2016-01-08,39941580.53,33230000.35,51884.78,768477.32,150700600.5,40641147005.65
"393",2016-01-11,32127192.86,16803834.28,13634907.83,9629282.01,151819248.04,36026920445.93
"394",2016-01-12,14907046.46,20978881.33,5952507.68,2578209.6,121044697.84,33237514300.78
"395",2016-01-13,23478949.03,12955336.84,7193215.73,215553.99,163631098.9,42254064201.28
"396",2016-01-14,23966396.13,19005312.8,945288.78,316997.45,173902721.26,45972693576.75
"397",2016-01-15,21776266.42,39373425.44,1917024.57,21391.2,139590441.99,60874587591.4
"398",2016-01-20,59815393.6,50379272.1,8983038.58,98246.03,192189632.87,52732584728.76
"399",2016-01-21,64200015.45,83460440.48,3392172.31,58328.05,137376650.48,36614346780.02
"400",2016-01-22,54904927.52,42457301.88,214963.3,139497.49,296208895.16,31971184275.1
"401",2016-01-25,33908945.18,13770977.13,2871591.83,77303.35,69928356.14,24634710334.41
"402",2016-01-26,25682163.19,18631182.4,110420.63,78324.38,137756151.79,26749639342.08
"403",2016-01-27,36145255.87,46322219.25,299679.73,198192.44,234513877.11,35150499867.94
"404",2016-01-28,19201791.91,20307519.31,4036544.32,48828.33,134725361.51,27171603448.01
"405",2016-01-29,21112731.82,22325090.59,6867702.2,48836,115771844.52,40488936845.96
"406",2016-02-01,30168278.48,21297300.91,656524.76,9147.88,135647474.62,26286436715.32
"407",2016-02-02,53160634.45,41721344.79,135524.78,19407.66,139075991.07,34811602846.27
"408",2016-02-03,42157892.55,13055925.39,887449.26,100963.17,281076616.49,38861324362.71
"409",2016-02-04,27805123.82,30240074.78,10542919.31,19864.5,197510565.38,26690576977.47
"410",2016-02-05,28436159.91,40896403.04,1637874.7,24389.82,207720719.32,34103324463.56
"411",2016-02-08,40629901.84,36402436.44,1609429.69,286959.95,169038062.19,35308339817.78
"412",2016-02-09,39773639.41,9272861.29,1041544.9,41493.05,229906066.93,34145852599.6
"413",2016-02-10,44344062.87,21781209.78,758744.56,254499.98,201152034.9,27666961802.57
"414",2016-02-11,19904160.36,21059725.82,338939.55,109461.63,212188196.2,40007607632.03
"415",2016-02-12,33469033.14,32191928.42,12725681.11,11634.91,184862240.03,23684023449.95
"416",2016-02-16,9820559,7859581.91,418322.34,158615.88,148382062.28,22728883834.62
"417",2016-02-17,13984262.01,12332190.68,147475,35499.56,156846097.1,26175939856.9
"418",2016-02-18,8572054.6,31028308.96,362446.96,76170.78,244154783.55,19686552245.41
"419",2016-02-19,6311846.16,7698220.73,18587806.84,33346.92,796191099.52,21985181186.04
"420",2016-02-22,13105095.23,13101835.26,1859763.16,22651.83,281670111.86,20162216503.34
"421",2016-02-23,8191326.71,66248526.82,588408.56,31926.82,206551190.3,21509950602.13
"422",2016-02-24,7593622.59,7558645.75,213042,18757.67,190884980.68,28850192600.93
"423",2016-02-26,7558759.1,60887876.08,1632307.52,53365.83,178812347.43,25411874938.47
"424",2016-02-29,16869223.66,10985916.62,505935.11,14785.08,176411989.01,24527707340.37
"425",2016-03-01,20838814.81,8122105.96,688556.29,69676.34,148207256.65,27912467217.72
"426",2016-03-03,18966074.45,15976861.99,416670.37,126930.15,156946944.7,18933698772.93
"427",2016-03-07,23493957.46,7032801.11,6301820.61,144321.05,164540085.52,20060048406.8
"428",2016-03-09,5317748.93,6647454.58,1161949,17680.56,199651541.42,18884350626.55
"429",2016-03-10,8805006.82,10948868.07,740121.14,27689.24,235781691.48,31221617804.84
"430",2016-03-16,20204223.6,7916111.72,1244553.66,120826.79,179291319.79,26218647080.13
"431",2016-03-17,32641174.31,45166723.51,1711451.19,85365.71,173403243.98,27406552997.15
"432",2016-03-18,13504081.6,6841847.77,773461.52,211654.34,220408275.19,28279317370.93
"433",2016-03-21,16912560.53,5341561.97,593492.85,52745.57,145339536.83,14910898721.33
"434",2016-03-22,20692902.93,50023064.56,663942.6,49384.51,139401928.76,19943310702.99
"435",2016-03-23,5916991.44,5758802.94,1196101.4,33022.96,128647792.67,16507046857.09
"436",2016-03-28,18936810.19,8039544.21,2043434.71,43595.07,174494233.83,12688746737.39
"437",2016-03-30,10489463.67,32599005.78,3008298.94,106738.44,153433441.06,17814232128.01
"438",2016-04-01,26946305.25,16798849.15,520514.1,26677.16,189428065.52,23570602790.78
"439",2016-04-04,30620322.17,10123620.34,522483.84,85988.49,169428070.54,13106324793.33
"440",2016-04-05,22475834.9,8722770.94,704761.11,22870.56,185469569.93,20385884153.7
"441",2016-04-07,24015554.53,13165277.32,543440.76,19999.56,213110357.23,23246980784.35
"442",2016-04-08,25181290.45,5009607.61,327036,19327.85,193565321.59,19467726142.75
"443",2016-04-11,13167816.15,10612847.08,257774.78,97733.92,149056634.54,17166088379.95
"444",2016-04-12,56573147.7,27944628,674124.86,311882.5,502415043.42,23678737942.71
"445",2016-04-13,13952871.66,11952373.79,4084695.39,58564.24,228504030.76,19990080071.19
"446",2016-04-18,14956680.71,16321198.31,465137.91,128539.19,134624989.17,17222897954.3
"447",2016-04-19,16520862.38,41201239.89,630747.89,154809.12,213172625.1,18519786816.46
"448",2016-04-20,13691707.96,17669308.79,3652434.34,55535.07,127531915.99,17048934691.08
"449",2016-04-21,13198387.55,67290635.08,259917.39,1929649.54,244638719.95,17940866810.65
"450",2016-04-25,10180019.5,11800749.26,342499.49,49481.49,106205626.09,13770010830.41
"451",2016-04-26,12596145.4,44912581.93,13578072.64,170236.4,110452442.62,15845578646.21
"452",2016-04-27,19095596.63,6266886.69,7426896.47,55507.47,107996920.28,16159253135.96
"453",2016-04-28,12691427.33,11072706.69,621132.19,71021.43,114878907.21,20255666310.63
"454",2016-04-29,24212487.73,19293776.75,139898.79,55462.82,176064885.89,29323804694.13
"455",2016-05-02,25813687.14,22345955.48,567888.72,54872.49,108421008.42,12890325032.89
"456",2016-05-03,12931749.21,6207130.3,9880912.09,11991.6,176527298.99,21919613637.1
"457",2016-05-04,10679258.8,8657231.07,2023877.66,85838.19,123617398.18,18906913020.88
"458",2016-05-05,3691757.26,4968763.03,1425658.8,107963.91,130281184.55,13867028653.6
"459",2016-05-06,9998807.41,5417555,185190.47,41325.07,135595768.01,18294091813.65
"460",2016-05-09,7490444.82,4509827.8,584315.42,36931.55,142662522.05,15312039778.52
"461",2016-05-10,10496959.16,26188922.17,4812599.63,124841.13,115742149.86,16096763715.57
"462",2016-05-11,15515059.85,7337705.06,1845828.83,79403.61,137068082.88,16939773100.81
"463",2016-05-12,5783007.93,4466808.59,751726.66,30024.63,154012562.42,18484466110.81
"464",2016-05-13,5036825.19,5543398.39,25248734.04,41609.96,140908593.5,19822474553.19
"465",2016-05-16,13371729.09,5222804.4,3287838.92,89212.74,333533799.93,15991058538.14
"466",2016-05-17,14955310.1,7613144.14,437445.68,226945.82,105806531.58,23587798616.16
"467",2016-05-18,19777096.22,17972808.05,809542.45,35042.87,177266340.29,25288919691.04
"468",2016-05-20,7667337.69,3563004.25,2966534.85,53845.26,91093387.38,21572980936.78
"469",2016-05-23,32178874.76,46407097.31,1902109.26,234967.71,144752959.69,12053943924.23
"470",2016-05-24,17126681.69,12393732.38,786369.93,177734.24,124576162.06,19409356691.71
"471",2016-05-25,10802348.59,11030876.73,414564.39,47396.17,202131079.27,16577170256.22
"472",2016-05-26,8271590.83,12999014.08,501754.53,33215.49,130496627.13,11570827431.2
"473",2016-05-27,6681397.7,5018923.33,260305.25,103147.18,84847056.35,13476042990.98
"474",2016-05-31,25235253.79,6325731.74,1351161.48,87409.56,157231111.09,23064492222.43
"475",2016-06-01,11127267.54,7418324.9,923767.55,188366.88,113998574.49,14671076233.08
"476",2016-06-02,13256890.44,14816656.39,1336604.34,122405.11,96802372.7,13248657302.73
"477",2016-06-03,15093231.26,20473201.81,699644.81,29801.52,140252522.81,21351936063.77
"478",2016-06-06,31221521.53,15198391.1,1035897,53126.73,138104816.9,13705800405.37
"479",2016-06-07,16846762.93,9153001.24,4520888.09,138855.94,130734546.2,12919525467.75
"480",2016-06-08,13103532.73,7612192.04,8872184.22,107874.9,86708082.96,14038094176.23
"481",2016-06-09,12313221.54,5069082.29,1571937.97,72874.43,107933302.17,15616571124.14
"482",2016-06-10,13130463.79,28959135.14,8659671.53,49965.78,113534764.62,23909972974.26
"483",2016-06-13,14343428.08,106278739.4,933548.3,33868.33,240600474.7,24637262497.29
"484",2016-06-14,12246206.6,6704236.21,1296536.82,67904.37,123446001.75,25958828624.26
"485",2016-06-16,16783232.16,10517968.02,939702.22,167942.54,128266200.43,30956145059.77
"486",2016-06-17,16128835.23,17783959.62,789019.21,53233.82,124163560.69,24167120319.35
"487",2016-06-20,12016728.64,8920707.72,335524.21,264044.62,94543325.34,17277968187.17
"488",2016-06-21,10472811.26,11647599.6,11784961.63,30300.64,278800488.14,15094018453.49
"489",2016-06-22,11946894.13,19059668.07,427090.61,114740.26,240815420.79,19929502892.58
"490",2016-06-23,16817234.09,22564722.5,1442025.05,102654.43,197181713.49,21576217456.46
"491",2016-06-24,23051931.38,33680093.01,10446987.75,59433.32,406905125.04,68188017399.58
"492",2016-06-27,24778945.59,115509268.02,3005471.28,129196.53,267980218.84,49682001323.87
"493",2016-06-28,20552275.83,10147625.06,2255526.96,25171.3,217544848.53,32190648806.52
"494",2016-06-29,31832605.89,11550130.93,1639474.44,116066.71,258303264.61,28279444138.92
"495",2016-06-30,22453248.03,9685109.31,1372964.21,133380.54,255995842.44,34370368675.89
"496",2016-07-01,13679273.69,15081998.32,722424.65,1055830.06,214984380.86,22261165631.6
"497",2016-07-05,16021605.91,5301951.23,1798451.57,103533.65,153085733.17,22866548016.71
"498",2016-07-06,24970470.63,7760655.84,754671.77,95782.09,357272823.44,20022754182.3
"499",2016-07-07,27101545.16,10606392.53,236230972.8,507574.16,196027662.12,17933748906.84
"500",2016-07-08,21830068.74,12036853.16,1440540.42,135601.07,172209709.52,28404703396.89
"501",2016-07-11,31454336.09,7576152.14,703815.38,138926.79,209315492.46,15725979970.29
"502",2016-07-12,26515845.95,34904084.47,11769537.06,167978.58,213080550.39,21755947271.94
"503",2016-07-14,13888503.06,50289145.42,424130.65,91274.84,306184186.24,19721666278.53
"504",2016-07-15,33159783.14,7070445.39,986865.93,250814.18,158455101.35,23135162040.87
"505",2016-07-18,25771586.94,219483446.17,2998545.51,51916,260803822.42,12703189248.84
"506",2016-07-19,17702592.95,8066182.81,4636400.94,1803197.85,124600226.6,11734355512.67
"507",2016-07-20,17213698.93,17051488.58,572459.78,123583.13,136151853.61,12620860396.99
"508",2016-07-21,10638819.67,5197295.79,637067.07,140388.43,137250364.64,14671722101.48
"509",2016-07-22,17677905.92,5217317.68,606298.08,32171.36,91556968.16,13617664335.07
"510",2016-07-25,17215938.65,5355723.46,601904.56,1202501.66,87264135.91,12090454980.43
"511",2016-07-26,10813616.88,9567836.77,8745420.58,771949.7,287290123.38,15167639816.35
"512",2016-07-27,16519023.4,58075610.99,3206752.14,32979798.53,342839542.78,18196880580.78
"513",2016-07-28,7619708.53,3872169.91,457971.78,224035,96669088.63,14071307380.03
"514",2016-07-29,16435478.09,6523945.36,537607.02,290805.07,167107374.43,17256703414.45
"515",2016-08-01,14975957.17,12471682.22,3419927.47,431509.3,133328008.85,15896998668.34
"516",2016-08-02,16491964.06,50824416.03,1134975.27,472673.47,148587273.31,19876046912.49
"517",2016-08-03,12082582.02,8112916.31,970127.36,100711.22,440510557.05,11651342003.76
"518",2016-08-04,10822532.15,13751851.91,311274.72,87081.12,180827879.17,10078283685.47
"519",2016-08-05,26458533.98,10633858,622085.47,166092.21,130739778.19,15667499265.8
"520",2016-08-08,9403564.01,7782135.1,458152.22,364465,131603085.71,8701255052.49
"521",2016-08-09,31447410.31,5516761.5,496246.85,196848.39,116865378.6,11186371027.72
"522",2016-08-10,7963018.69,20401357.73,382292.1,228906.82,281503843.14,12613814259.23
"523",2016-08-11,12904326.27,9837045.64,4161824.83,113642.75,114881858.87,15850308113.51
"524",2016-08-12,19245702.73,4393538.25,910119.51,100792.13,198007143.48,13389204824.3
"525",2016-08-15,10314948.68,9283571.76,1329072.96,448395.9,105830773.28,10921338031.59
"526",2016-08-16,12971141.02,4334221.78,643975.44,332126.55,240435080.24,11616974711.65
"527",2016-08-17,14565916.78,5418660.44,300498.57,206902.58,300979357.71,16362970931.09
"528",2016-08-18,12555794.04,15225152.28,1063127.04,108819.46,243895372.37,11583532819.54
"529",2016-08-19,21388908.51,5710911.42,2242637.4,1601414.32,237003323.31,16472477171.22
"530",2016-08-24,11366510.15,11128486.97,3679305.16,299552.85,110614272.29,15648523511.93
"531",2016-08-26,20883284.5,8404680.64,4905047.97,635219.66,192615859.64,26640556547.98
"532",2016-08-29,11293060.78,5455775.14,5628965.06,192413.7,86830603.73,15388089772.24
"533",2016-08-30,13897932.93,4924479.66,2340265.95,991511.92,169676198.46,12660867463.27
"534",2016-08-31,20068653.53,8766894.61,2568111.41,344608.52,132544295.38,18515911858.38
"535",2016-09-02,18505786.22,4143231.53,754964.1,905621.99,145227592.31,17308580221.69
"536",2016-09-06,28663817.45,9648036.9,1929938.46,848485.14,148094161.2,12391173113.49
"537",2016-09-07,15547910.44,8561638.85,349179.16,60818.27,80519996.23,16751510060.59
"538",2016-09-08,50521033.31,49238511.95,42139363.68,193608.57,121213390.08,16192418534
"539",2016-09-09,18735132.1,11912146.29,6127203.03,148825.74,396297869.61,47620157884.45
"540",2016-09-12,14702077.62,9916182.78,1851301.28,26207.85,215191711.94,36122150909.23
"541",2016-09-13,11465303.21,172911085.3,654291.41,833203.1,279622587.69,39013476639.96
"542",2016-09-15,13548585.61,43999209.86,494146.91,204302.88,157911593.25,31262074786.12
"543",2016-09-16,11628385.46,48704974.29,8466923.21,167710.55,182138479.78,33077387725
"544",2016-09-19,7002010.56,8543745.7,794684.3,101606.56,118825093.96,17163834041.84
"545",2016-09-21,16483757.03,13869557.06,725387.78,18537.81,441689837.33,23659947309.03
"546",2016-09-22,8435912.12,8506014.85,878319.46,147406.83,129561135.42,16649916901.96
"547",2016-09-23,17008849.5,7598952.92,1028207.16,101261.44,109077503.7,15929597811.76
"548",2016-09-26,10012682.41,10163835.62,2535444.9,127654.56,120142846.08,19261710691.02
"549",2016-09-27,6263999.2,16598860.24,1747010.22,75732.95,102107292.88,16873851517.61
"550",2016-09-28,13779390.72,16585014.52,5200684.09,121869.3,107522439.22,18863332263.64
"551",2016-09-29,14534659.4,45562298.44,47350476.97,275818.17,153904970.35,27570462093.46
"552",2016-09-30,7573584.42,136684192.88,35984664.8,224420.72,120111105.74,25353285365.66
"553",2016-10-03,24070123.17,147628217.93,70790530.75,594470.65,175317701.46,17997757980.34
"554",2016-10-04,13907038.79,62035576.18,1477316.88,58383.48,241650299.69,25789136687.69
"555",2016-10-05,7314504.15,52635725.68,2965678.77,110817.81,812635081.24,15706105110.55
"556",2016-10-06,10433317.5,29577133.69,1464181.3,182610.54,270537931.39,13560102139.56
"557",2016-10-07,6864279.34,11132342.78,1615139.23,147164.95,175176414.08,19309819919.82
"558",2016-10-10,43779264.8,10004190.81,1177282.27,88264.7,118594882.47,11218469737.09
"559",2016-10-11,28377681.75,4436783.26,1005788.51,250378.41,160147330.42,27860091655.93
"560",2016-10-12,9878036.66,64575397.7,39874259.37,205979.5,76696588.81,15782873204.67
"561",2016-10-13,14700221.46,15510413.43,11887043.56,17608.5,125965976.67,21519004449.55
"562",2016-10-14,17263844.71,19313035.86,23949474.44,49019.08,153784986.45,19943323001.15
"563",2016-10-17,10682700.06,7043170.81,1697930.35,280193.61,71324557.13,12390950558.11
"564",2016-10-18,15390629.6,11689105.72,1552231.44,465348.22,85422319.27,16436266617.39
"565",2016-10-19,11787893.77,13072583.38,8735010.58,286450.39,68837369.19,14250949036.83
"566",2016-10-20,25062735.13,19213566.17,3553669.32,102957.78,133554568.96,15745925748.17
"567",2016-10-21,9466570.8,6955941.43,27487344.05,40053.1,119611337.23,19021894717.62
"568",2016-10-24,25583631.1,8257880.33,2533551.94,159985.5,131835331.06,12925836133.65
"569",2016-10-25,21552531.63,5051854.76,58467804.91,390121.89,151909746.98,14261234570.61
"570",2016-10-27,12405270.72,12250084.72,2244240.3,180792.29,136908504.05,16490434169.65
"571",2016-10-28,32497148.68,14064479.74,4045337.83,96577.96,159081499.98,29908307099.97
"572",2016-11-01,22058734.98,31049535.95,1998934.57,282942.46,197173472.93,25905180192.09
"573",2016-11-02,14185166.94,7736522.5,40061126.95,239389.29,152617136.82,21711567850.75
"574",2016-11-03,15978360,19900476.03,9426682.12,125413.85,106008635.89,18613623889.76
"575",2016-11-04,12653590.04,36617698.44,18743115.87,104505.69,131347222.55,22810013476.46
"576",2016-11-07,10739572.02,37309840.61,7848580.09,400222.67,139825427.7,23320067910.08
"577",2016-11-08,13518755.22,12167038.86,65858151.69,312232.98,121809482.71,22827294789.92
"578",2016-11-09,25344946.93,46556745.91,96569866.11,170891.66,281309170.03,55533544139.39
"579",2016-11-10,55451132.63,52224496.27,28660847.54,179475.96,309962465.79,37284200986.38
"580",2016-11-11,11763971.39,41921264.13,31398094.37,163459.25,180407650.25,21724482001.8
"581",2016-11-14,29419990.4,34651163.1,12884226.03,952313.46,254447798.66,20465216032.26
"582",2016-11-15,22458800.2,15604646.55,12126498.19,4155785.4,172729407.43,19934870399.92
"583",2016-11-16,16784924.37,69328776.04,111748382.68,6820367.14,86014663.45,14288566452.55
"584",2016-11-17,13547028.38,10619316.76,5824785,870676.63,144950134.62,15259173851.11
"585",2016-11-18,15963913.56,13207797.83,7008273.55,799674.8,148669554.87,18858050050.01
"586",2016-11-21,53553057.11,121645797.48,8825361.55,288684.03,110999625.03,15909387941.12
"587",2016-11-22,19248459.68,58714808.43,8007028.36,404693.89,129552977.74,14855258817.16
"588",2016-11-23,16788113.99,21762497.35,4168678.5,215529.16,102132404.83,12474125580.78
"589",2016-11-25,3998253.57,5031010.83,4157082.76,83115.72,65727487.25,8380475674.68
"590",2016-11-28,13462484.3,21902420.53,14390725.92,466994.62,95522028.17,16909636858.53
"591",2016-11-29,17541253.08,16805952.05,21453001.31,365589.55,128084297.25,15435232009.92
"592",2016-11-30,15851906.11,17000898.77,3248275.86,319091.27,187780827.36,25028377819.43
"593",2016-12-01,26773081.66,35480720.08,66826808.68,425007.36,178901425.88,17372032154.11
"594",2016-12-05,27177368.44,12581247.9,8893081.35,269284.01,124305309.22,14984197944.06
"595",2016-12-06,19634641.33,11303937.62,16459138.07,233703.04,136303893.23,13246944555.78
"596",2016-12-07,10101006.12,85815434.22,6660141.94,325576.39,146969330.55,24725715276.93
"597",2016-12-08,11534409.03,15692169.87,21640346.03,1061184.99,136655834.87,22426834973.39
"598",2016-12-09,32945271.54,27088715.06,47613812.68,934193.28,126021874.99,19882810842.64
"599",2016-12-12,11867344.94,11324602.07,30286062.85,1194872.79,183929310.82,23047966416.51
"600",2016-12-13,14872570.51,9256879.15,20641226.19,2708590.56,130626773.72,25141231008.5
"601",2016-12-14,14714876.72,14361292.71,4795324.86,416420.61,164228246.35,32305105489.7
"602",2016-12-15,15659910.77,21393085.33,31506034.3,903877.38,138292939.27,28347767245.49
"603",2016-12-16,10756139.51,13776451.63,4447538.73,783600.55,105866382.72,35221798545.33
"604",2016-12-19,22288581.52,12170934.03,3760687.32,340642.06,63896796.32,20372507464.23
"605",2016-12-20,20237477.53,16980608.7,2831667.71,304087.8,96923954.18,20325050261.73
"606",2016-12-21,32442161.83,69409785.53,7869837.61,303151.67,73931060.57,15351925829.21
"607",2016-12-22,30996395.54,55725662.89,56994739.26,1300925.43,95286011.34,12665481786.35
"608",2016-12-23,13562913.56,52161447,2982414.26,201453.27,52086725.38,8274865605.57
"609",2016-12-27,9173951.63,39285503.57,3050530.81,988097.81,57416651.98,9659766742.96
"610",2016-12-28,8181435.02,55960506.36,1998360.17,155223.38,65553431.35,14421223040.07
"611",2016-12-29,9677987.64,40683912.55,42336683.68,297601.23,189557436.65,10923254221.66
"612",2016-12-30,16997155.59,61469960.65,6011474.51,311429.28,89124094.07,24352397830.89
"613",2017-01-03,21572772.95,59336385.35,24369153.48,1815663.07,150015780.24,20528566209.03
"614",2017-01-04,16484524.08,57074772.67,12136897.91,565693.5,97022651.47,17820365215.05
"615",2017-01-05,30190759.12,12006789.54,9549171.96,214554.25,102667026.27,17725772931.57
"616",2017-01-06,19211056.03,12715114.64,3720166.68,276318.69,81418934.17,16253156484.69
"617",2017-01-09,12217899.34,12957231.9,4690077.1,96728.57,82204374.09,10640518717.29
"618",2017-01-11,13526547.22,17616290.48,8821419.44,271081.75,254247332.13,16900007044.49
"619",2017-01-12,12999615.32,37907246,4317488.94,152631.56,66403903.29,16289295625.46
"620",2017-01-17,30541709.2,15692453.76,10028381.8,1234608.49,150018442.7,13857768219.9
"621",2017-01-18,35006840.62,13542919.53,43026842.09,749337.52,99418056.89,12408175835.47
"622",2017-01-19,21256325.12,28886233.71,23003590.79,10380839.39,112802526.95,15064301284.17
"623",2017-01-20,20218606.93,9395200.12,59639415.82,241490.4,77657640.02,29261918626.14
"624",2017-01-23,12179292.7,32529081.02,11751248.42,386127.09,97175958.03,16963099711.67
"625",2017-01-24,26312396.29,11941125.66,12425005.48,864077.61,63113649.15,21719147897.28
"626",2017-01-25,33345338.42,32903367.82,8978588.33,144693.88,95845340.63,19346810435.99
"627",2017-01-26,35994849.7,116580381.31,34680799.52,563914.07,113007087.04,13753766795.37
"628",2017-01-27,16222826.27,5640321.41,6167877.27,249818.14,66273636.32,13669167121.54
"629",2017-01-30,9769983.54,160582646.38,6353616.43,341124.95,91849771.39,18111365207.43
"630",2017-02-01,43136278.21,19201840.7,84473125.59,233389.83,114862923.21,18004008389.21
"631",2017-02-02,20979423.19,8140544.83,6212365.88,828018.04,63355044.69,15845313129.27
"632",2017-02-03,12083295.97,21675309.18,3698377.19,173566.75,92791083.15,18462381414.68
"633",2017-02-06,12758378.58,7281403.98,6463206.54,54996.07,147824876.3,13227884396.64
"634",2017-02-08,50218886.95,20561315.23,30136167.73,4384224.44,115794632.36,11806952851.75
"635",2017-02-09,19559563.92,20084928.58,17304079.7,658957.13,68195159.8,15198134709.48
"636",2017-02-10,11915637.89,20251541.03,3383082.55,158173.14,100772240.96,15271429559.92
"637",2017-02-13,14215275.71,9425577.34,7458398.55,1410559.29,82585130.43,12835610421.21
"638",2017-02-14,25693014.49,8482058.86,13251351.93,198047.46,81367373.22,16569763877.97
"639",2017-02-15,28496643.34,14460301.7,8191679.13,6374111.61,72371718.98,20337773537.48
"640",2017-02-16,12093063.64,15711512.91,7365678.47,187706.7,90326320.5,19860320123.8
"641",2017-02-17,8681441.07,17127272.54,8477663.93,86011.82,112908253.16,18101681552.69
"642",2017-02-21,11105114.31,7082355.74,12505647.04,16395947.79,75920514.81,21012673792.63
"643",2017-02-22,12551472.47,6927606.4,16328601.85,182066,83787418.63,14673146159.75
"644",2017-02-23,13608107.36,16388935.12,3178052.56,137981.88,74352315.72,17628031097.67
"645",2017-02-24,8789502.71,13290867.91,7269392.74,369346.05,58254860.96,19447278565.69
"646",2017-02-27,8723058.69,6922689.82,8329004.52,611826.54,78771638.13,13389362419
"647",2017-02-28,31964873.34,22524578.5,6457357.08,4164653.18,80243471.08,22931209390.42
"648",2017-03-01,21037158.8,18472932.93,10649313.91,786525.71,108178757.93,35723670037.74
"649",2017-03-02,35254797.09,10174218.3,28838033.26,208179.91,169878451.49,16771369987.33
"650",2017-03-03,6455002.44,19174061.13,9399738.34,10766028.41,86762982.36,19526312443.28
"651",2017-03-06,18475555.88,9898274.4,5396051.28,110063.79,88913855.55,13159765812.37
"652",2017-03-08,15698404.53,9470102.3,19475150.82,2489338.77,127123101.76,18522490884
"653",2017-03-10,18675541.56,14483695.86,10451287.06,659532.45,66214492.23,19462863831.78
"654",2017-03-13,11723023.06,9193676.31,6910258.59,661910.07,93386105.96,13602289250.87
"655",2017-03-14,11515685.51,12055850.19,109585382.75,266692.54,106228925.63,14174208898.97
"656",2017-03-15,16763032.88,8648335.26,35726291.78,214292.56,98667994.77,22906773824.67
"657",2017-03-16,10426205.56,12958454.91,8691972.5,212092.57,53913370.54,18689265393.86
"658",2017-03-17,10540111.86,4491162.14,4961723.12,157202.65,48758188.94,21134555734.77
"659",2017-03-20,16342165.79,8930194.68,6699298.44,112499.06,79797705.21,12445247855.92
"660",2017-03-21,14490073.13,6756553.84,19745765.29,105206.75,253464532.87,30938505671.37
"661",2017-03-22,13046112.97,5922281.76,5876932.98,220808.05,121689901.36,22815425967.22
"662",2017-03-23,42886292.93,33147421.3,18267470.19,396146.23,78575712.85,23532023791.74
"663",2017-03-24,11202697.29,12442358.59,6336904.58,217511.22,111609864.94,26328665723.64
"664",2017-03-27,12920889.31,8015685.22,19118551.77,91023.71,86854137.39,20367951744.82
"665",2017-03-28,8510370.83,13743824.12,5769997.11,146158.87,80897619.58,21940717292.2
"666",2017-03-29,15958892.27,19898048.91,12289753.81,122985.43,56843070.47,14582433550.37
"667",2017-03-30,24374980.06,9409532.54,9166003.65,526751.84,68432721.28,13396656968.22
"668",2017-04-04,16961539.09,9490602.03,8722321.17,1074044.77,74628662.6,13280260629.78
"669",2017-04-05,16318879.58,7388724.48,8216484.15,815613.82,189176060.19,25675101964.18
"670",2017-04-06,9133143.6,5192554.07,4685137.98,193665.8,53138226.55,16265407495.18
"671",2017-04-07,8466324,5967157.95,6168825.14,99894.77,103465805.75,17502300705.92
"672",2017-04-11,10443738.16,10890069.43,28783540.17,129995.95,151607192.8,20625681816.27
"673",2017-04-12,23541718.73,11283175.23,39119336.98,827120.36,58370407.89,19174484183.38
"674",2017-04-13,15343362.56,5870489.55,11230227.85,266880.15,76891615.09,21679200503.33
"675",2017-04-17,11717741.58,5672691.44,5670661.52,398150.83,51517018.34,15998835006.69
"676",2017-04-18,120475554.97,20316691.53,7459757.41,121263.96,53146971.09,19457567929.04
"677",2017-04-19,31621811.07,6359762.63,4731675.24,190194.05,66883621.95,16073637080.3
"678",2017-04-20,14728175.15,4100720.95,5822167.41,800398.88,78860103.46,21753231574.2
"679",2017-04-21,13020994.4,5551797.97,3762149.51,264096.66,68067497.14,25911859124.08
"680",2017-04-24,12018007.17,6159749.51,17369422.33,130701.51,67493600.95,28239888474.53
"681",2017-04-25,20382000.15,20572349.74,8331679.19,214346.05,118106019.08,18292368693.49
"682",2017-04-26,20386792.44,8602859.84,7581617.97,241145.37,163820244.84,20232000957.7
"683",2017-05-01,25253670.11,6074695.56,5565622.06,172617.9,52670112.27,15966264837.18
"684",2017-05-02,114140379.29,7039087.79,3456256.27,280055.43,70418500.5,13690553253.8
"685",2017-05-03,24446904.5,11040342.54,7989234.51,161767.15,75498389.87,17426417897.6
"686",2017-05-04,148688524.52,4870847.66,4978160.23,1641766.4,51237276.71,14653063310.92
"687",2017-05-05,14234889.01,11363791.54,3827225.62,741033.2,45798627.23,14829130386.6
"688",2017-05-08,40624454.04,5160551.91,3960782.03,1154399.53,71015724.73,11589012510.75
"689",2017-05-09,116897051.62,11594413.05,4182332.09,172052.78,56155597.1,12310581384.55
"690",2017-05-10,21123088.94,5006443.16,50976022.17,279821.63,92586728.38,13008420156.12
"691",2017-05-11,9114512.61,5854920.31,30423430.06,421854.7,88924877.17,14898334880.84
"692",2017-05-12,77092092.43,12649701.81,2356581.53,506567.62,54810258.63,12882653427.08
"693",2017-05-15,25554840.89,9961401.3,42268541.01,3241386.89,57524161.17,14867410637.49
"694",2017-05-16,13092788.47,29540849.29,5560847.6,646004.81,61828062.36,12302274043.82
"695",2017-05-17,12474180.17,9377094.22,5326266.45,231251.87,80578717.82,40796115060
"696",2017-05-18,24503814.1,15415749.22,16211203.39,972696.54,68404512.71,25324194077.8
"697",2017-05-19,12563626.37,7197120.33,4302518.76,781669.23,51012705.95,27402921641.82
"698",2017-05-22,13129827.79,14094468.78,2641345.2,175523.22,46271217.95,14600037661.46
"699",2017-05-23,13531543.12,8590178.92,19902843.32,948690.62,56670492.32,11598738922.73
"700",2017-05-24,27783017.88,11637467.96,3957395.15,508289.24,48341489.3,11819207023.24
"701",2017-05-25,23164316.29,4351785.72,9457431.06,186896.54,64053601.49,15482001809.19
"702",2017-05-26,13099010.79,3584024.62,7559199.04,2614652.19,43601990.39,11270350395.48
"703",2017-05-30,11904164.02,4845871.1,6545222.14,339355.49,66157897.55,8502198016.15
"704",2017-05-31,10651545.34,15506777.58,10253748.68,136072.81,61253775.18,22137547321.89
"705",2017-06-01,58153924.23,41289509.97,45373457.7,1357457.59,98146826.37,16723116897.78
"706",2017-06-02,32911082.55,9430504.81,21587142.88,500437.71,81739009.09,21618759754.51
"707",2017-06-05,38531540.6,14556908.63,13624422.21,2570145.83,41917186.47,10908351405.08
"708",2017-06-06,64055659.82,18937845.92,4661740.44,232977.28,144203017.85,12266980452.68
"709",2017-06-07,29108012.48,88404805.42,25842438.81,108629.77,45311032.82,13184914696.02
"710",2017-06-08,23550299.26,5082717.58,2922607.05,658527.66,56406454.75,16069619827.39
"711",2017-06-09,30405307.12,16744351.48,17100922.94,1461924.19,97172048.14,32209237352.78
"712",2017-06-12,194644807.48,28576417.34,94207158.59,24941192.62,211454982.96,20909468955.97
"713",2017-06-13,26933821.1,6455435.61,14907558.2,245940.54,47932110.81,14667138552.36
"714",2017-06-14,14979520.22,27272961.85,51539367.17,96947.09,83282106.04,19186857756.89
"715",2017-06-15,12832351.24,65081165.01,5624149.66,271982.06,69828685.52,16163695810.05
"716",2017-06-16,12050325.45,25142256.84,7270566.12,528263.32,56497866.56,20482003803.86
"717",2017-06-19,14716403.78,81513423.84,60714643.76,212494.8,152312947.14,15908779758.98
"718",2017-06-20,75806262.46,33366076.84,5816839.8,319141.94,42484268.01,13859972155.1
"719",2017-06-21,21382734.79,4784516.51,4483558.86,55881.83,63314755.26,13600613338.75
"720",2017-06-22,21204311.79,4390826.32,6457100.86,475564.5,40469140.56,10731836700.76
"721",2017-06-23,9657655.01,5503531.53,22746655.31,25346.43,57275014.52,16281341871.66
"722",2017-06-26,19982191.61,9975697.2,61715943.67,91013.59,36167767.36,13810580940.17
"723",2017-06-27,15440292.02,20252742.79,6848237.21,257704.41,85829236.75,19922900250.06
"724",2017-06-28,18237454.32,8828161.38,5228233.15,223089.5,45662184.49,17032002162.75
"725",2017-06-29,31621722.29,6808777.48,4488548.14,422223.89,126894329.74,25832913196.53
"726",2017-06-30,15845410.06,7703464.2,4138064.06,269677.1,52058393.43,21019717869.78
"727",2017-07-05,114533850.64,9050240.35,7709668.53,2894071.34,119538751.09,13198161741.93
"728",2017-07-06,38416746.91,9848075.68,2769723.16,322434.62,138833114.91,15939915791.04
"729",2017-07-07,20572503.19,16350247.53,1896266.5,356406.53,43375963.26,14018717149.15
"730",2017-07-10,59271642.54,12425978.94,13122518.82,434337.61,65529277.16,8887051165.97
"731",2017-07-11,40401740.46,5834137.9,16107537.23,268384.94,51393659.18,12181990241.59
"732",2017-07-12,22737712.94,4504017.9,2567699.91,67054.71,102546290.91,14536886765.71
"733",2017-07-13,19787021.17,67391075.35,15894029.91,5568592.66,71113450.41,9641595895.72
"734",2017-07-14,176844635.69,188774644.19,167641357.76,177893559.44,64465617.35,14781892970.24
"735",2017-07-17,19009137.23,5833712.99,18401709.43,1470251.27,51251900.75,8235618848.06
"736",2017-07-18,28865958.07,4686320.95,5493923.41,356715,37174769.82,10483543397.75
"737",2017-07-19,18656770.33,24273944.48,5638896.14,200026.36,41916046.84,12587045894.87
"738",2017-07-20,15362136.01,3612154.42,8382271.19,278429.52,103426939.43,11644788533.38
"739",2017-07-21,13638629.33,7178420.07,8764165.81,1634710.84,150901698.79,21873865484.91
"740",2017-07-25,19408722.2,3440774.46,4210117.04,203749.85,86055338.73,13590876143.6
"741",2017-07-27,34037215.77,10398214.67,15575012.53,124478.42,43949832.62,17464385144.95
"742",2017-08-01,37883171.96,6960350.4,5492118.94,387451.6,36474505.13,13607539400.15
"743",2017-08-02,29296444.75,24894827.97,15234947.77,118967.64,55080449.81,11662486506.28
"744",2017-08-03,25411606.87,16465229.81,11074549.73,191376.61,82312512.46,10092014314.93
"745",2017-08-07,44981000.26,7110998.19,41209243.89,60052.18,163654700.33,7923673622.05
"746",2017-08-08,99217333.15,10954560.42,4018643.02,216444.23,39746589.84,15291449512
"747",2017-08-10,32935565.07,13118410.53,50138292.71,35288121.04,88528528.08,29488285564.63
"748",2017-08-11,27744291.31,4829123.53,9359189.77,38529.93,60400391.34,18282980584.85
"749",2017-08-14,27152608.32,8273720.01,30226773.09,82207.5,106550363.6,18059283047.8
"750",2017-08-16,30044236.71,7872461.97,16200193.96,984470.83,46675285.31,14008592758.32
"751",2017-08-17,22518904.72,5470241.76,4454849.39,60391.7,49795103.51,31424356875.53
"752",2017-08-18,26789132.47,8182003.97,10173394.03,543336.17,158336454.37,33230239215.95
"753",2017-08-21,27385009.1,9513068.46,5551659.05,1282678.65,62592794.35,15885450124.57
"754",2017-08-22,33248907.09,4416409.09,3967194.42,63857.44,107577063.62,15461810694.14
"755",2017-08-23,25508406.48,7854633.92,2985894.05,605323,54516505.46,12283664483.08
"756",2017-08-24,23307672.66,6365237.11,5477117.58,1167167.18,35927166.79,12396037695.84
"757",2017-08-25,19570014.18,6263970.96,4474031.45,127508.81,49913510.41,15781640793.43
"758",2017-08-29,18428813.33,4958550.7,3496095.05,185783.51,55841366.89,12489869906.16
"759",2017-08-30,25022439.45,7268861.48,6129749.2,168736.2,59714844.2,15240182175.86
"760",2017-08-31,25688144.3,5447525.38,4646225.32,47442.29,37657284.16,25655396236.99
"761",2017-09-01,35558354.76,5031373.51,14307922.31,167255.34,43393833.98,15378677886.47
"762",2017-09-05,26005409.45,15301269.78,98509649.47,91285.39,74173820.8,22488637274.08
"763",2017-09-06,58487203.25,7334936.12,17767556.74,290764.89,62462326.69,14293631705.98
"764",2017-09-07,20390471.5,5364462.58,6179466.99,10380010.6,79289035.25,14320776374.44
"765",2017-09-08,17931188.03,16256277.3,22167483.4,14546.48,74730522.88,15744107061.15
"766",2017-09-11,18951407.79,7842349.49,5038571.64,128264.24,38570012.13,17760842121.38
"767",2017-09-13,17156241.68,7972478.24,17243854.47,10035556.16,65246845.87,14805580982.48
"768",2017-09-14,25793447.62,91014088.87,11780153.68,334257.53,46272127.02,23861938969.8
"769",2017-09-15,16241392.94,33105068.77,47323039.1,1162052.98,36837446.22,23760502815.17
"770",2017-09-18,26701335.95,127277751.45,27903293.42,436655.92,40503782.72,11546573390.5
"771",2017-09-19,25339798.92,6719851.8,5019362.38,459241.18,140312626.57,11772156407.43
"772",2017-09-20,22398234.74,4742082.7,5116186.63,79073.46,48625799.56,14877865336.3
"773",2017-09-21,30529720.99,5455959.12,6847555.81,43894.06,54061434.17,12031773308.83
"774",2017-09-22,12294480.52,17574491.38,3166452.46,209521.09,38233271.94,12768306393.6
"775",2017-09-26,40256782.34,49588960.44,27076824.4,337916.68,51187773.52,13479548571.32
"776",2017-09-27,60083170.97,87363582.23,12799474.29,50384.61,57052227.52,20237496227.6
"777",2017-09-28,17025175.36,14163949.82,7190419.87,76726.17,62431644.46,11200504855.92
"778",2017-09-29,24460537.19,16943757.67,12750376.55,3299324.63,99286104.69,21468959865.67
"779",2017-10-02,32372238.56,26991496.8,64259933.6,10216278.19,83642691.27,14871022979.59
"780",2017-10-03,47079010.57,6554464.29,41419577.38,222892.07,78993776.96,16872943055.86
"781",2017-10-04,26225152.49,12529845.9,15704114.55,639130.9,43476830.07,14156947681.62
"782",2017-10-05,24456390.16,4662369.14,4626197.64,74336.08,61231190.69,16150990205.7
"783",2017-10-06,26999660.85,12879684.23,4642794.07,668593.36,68853483.97,20501259637.95
"784",2017-10-09,33708641.63,21153659.67,2534483.58,471192.62,33694620.34,9096615621.91
"785",2017-10-10,20069722.65,123265350.74,8223375.44,109223.7,114458056.49,10955770169.08
"786",2017-10-11,47528900.36,40919710.93,19608929.95,14622420.63,140274114.89,12144019212.02
"787",2017-10-12,56500434.13,12903894.2,6400642.02,357122.2,45377095.22,11988276517.42
"788",2017-10-13,40986411.25,4433589.44,4167658.64,178760.92,36203713.73,13974430027.93
"789",2017-10-18,39401573.44,9216722.98,17356903.03,536411.66,61212949.42,10456401620.73
"790",2017-10-19,26266469.83,4778655.62,3762755.72,266391.29,68305251.54,15796501961.61
"791",2017-10-20,36164742.11,9293591.66,2548879.64,107646.35,62355751.47,22897419882.24
"792",2017-10-23,41228641.72,8176506.86,11496738.88,411086,76419733,16403549396.83
"793",2017-10-24,32521379.63,37158787.96,12019646.93,346831.1,44033514.77,17167737792.87
"794",2017-10-25,54907326.12,7583412.24,3494328.74,288289.89,63634194.63,26444784646.23
"795",2017-10-26,43042599.93,16287965.89,10988091.27,134407.87,30861427.64,17858741333.77
"796",2017-10-27,32232066.95,20692354.14,207188829.01,155504.67,47322474.27,22010294831.53
"797",2017-10-30,32430706.7,8996592.89,11287520.85,117541.74,38877459.43,13948105029.24
"798",2017-10-31,44066772.61,17436555.47,5174863.94,222775.6,40053066.33,15508548387.32
"799",2017-11-01,47492334.8,12628287.3,8114086.17,1129353.65,50694290.04,13970615035.72
"800",2017-11-02,32917846.21,8253991.84,7020564.54,160292.18,37885844.95,14515014292.1
"801",2017-11-03,72782316.28,5126741.92,4264213.7,327564.69,42596622.55,15377548742.3
"802",2017-11-06,64614039.1,80306327.64,50104803.77,38711636.56,115800507.49,12846058883.25
"803",2017-11-07,77550376.73,55703193.27,40940508.67,526980.65,43703617.45,14871570681.42
"804",2017-11-08,32234768.38,5511539.8,3949419.51,93016.97,83650648.63,13059994435.49
"805",2017-11-09,51197890.22,7207310.01,4169928.42,52613.82,79774399.1,24200557533.51
"806",2017-11-10,50510077.78,17746069.68,11951677.02,1524805.29,47740319.25,15468475970.83
"807",2017-11-13,45528115.31,87096833.23,13152814.73,1573720.13,209384807.94,12964570783.13
"808",2017-11-14,36723092.92,6427326.15,4824908.84,92610.8,469403242.56,15784431318.09
"809",2017-11-15,34438596.87,11608748.78,16686073,198280.72,57890102.86,20725534151.76
"810",2017-11-16,79073027.17,12163505.22,24002942.01,77572.13,38835120.35,17510573189.04
"811",2017-11-20,40907921.32,14875454.61,8532814.85,1406418.63,57826378.9,12414804443.62
"812",2017-11-21,50935495.34,8410095.99,13969300.25,894896.77,56745066.32,17974024573.18
"813",2017-11-22,42194127.37,15393575.64,20718763.86,1089122.19,53696408.51,11701476487.21
"814",2017-11-24,20445793.69,2409070.09,1874912.93,51539.54,13417386.06,7251832275.84
"815",2017-11-27,32771037.79,7600937.77,6637280.4,97432.9,45549330.89,13610054933.96
"816",2017-11-28,50337089.06,17014882.19,4340734.59,749057.25,43529808.54,25915177809.12
"817",2017-11-29,58409187.19,11527586.03,52617039.06,184140.33,53389581.28,20365027633.6
"818",2017-11-30,58722289.06,10325925.26,12792798.7,102563.23,45260674.68,33857505388.33
"819",2017-12-01,94234931.91,27386336.03,25330474.04,253897.74,87478257.12,43304327480.89
"820",2017-12-04,69614233.87,15125243.06,9453520.56,257386.6,84175969.74,24961460439.24
"821",2017-12-05,51604563.8,30349127.09,48608599.53,262259.96,44937032.63,20585231808.7
"822",2017-12-06,27326307.82,5446393.64,112711921.19,126871.36,32904488.47,19978734520.33
"823",2017-12-07,32170973.32,8143222.45,21146959.68,51038.38,49800850.49,20377320140.34
"824",2017-12-08,34713564.73,7168173.08,8207069.48,16395791.95,48289080.38,20301766527.23
"825",2017-12-11,43599518.2,12111084.86,5381706.87,3333339.29,56641627.21,22096238871.26
"826",2017-12-12,30778824.02,158714979.07,9957877.94,3340557.46,64419821.8,22738388108.44
"827",2017-12-13,51039142.25,12459821.51,10940557,1868482.94,44669001.4,27487456176.31
"828",2017-12-14,29706794.75,18858037.87,17848457.54,8960217.61,56206792.93,26803637030.62
"829",2017-12-15,34069166.58,62448140.9,18547859.31,567912.75,59269676.26,38514526205.38
"830",2017-12-18,46742762.62,15380040.53,67713778.2,249323.26,65813059.09,22441640866.55
"831",2017-12-19,37237702.53,11137563.79,30622212.33,1200946.32,56145489.38,22041927320.97
"832",2017-12-20,40732610.64,26955380.98,72637874.8,109923.82,84302758.07,20512466662.78
"833",2017-12-21,30010859.89,8834445.11,14291667.64,1213851.97,58393477.12,17951230957
"834",2017-12-22,24700622.14,9827096.86,6746344.94,94613.55,48345861.72,21045946754.4
"835",2017-12-26,22727334.13,12273085.53,17692932.76,282949.49,45663934.11,12086236871.53
"836",2017-12-27,95512268.16,11751895.36,56762374.78,74113.05,82501442.84,15438568950.59
"837",2017-12-28,33866630.07,18524516.31,5623728.32,71773.09,65718415.05,12075338934.5
"838",2017-12-29,42951235.66,19697907.34,10804760.45,1328954.07,77407915.47,25672492417.89
"839",2018-01-03,163383154.3,35305839.81,48529277.17,232797.52,105406292.58,24321851609.72
"840",2018-01-04,102954448.39,16361341.63,37025026.57,15050355.34,58941472.67,21904701784.83
"841",2018-01-05,89539779.13,15440503.3,15397098.86,766324.54,77122572.85,22789169313.92
"842",2018-01-08,107716856.92,31897186.94,29851584.39,154008.14,85835850.84,15690450265.41
"843",2018-01-09,70993832.26,21354878.48,43266766.57,278940.93,106982070.16,15725523838.88
"844",2018-01-10,129919326.24,25597188.86,29184881.5,1055230.14,59704813.52,19051512051.39
"845",2018-01-11,273293520.52,15240717.14,64237190.64,9929685.08,72551549.2,17178346441.57
"846",2018-01-12,55724682.48,20493971.93,9469920.32,126029.63,46104687.3,25196413441.68
"847",2018-01-16,193913505.58,15650823.59,38483407.87,130621.62,104349612.13,29623100615.56
"848",2018-01-17,104377904.36,12707250.34,13957071.49,1049494.47,64327479.32,31582627570.37
"849",2018-01-18,158987916.72,21640126.47,24471691.76,820051.98,72106300.76,28129525161.54
"850",2018-01-19,112994599.19,13441747.58,21136823.5,345514.02,66023110.49,39432402178.78
"851",2018-01-22,79282435.11,11598669.71,10643949.24,300385.1,65790711.38,25734269741.77
"852",2018-01-23,78605674.94,10112912.26,15654807.89,957472.48,73778506.24,27485066132.12
"853",2018-01-24,78122001.04,30022041.41,24996235.42,362779.44,90991065.4,38191581479.59
"854",2018-01-25,74845729.57,18956682.37,15514359.75,251530.35,96334645.08,23962017270.36
"855",2018-01-26,62083868.88,17360459.94,44979479.81,100926.66,94872719.58,30756196246.11
"856",2018-01-29,139793294.56,20171000.23,17812412.97,380898.77,89828219.59,25712881129.39
"857",2018-01-30,100039813.69,49678839.42,25849869.18,1070127.92,98311924.54,37182292251.56
"858",2018-01-31,113095140.88,38432481.35,50749897.01,2443537.71,93076481.02,33529342177.31
"859",2018-02-01,111792481.06,119421282.06,25282031.4,60188.72,563948797.39,25383103897.04
"860",2018-02-02,99408267.77,47745486.29,22245584.84,281773.56,139406023.92,48020507376.07
"861",2018-02-05,227051988.65,51430079.85,52693606.4,1317966.15,329467262.35,79543535379.29
"862",2018-02-06,241327009.71,187988980.05,69796801.32,603027.63,409489823.96,93990841145.95
"863",2018-02-07,102981461.91,52550975.12,53395604.03,298339.29,327565243.49,45135543626.44
"864",2018-02-08,135509413.27,34675077.07,62074773.35,171280.53,261076197.22,64723736434.41
"865",2018-02-09,190445742.67,63139524.23,57591162.78,520652.11,347951001.18,73211947038.98
"866",2018-02-12,152186717.92,65167526,31196806.33,22658903.65,160711036.37,38048019326.74
"867",2018-02-13,86296389.78,14412641,30652449.92,16200206.17,115669718.16,21529647371.85
"868",2018-02-14,141364152.04,43835074.29,23465198.27,27009.26,96957551.85,32328716562.31
"869",2018-02-15,106177255.14,26350596.93,22962078.74,649008.52,79965512.02,30165809657.33
"870",2018-02-16,90647573.72,15946602.37,107688662.32,84137.65,85743841.57,43884125786.4
"871",2018-02-20,141798563.35,15004521.54,22803701.29,478396.04,119641029.22,23495492319.41
"872",2018-02-21,94556052.94,12219508.61,20499116.67,72247.3,62298515,26931203342.16
"873",2018-02-22,67192776.18,24745688.45,42554829.33,87627.73,78076261.98,29950005851.25
"874",2018-02-23,57130539.05,12622015.44,11181109.84,73174.93,135415155.05,25340728228.97
"875",2018-02-26,91675828.94,11953093.93,17188790.77,1203788.8,87107575.9,23948522029.62
"876",2018-02-27,111676513.75,20287099.43,39394396.33,177662.09,90565552.7,27388325006.02
"877",2018-02-28,92316335.69,11132495.31,16334695.74,1125977.81,81045817.72,33361810791.27
"878",2018-03-01,148462021.85,124273805.78,111394540.06,668467.43,189415324.34,47559318702.39
"879",2018-03-02,102818751.17,15842162.29,40697568.16,214176.34,128866010.61,37159143894.91
"880",2018-03-05,54996474.46,13705391.43,12444153.95,205144.77,84737040.18,26358387852.46
"881",2018-03-06,50912591.71,31958749.89,11172209.57,159388.96,75860626.86,21575531994.65
"882",2018-03-07,78999818.87,12143463.09,16261113.62,4591145.38,77086019.86,23649771575.96
"883",2018-03-08,57320944.41,13885723.07,25343083.51,68454.02,64382928.83,18287795502.49
"884",2018-03-09,79345222.17,13374662.68,23831939.35,147145.78,42228677.95,31533602940.08
"885",2018-03-12,172556117.26,34120544.33,70787379.65,2211838.46,149094485.86,20056730131.56
"886",2018-03-13,146287152.58,19887570.47,13247950.2,284846.73,53226640.52,25554674704.04
"887",2018-03-14,81238233.39,11723438.31,12257137.78,95589.13,64998846.79,29188239093.78
"888",2018-03-15,53075367.92,14645567.61,6830258.78,91680.6,46448100.34,22969643158.8
"889",2018-03-16,69252289.5,21607916.96,21430800.16,130819.96,79564274.44,27562639118.27
"890",2018-03-19,87025013.79,18918622,12471096.53,111711.68,68082537.3,29529679648.52
"891",2018-03-20,55480936.1,12888300.94,9018448.44,123151.06,55325569.34,16190942993.71
"892",2018-03-21,58039891.44,11355516.11,15622926.65,419775.38,64271913.83,21362690453.86
"893",2018-03-22,98685914.2,14273150.42,25361409.99,769596.29,95490577.7,39576148442.49
"894",2018-03-23,243912681.62,69719725.83,51681656.13,175980.12,143962840.58,47950738155.8
"895",2018-03-26,248141583.52,17822685.31,59831969.5,355351.51,129034547.24,37283467317.2
"896",2018-03-27,195588980.54,39693127.16,37889835.94,1395249.35,145417403.01,34187487627.52
"897",2018-03-28,132452098.64,25872203.53,49792838.9,13022758.54,147140091.75,38121474913.45
"898",2018-03-29,54778653.71,17930782.55,19940365.55,68474,175878484.65,32660848177.29
"899",2018-04-02,246094655.21,55749661.7,55911472.38,3401550.29,176314381.74,47950580463.52
"900",2018-04-03,413100281.72,18368800.34,72590505.7,940570.98,108804598.09,31073037364.86
"901",2018-04-04,129913478.7,27112807.38,26779050.75,113787,125676471.14,32248300408.79
"902",2018-04-05,124357618.85,22076255.3,14694533.45,219886.77,71306768.22,21949996417.68
"903",2018-04-06,166615931.77,26233783.32,95019992.1,114044.66,101164148.33,46852612730.76
"904",2018-04-09,81233376.12,22749041.59,28788774.67,57311.17,48636661.01,27668606849.33
"905",2018-04-10,106270693.6,29347167.99,45769711.27,172314.86,82805180.92,27940159755.66
"906",2018-04-11,61490455.84,76826104.54,64694347.96,4687073.98,115057904.49,24079303968.26
"907",2018-04-12,86132134.23,24677490.46,43724033.11,233411.05,94114795.25,18330941133.61
"908",2018-04-13,87457954.35,18525419.18,21142956.83,30850.47,73058508.19,22583948477.53
"909",2018-04-16,49237169.11,21482830.14,14429230.43,108731.43,116553472.63,16944815606.73
"910",2018-04-17,614808734.66,170011529.59,16676000.65,287782.94,101481803.56,17462802910.65
"911",2018-04-18,135102360.08,47173737.03,54179706.82,107956.28,61957186.74,15513588806.57
"912",2018-04-19,60264731.77,28127212.35,20176997.75,101400.19,78615456.99,20865451455.4
"913",2018-04-20,63906035.71,15671705.26,14663615.73,1869000.1,68715503.5,26674306890.79
"914",2018-04-23,54945731,13307756.75,17581299.69,133488.51,44798211.3,17479872975.16
"915",2018-04-24,102528548.62,31148225.21,31373819.1,323850.32,77477131.1,29794225691.59
"916",2018-04-26,50201873.57,18064571.85,18447248.79,280797.98,45573409.03,18007308653.91
"917",2018-04-27,59152910.59,24016896.99,15849626.54,116762.33,44445836.61,15206145388.45
"918",2018-04-30,52656817.63,14117528.22,11392099.58,418569.61,114298638.09,21842410018.85
"919",2018-05-01,92494159.17,43337570.69,34359597.61,2944651.26,72523982.97,19558720476.06
"920",2018-05-02,66057785.49,26827141.61,21804073.7,333619.61,53870414.88,22812316863.6
"921",2018-05-03,128359851.65,32500949.12,44411646.56,13357165.7,80477523.87,35612135869.92
"922",2018-05-04,65081464.73,8497202.28,13601573.09,195516.24,46343696.64,24171578445.33
"923",2018-05-07,84672524.82,17399654.67,23137321.54,154834.58,50803942.01,14773105823.48
"924",2018-05-09,67497860.43,19978694.32,10020663.86,415231.01,56827106.48,16029806276.26
"925",2018-05-10,122122936.64,46026947.33,42047642.11,101785447.11,204311140.05,19563866984.41
"926",2018-05-11,59189347.83,54427540.7,9840145.39,1069648.98,95142431.34,16311167184.58
"927",2018-05-14,63916558.7,23454823.43,13832464.77,421972.05,88569524.55,14963358769.41
"928",2018-05-15,496678484.02,167084562.45,23056061.67,184384.46,89946805.23,23559730449.13
"929",2018-05-16,109121398.41,62006320.53,15191435.34,126146.16,59974044.2,14670375426.53
"930",2018-05-18,48385843.5,23799072.03,10829570.16,117231.11,45789076.11,17477037349.18
"931",2018-05-21,69686814.05,28849970.19,20376429.52,44005.05,64722073.99,15855173678.87
"932",2018-05-22,265680017.07,16950666.65,17677030.1,104711.97,56773454.74,14474257911.94
"933",2018-05-23,80670356.27,17512084.94,10528616.76,207382.65,51598155.67,17601460696.73
"934",2018-05-24,61523321.05,24861450.24,22866889.82,244785.2,77593363.52,20702683617.65
"935",2018-05-25,75614704.77,21289089.22,22988960.64,96262.36,63621275.42,15344411792.09
"936",2018-05-29,81689887.27,17283884.41,25228651.03,197616.6,77853086.49,31182341395.78
"937",2018-05-30,61215134.71,15523570.96,15532186.6,261188.68,137080112.61,18952754131.19
"938",2018-05-31,74578887.92,15721931.02,24952548.16,128710.8,64754460.9,25360942596.09
"939",2018-06-01,78121397.48,24740466.61,37574013.65,419697.59,58218663.55,19469525474.12
"940",2018-06-04,50868963.45,16650010.46,9698710.2,4465086.18,75832807.85,12471429658.7
"941",2018-06-05,100711832.15,20364161.89,11940876.7,319240.98,60666733.87,14061492171.22
"942",2018-06-06,68352991.97,16856750.95,45949911.39,95451.37,94328131.43,17338796666.38
"943",2018-06-07,115886780.08,36044150.49,30690772.53,193876.99,56027996.7,20229837658.07
"944",2018-06-08,114516919.79,20719236.32,15897305.97,234438.24,88206446.59,20021632578.78
"945",2018-06-11,56798205.61,12366764.63,16682163.26,89754.74,123132353.7,16421001076.41
"946",2018-06-12,164549825.45,72857084.52,66347250.1,8809892.53,116113711.21,20164404807.98
"947",2018-06-13,162976012.55,14892408.2,18206936.35,340721.47,67985136.33,22036481731.93
"948",2018-06-14,82857098.6,21329051.08,22688530.83,2331504.88,61291444.3,21485025135.36
"949",2018-06-15,74942200.25,18681469.49,22311310.51,92332.33,78019781.84,33195878451.76
"950",2018-06-18,83256142.99,14121051.06,12871182.67,181886.58,51287297.23,14607722284.09
"951",2018-06-19,82271578.58,93561520.06,55900217.6,40530497.39,149523895.73,26788563879.81
"952",2018-06-20,55258856.38,53169372.4,17720632.11,166500.29,54145821.37,14851975896.8
"953",2018-06-21,57361563.99,45465466.48,12603122.06,324908.19,61475410.88,19507800147.4
"954",2018-06-22,120453230.56,38911714.01,8965774.2,98932.36,93061552.4,15577041661.65
"955",2018-06-25,142280057.33,56426475.31,31041836.18,89846.39,96840236.75,37332264519.53
"956",2018-06-26,290058121.62,31205463.24,35408981.48,154387.11,128155985.08,18660609043.5
"957",2018-06-27,107727337.76,29170715.8,26953984.36,289887.17,116445604.03,28454712550.86
"958",2018-06-28,91824065.85,107337011.03,24442494.42,234193.63,78810766.13,20691711787.56
"959",2018-06-29,162349946.01,21399091.11,15714126.41,208577.15,76811180,26580100868.01
"960",2018-07-02,135783385.41,34813230.79,44977570.28,75791.64,87951137.73,17191536178.48
"961",2018-07-03,87737813.79,9123928.38,6589007.21,164163.68,58481263.68,11466668054.92
"962",2018-07-05,153819399.28,20183259.97,13775174.15,980846.14,60202522.08,15499771976.77
"963",2018-07-06,70473227.82,24072690.54,15381250.3,138150.09,47006435.08,18281514859.57
"964",2018-07-09,68239595.74,28600385.31,14814772.98,6058920.06,47003183.33,14020392973.74
"965",2018-07-10,326971644.25,11852649.6,41098769.88,1647699.2,61081311.74,14478774646.48
"966",2018-07-11,105556862.11,21165478.11,18179778.61,128022.56,52874683.17,21357845235.95
"967",2018-07-12,115362766.34,106841216.95,43914878.98,6702257.33,162924526.79,16762077374.29
"968",2018-07-16,69897584.32,13372977.3,9639633.49,196645.42,66480421.99,13461715794.44
"969",2018-07-17,72555478.72,10682073.93,13730229.43,189050.35,41393128.08,14649770881.24
"970",2018-07-19,62092091.83,22431878.17,13973224.3,533127.71,233772839.56,17201209531.49
"971",2018-07-20,73674112.99,22418456.06,8497746.82,420780.01,40195398.44,23055069181.26
"972",2018-07-23,63018837.22,16319857.07,8639586.02,469252.58,41162773.32,13166733987.37
"973",2018-07-24,67075533.12,31342399.77,12713038.19,205440.52,230674255.23,19156608024.35
"974",2018-07-25,70350417.42,34821137.75,20641484.05,435435.73,51755171.87,22300481446.33
"975",2018-07-26,55152029.54,26096512.92,14133672.79,126467.55,50227032.4,16417015818.14
"976",2018-07-27,102810975.72,25361137.58,18789832.24,257315.3,38839990.06,21626121624.22
"977",2018-07-30,208560980.53,27700835.73,19243497.82,248331.01,61680375.45,17859535566.42
"978",2018-07-31,112386682.12,22642084.45,47036162.59,720733.02,54437488.87,19280400733.73
"979",2018-08-01,104769166.19,56647133.32,29366976.61,13852471.75,133714635.84,15136825328.76
"980",2018-08-02,93605469.21,21668142.05,13075915.47,901427.32,72859108.4,17844401825.42
"981",2018-08-03,53840668.95,18098830.7,10475968.39,417053.48,46931104.27,15269953429.52
"982",2018-08-06,92807451.43,22395229.33,11854784.94,434052.5,67076273.32,11204307029.62
"983",2018-08-07,88086049.94,14361508.33,48660832.5,525503.8,70918762.75,12339254759.59
"984",2018-08-09,37249522.56,12412574.99,24487624.22,283819.69,57524929.24,10196612996.9
"985",2018-08-10,44273775.79,33961256.67,36406879.95,359892.05,52726560.86,21829363725.74
"986",2018-08-13,69817128.84,48638066.77,39038406.93,114131.99,89547470.11,18582864674.26
"987",2018-08-14,51266897.12,14162585.57,22002087.83,174124.39,75082338.2,12434639749.21
"988",2018-08-15,84399752.39,19880190.69,18450372.19,130825.58,72288465.06,28931621720.95
"989",2018-08-16,42918302.44,14160840.94,9780168.58,328376.29,55965106.64,19879399054.05
"990",2018-08-17,99989512.95,12714757.5,15009044.67,292495.84,62019208.75,18672096979.84
"991",2018-08-20,194789678.76,19715106.14,11338852.88,131766.17,55578771.3,11368402287.13
"992",2018-08-21,70399144.64,16600410.89,15899705.64,638321.05,378072728.71,19283147227.37
"993",2018-08-23,55903998.55,22488066.07,12685900.36,196211.04,115052343.42,14071739832.44
"994",2018-08-24,65362122.42,28803710.48,19836919.35,277465.95,48377030.1,16508977437.95
"995",2018-08-27,67857671.77,153813407.1,16969556.05,1307804.14,52158700.48,16520489794.66
"996",2018-08-29,92974705.3,38179066.31,11997707.78,399005.4,55722990.98,17901401031.16
"997",2018-08-30,122160274.26,35790253.18,31203586.2,230069.96,47242371.32,17790727290.82
"998",2018-09-04,109274699.79,58051213.13,29576866.54,14861024.97,120736890.04,16668568903.56
"999",2018-09-06,110095813.6,15409011.16,153423147.8,120610.71,65885308.9,18980870050.74
"1000",2018-09-07,66566849.49,14778181.79,21130422.71,356046.06,60756079.11,21140146422.56
"1001",2018-09-10,63344821.18,15937217.26,12347468.44,263924.47,126126736.2,14469509437.29
"1002",2018-09-11,74700568.97,21489781.49,15008555.37,203446.1,122841894.55,14587525249.57
"1003",2018-09-12,233545027.97,43586512.23,18586133.49,1293830.05,188386213.18,17283464558.03
"1004",2018-09-13,96326470.64,71825221.11,22080804.95,835640.43,237188991.14,14828183202.51
"1005",2018-09-14,64377676.13,74777613.74,29439834.76,278212.2,103259499.91,16013499568.66
"1006",2018-09-17,82850863.16,18075053.59,8536513.05,142791.2,69291451.74,19775519789.9
"1007",2018-09-18,61689336.95,29136063.83,77089852.72,131238.42,71410439.42,18012509782.74
"1008",2018-09-19,53583699.83,33867519.55,31630704.82,1964614.7,76484137,14293900270.35
"1009",2018-09-20,90679409.48,29098838.44,54363081,596465.75,69753454.09,29415810721.28
"1010",2018-09-21,62924341.02,96456634.78,118116373.52,119928.16,61823838.77,30847350406.45
"1011",2018-09-24,87160602.7,19086882.29,36351513.74,308797.14,63310648.62,15539454602.81
"1012",2018-09-25,68522041.46,22282887.02,16775203.78,341617.87,63931368.56,12909635397.03
"1013",2018-09-26,65693105.31,29609886.26,17631588.18,450195.46,112997215.23,23184013743.39
"1014",2018-09-27,56414288.29,36138904.35,13639923.15,314674.8,60635445.92,17238614475.38
"1015",2018-09-28,207406554.9,62859648.77,17160301.7,435978.33,63190842.78,20365043640.97
"1016",2018-10-01,137979463.91,39099387.04,44958424.75,14044977.52,88247318.35,18125899219.22
"1017",2018-10-02,349938534.19,192878675.68,16832081.82,467670.75,332614645.65,13785069005.53
"1018",2018-10-03,132525103.37,52277157.91,16902032.54,248014.36,102877097.35,18906310821.78
"1019",2018-10-04,144969925.56,39669598.24,23611368.78,191164.83,92438071.44,32246522568.28
