"date","volumeMTUM","volumeQUAL","volumeVLUE","volumeSIZE","volumeUSMV","volumeSPY"
2013-07-22,1650,3511,1385,1559,5304676,79307249
2013-07-29,4504,1187,900,200,426506,79712464
2013-08-05,7523,752,399,100,223383,53868607
2013-08-09,7257,96753,100,500,289693,91824151
2013-08-15,6260,24274,200,200,528347,152647543
2013-08-19,6325,5530,1593,20334,1520389,96330805
2013-08-26,7744,17488,488,475,230012,89492894
2013-09-06,6213,41000,1000,2000,806845,159700226
2013-09-10,12919,4135,927,2922,720954,105300853
2013-09-19,17018,6000,600,1700,166987,146510429
2013-09-30,13402,7219,500,607,206210,143620138
2013-10-02,13129,1750,300,200,368649,112859880
2013-10-03,3529,41656,122,225,388555,176563533
2013-10-08,3021,25925,3092,300,380546,178558678
2013-10-09,4615,8613,3085,1210,385665,168271554
2013-10-11,1396,25783,500,400,161757,104967037
2013-10-16,11734,45334,768,125,206135,161058684
2013-10-21,6971,46443,426,200,196335,104054017
2013-10-28,1925,55275,635,600,349773,84672528
2013-10-29,2115,36373,938,355,263933,87248072
2013-11-01,6523,14695,380,200,327694,142775416
2013-11-04,1152,45232,200,500,310490,85486867
2013-11-11,3525,43467,444,100,129622,66300304
2013-11-21,1829,47898,400,504,177804,92841271
2013-11-25,19891,32088,200,106,497925,79485709
2013-12-03,11876,32928,4200,4850,424367,116563302
2013-12-06,5989,30694,830,229,320703,127727518
2013-12-09,11593,26242,150,353,258708,70123608
2013-12-12,10909,18972,5712,110,319906,115564840
2013-12-13,10032,10707,1542,505,213996,107807610
2013-12-16,7803,126059,1011,110,663055,96194790
2013-12-18,9326,302745,946,230,649754,234906482
2013-12-23,5634,106186,301,156,320046,85597541
2013-12-26,10566,217580,355,6396,176709,63365227
2013-12-27,8591,75465,123,830,260046,61813841
2013-12-31,8620,55244,1652,1363,215575,86247638
2014-01-03,14773,76082,828,274,287539,81390502
2014-01-07,5713,86116,1308,887,477530,86144169
2014-01-09,74844,72632,5554,702,834044,90683302
2014-01-13,9368,40358,1239,512,215942,149891938
2014-01-14,7886,19768,1274,551,172339,105016055
2014-01-16,6466,17375,550,705,404522,72290520
2014-01-17,8577,25410,314,224,287656,107848616
2014-01-22,10679,25772,1488,134,195673,61270816
2014-01-24,51786,355422,19923,702,529003,208677093
2014-01-27,8722,72015,2236,200,717607,180843004
2014-01-30,10501,24133,1751,156,1686667,118938051
2014-02-04,16517,366100,2046,1868,656787,165012351
2014-02-07,4225,20729,3241,100,164790,170787197
2014-02-10,9668,36125,3824,122,282448,92218729
2014-02-13,5413,22892,3133,905,157429,100542155
2014-02-19,21780,54095,1327,471,350125,126524261
2014-02-21,10282,21124,1432,170,395382,118116359
2014-03-03,32435,82673,3057,1371,432776,167448668
2014-03-04,19774,28237,855,569,194653,167545852
2014-03-05,15374,27159,290,522,347986,88376859
2014-03-07,33963,12314,1124,655,208245,114513432
2014-03-11,45109,5283,2209,126,151598,99009013
2014-03-18,23423,12526,1932,329,470473,101804519
2014-03-21,18587,212547,5128,110,250617,163127905
2014-03-24,45002,24981,1253,123,208855,121411145
2014-03-27,21489,15000,7461,2352,160476,142382757
2014-03-28,13238,18384,2079,3487,301577,101641547
2014-03-31,10711,9283,1355,372,216761,99744911
2014-04-07,31259,196230,1641,200,295513,140802699
2014-04-09,123182,10777,1022,347,166981,100253612
2014-04-10,63488,13180,1032,900,246867,172959331
2014-04-11,72993,29765,819,287,164596,167250792
2014-04-15,29155,28810,2286,756,231584,157092533
2014-04-16,16531,25409,829,529,186708,105196633
2014-04-17,7443,44096,769,924,148956,105254649
2014-04-21,7847,42919,207,706,231160,68329343
2014-04-22,116954,24947,681,407,331665,85790307
2014-04-25,16714,16870,1391,1070,320753,100380205
2014-04-28,12783,30091,829,1230,156795,135121094
2014-04-30,7614,91357,896,585,431356,101507717
2014-05-01,5703,39625,671,5750,434761,93019095
2014-05-06,30622,6618,965,709,277566,85454226
2014-05-09,9145,10249,4749,5563,169430,83678568
2014-05-12,12146,9215,3230,1027,382106,86940045
2014-05-13,18504,10672,5348,1992,200507,66453965
2014-05-14,47514,39450,1550,672,156858,72366848
2014-05-15,15226,24490,423,2721,194839,154956399
2014-05-20,29939,53859,38286,16313,163541,111644478
2014-05-21,11055,12186,4233,4698,145385,89093285
2014-05-22,10279,42196,666,6120,522453,61549345
2014-05-23,22828,9447,1293,3038,267209,60156088
2014-05-27,26136,19561,2959,16029,282798,72010355
2014-05-28,11108,16686,468,6507,362789,66722865
2014-05-29,75559,14359,3463,16772,282368,64376573
2014-06-02,243821,267007,1668,19222,207420,64655648
2014-06-04,10809,11128,4859,2314,311054,55529372
2014-06-06,7152,14298,2061,400,314058,78696219
2014-06-09,35054,13993,531,270,126283,65118828
2014-06-10,6814,18633,1985,202,215093,57129440
2014-06-18,16440,11193,11379,207,516324,105266767
2014-06-20,7396,25598,8573,6920,1095028,100587108
2014-06-25,61133,13272,56249,1584,435515,82781912
2014-06-26,15612,9902,3885,1092,330357,84311822
2014-06-27,89911,54172,85898,266,97778,71453616
2014-07-01,24330,33661,668,227,356478,90470121
2014-07-03,10041,3786,13370,774,77473,52938832
2014-07-07,24334,9109,5585,369,322832,61696447
2014-07-08,23044,27521,7179,663,173224,108142552
2014-07-09,6166,34060,13427,430,471711,72992322
2014-07-10,8203,12487,699,3290,685775,99040407
2014-07-16,19179,12238,22359,517,240949,80073242
2014-07-17,2892,13825,1030,1582,274076,145398459
2014-07-21,86126,4762,969,950,1234177,67591618
2014-07-22,70928,19683,14425,37572,274989,67677602
2014-07-24,6155,16369,2162,793,145567,56888093
2014-07-28,18875,28799,1696,2215,347487,69258785
2014-07-29,19094,10288,5164,1210,231937,80466351
2014-07-30,79443,19060,633,10652,283276,104222452
2014-07-31,147332,30659,411,7198,331239,183479441
2014-08-05,18805,11293,611,9163,256543,152690379
2014-08-06,9567,13093,1209,20094,451726,94818317
2014-08-07,5409,20416,708,17656,198074,135733421
2014-08-08,180068,200335,161419,166772,220189,117014384
2014-08-11,8892,16100,385,12169,327278,74543691
2014-08-12,5232,10383,4924,10697,322851,73631640
2014-08-13,36459,43957,1236,791,149747,68926041
2014-08-14,4541,8693,3843,809,188081,57370793
2014-08-15,10922,27709,7588,203,274961,139950669
2014-08-18,20932,49835,10607,9115,321232,75424360
2014-08-19,17236,25660,9326,1336,435441,59134709
2014-08-20,8161,23369,662,2038,437419,72762541
2014-08-21,9537,17639,506,385,528512,67790690
2014-08-22,7521,13604,1620,11205,146843,76107359
2014-08-25,18229,9072,13963,4034,162124,63855022
2014-08-26,21940,12641,920,491,187532,47298324
2014-08-29,15516,7053,401,4638,361126,65906598
2014-09-02,24715,61120,1903,73798,640092,72425793
2014-09-04,6877,21236,2024,3878,235737,85236442
2014-09-05,6331,10631,3279,3954,175908,102176784
2014-09-09,16147,6720,653,14506,193442,88590876
2014-09-12,23737,521865,1131237,2664,1637545,117478516
2014-09-15,144221,81942,3381,3837,1036514,76401421
2014-09-16,77074,21064,382,5305,259262,116200722
2014-09-18,56496,543299,1168738,3316,157673,94990300
2014-09-22,94571,9386,819,1033,356906,125552758
2014-09-23,42730,18473,1118,2026,285599,111393319
2014-09-24,41093,16106,420,1471,198768,107275635
2014-09-25,75899,56613,17634,1593,316187,150300028
2014-09-30,26322,11538,1055,111,617866,131302082
2014-10-01,142954,233571,180819,1806,936758,177797862
2014-10-02,46610,80742,1015,230,970859,157285182
2014-10-03,31475,20963,548,3107,479954,121568769
2014-10-06,128913,16075,107280,109202,372610,104778335
2014-10-07,51833,125594,2176,254,594848,147913498
2014-10-08,27992,38241,3639,951,732144,186461453
2014-10-09,84124,221040,43172,42919,914034,210704601
2014-10-10,20619,100663,1655084,2224,879336,221908954
2014-10-14,70105,72015,3633,3939,1025461,215846527
2014-10-15,92586,97209,28966,23635,1019293,380714598
2014-10-16,26432,34554,12579,2567,1021925,270391488
2014-10-20,12652,33699,1607,1637,369936,130010813
2014-10-22,206619,185915,169015,182372,601273,151822409
2014-10-23,14613,20935,816,12481,679335,154944169
2014-10-24,13245,10113,1849,5468,4280576,117927286
2014-10-28,13282,62510,361,900,1530489,106735936
2014-10-30,81220,91103,83999,60377,476551,113329976
2014-10-31,68125,84672,34099,35801,3795076,146902554
2014-11-03,86743,68895,31273,32185,916440,93734143
2014-11-04,22522,16507,1270,549,1198344,93342777
2014-11-05,16783,71621,2928,789,568579,91708574
2014-11-10,9146,23297,386,33876,395513,66318964
2014-11-12,13868,10291,708,2054,476551,90120295
2014-11-17,69057,180509,93836,1067,257362,80440954
2014-11-19,64949,21035,115822,1758,514826,82373009
2014-11-25,23556,208329,11352,2853,480187,79108301
2014-11-26,21702,35022,12748,1104,458795,62167832
2014-11-28,14770,8110,1762,425,262854,57890088
2014-12-01,28640,30815,1839,373,595746,103968354
2014-12-02,35071,64520,16511,15286,839127,74507192
2014-12-03,16582,104953,695,893,629692,68951968
2014-12-08,60559,133858,2101,5078,695698,108588152
2014-12-10,22074,22448,11752,855,568407,159856394
2014-12-11,29431,24189,3253,2650,462729,159012805
2014-12-12,44540,14562,182,1444,926414,202330191
2014-12-15,21977,39605,9545,6488,595030,189965750
2014-12-18,18323,21869,4493,1781,6099068,257633887
2014-12-19,56395,30180,682,345,506409,245084590
2014-12-23,32567,15952,485,730,768745,122167931
2014-12-26,36011,29163,77857,46909,218065,57326703
2014-12-29,99703,18223,2044,50125,627275,79643948
2014-12-30,209480,34172,2564,12249,760314,73540761
2014-12-31,25916,30284,20587,16779,412895,130333829
2015-01-02,13527,29681,280,997,603017,121465865
2015-01-06,73593,26845,963,1045,1095460,209151408
2015-01-07,193119,18546,1734,20787,686945,125346709
2015-01-08,109015,511724,1102866,3018,732871,147217784
2015-01-09,46901,68368,2635,16505,861330,158567288
2015-01-12,41877,41894,2376,1478,565517,144396067
2015-01-13,45319,532885,1107967,772,1824204,214553306
2015-01-14,71238,50978,3214,6811,833759,192991092
2015-01-15,44141,92387,400,19548,1381908,176613906
2015-01-16,36947,32700,5670,531,1010036,211879605
2015-01-20,92582,272202,1158,2131,892914,130991069
2015-01-21,27747,36535,2745,1843,1406158,122942707
2015-01-22,223954,250358,211351,193236,1076736,174356029
2015-01-23,40348,34214,1754,1555,1491421,117516753
2015-01-26,39987,26350,485,3301,777817,92009711
2015-01-27,30826,1670786,949,2849,7497627,134044598
2015-01-28,48434,70679,6741,670,1611985,168514312
2015-01-29,61327,26077,13915,4181,1506087,173585424
2015-01-30,31314,42914,344,1175,1497401,197729724
2015-02-02,79177,107099,547,3300,1243869,163106969
2015-02-03,53077,40426,7565,30232,912581,124212881
2015-02-04,48421,99763,27658,2151,2196089,134306728
2015-02-05,123466,38956,3345,7320,1727134,97953181
2015-02-06,21441,28643,583,150,1000093,125672026
2015-02-10,26563,81500,6121,477,1205756,96164183
2015-02-11,85001,104184,3662,934,802688,91087785
2015-02-12,41227,60172,431,5037,659474,97545949
2015-02-13,21603,57614,409,2354,767079,93670430
2015-02-17,16595,186647,908,725,2143627,76968199
2015-02-18,24335,24882,1423,592,1388302,80652941
2015-02-20,33702,28111,2599,442,836690,140896392
2015-02-23,20653,34324,367,466,893582,74411054
2015-02-24,92192,31252,751,6499,852372,72472263
2015-02-25,27468,25274,5579,2747,698681,73061687
2015-03-02,39613,31864,1056,1203,1935845,87491428
2015-03-03,55756,92112,8054,1814,1321873,110325809
2015-03-04,32390,51297,693,1846,1782346,114497192
2015-03-05,29270,36279,1371,8743,831593,76872957
2015-03-06,36334,51246,6907,791,995105,188127982
2015-03-09,24456,290278,149216,432,585109,89818893
2015-03-10,35660,39458,3639,3026,2277838,157121263
2015-03-11,34982,28717,2558,3157,1252068,110145718
2015-03-12,30779,26348,1361,463,868825,93993523
2015-03-13,15682,24907,11490,2222,717753,162410893
2015-03-16,19095,33122,2327,1320,536698,136099192
2015-03-17,20133,43598,3531,1512,772908,94510422
2015-03-18,22232,35895,706,13740,571516,228808524
2015-03-19,14710,49444,14609,1927,917326,117917302
2015-03-20,20957,32791,4078,1674,730424,177715081
2015-03-23,37646,17086,1777,28991,634648,71784536
2015-03-24,26564,16297,2549,4852,1197271,77805321
2015-03-25,26602,25435,1423,799,820681,159521708
2015-03-26,25189,876789,8228,2344,696520,153067241
2015-03-27,23862,94460,1075,1280,494572,118938966
2015-03-30,23953,40020,8363,851,868667,96180365
2015-04-01,77063,84858,17614,21515,1208086,137303584
2015-04-02,13863,50966,821,34488,492511,86900906
2015-04-06,25571,34653,1436,3037,632485,114368155
2015-04-07,81980,36623,3980,997,1614003,81236337
2015-04-08,18396,29047,10717,210,804012,89351939
2015-04-09,15824,41085,1602,2720,2425230,85548854
2015-04-10,55176,18099,1131,6651,1152680,72722915
2015-04-13,37169,26668,2271,13831,2385800,74436594
2015-04-14,120992,76925,1562,1703,1338677,75099866
2015-04-16,110738,217099,113732,883,976678,68934864
2015-04-17,28684,72336,5839,1481,637783,191113230
2015-04-20,72591,29988,1031,1772,548539,92189481
2015-04-22,32854,31031,291,532,962430,78264616
2015-04-23,11538,49755,553,241,995837,102585942
2015-04-24,14083,244327,395734,252,1428300,61327387
2015-04-27,22514,562240,1258,12443,625910,79358126
2015-04-28,29774,201275,665,583,944521,86863531
2015-04-29,97210,44401,72629,1170,579942,125684903
2015-04-30,22790,579654,6280,504925,1471463,161304890
2015-05-01,22034,42322,769,355,774763,103399711
2015-05-04,14509,976987,1140,1147,631674,70927235
2015-05-05,13611,78834,683,6276,1155418,113326156
2015-05-06,24539,23420,2952,1125,447382,135060151
2015-05-07,38376,115467,709,6838,993425,88244940
2015-05-08,18855,16238,545,3480,1592121,155877260
2015-05-12,14307,38840,490,275,619063,119727592
2015-05-13,19050,30258,8378,780,442121,94667943
2015-05-15,55296,17783,685,196,398718,76510099
2015-05-18,20090,29923,1275,289,448735,74549685
2015-05-20,35157,13767,286,597,577926,76857530
2015-05-21,34456,36536,4069,572,316401,64764585
2015-05-22,32162,30332,1303,2295,373815,57433495
2015-05-26,22405,19934,2439,996,479475,124308584
2015-05-27,13827,85160,1075,528,420838,93213981
2015-05-28,10729,37256,669,13070,472518,74974560
2015-05-29,50342,26600,681,949,445978,124919611
2015-06-03,24704,36330,1006,725,834205,87820909
2015-06-05,16526,22584,1418,574,850212,121704676
2015-06-08,10672,18982,1189,485,882297,89063330
2015-06-09,21227,45314,1241,1206,564677,105034690
2015-06-10,10145,26857,3700,1560,606540,134551285
2015-06-11,21473,20658,4705,200,464264,73876447
2015-06-12,13207,23955,6472,2244,1451067,135382369
2015-06-15,12205,27486,2170,885,599764,124384184
2015-06-16,17299,36452,1078,694,2077187,85308227
2015-06-18,17712,37941,3026,246,616719,165867949
2015-06-19,104939,25402,750,506,473818,130478689
2015-06-22,14222,27499,2661,776,790971,70696027
2015-06-24,23348,14532,284,335,769798,92307318
2015-06-29,54407,43013,2309,257,1444324,202621332
2015-06-30,17113,52608,1649,546,662323,182925106
2015-07-01,38233,29838,982,116,2502126,135979873
2015-07-07,205685,16207,9158,2348,1204045,173820249
2015-07-08,49760,26455,244980,621,2720938,164020059
2015-07-10,121049,41658,9662,1180,1013380,129456890
2015-07-14,54445,50476,2031,563,636885,81709575
2015-07-15,58143,60249,3385,214,630547,97914141
2015-07-20,426971,156018,3396,3559,532855,70446821
2015-07-21,95095,106052,2672,2344,1403618,77965048
2015-07-27,119485,46037,11007,1784,687379,132361082
2015-07-28,37512,23972,276,555,469032,123544845
2015-07-31,41552,485933,336,200,420591,103266857
2015-08-03,278030,172588,3206,600,699006,113965728
2015-08-05,137787,116851,7989,33010,798638,85786817
2015-08-06,208298,68943,13084,1156,1186281,116030803
2015-08-10,141219,39014,1409,3040,414022,80270676
2015-08-11,55145,37007,1314,1615,2229415,126081377
2015-08-12,119837,115391,1426,568,1055217,172123672
2015-08-13,114024,35751,557,100,741697,89383253
2015-08-14,75687,34819,652,482,949023,72786528
2015-08-17,221705,24757,2546,1316,915326,79072643
2015-08-18,76222,86803,2743,55814,5876095,71692678
2015-08-19,157024,139685,821,108331,1327073,172864412
2015-08-20,90636,33966,3183,6501,6118434,194327884
2015-08-21,117357,126885,12022,19770,5387035,346588469
2015-08-24,262890,141938,33272,6342,6263160,507244333
2015-08-25,108077,120447,32876,1946,2473115,369833071
2015-08-26,129091,83549,10109,2921,2121297,339256986
2015-08-27,294793,86691,2474,5157,1919543,274143906
2015-08-28,112343,46314,8028,842,1207731,160414352
2015-08-31,532897,65689,490,2280,1669104,163298816
2015-09-01,744637,58452,18890,22053,2154473,256000392
2015-09-02,64401,78698,22394,175,1699631,160269331
2015-09-03,67612,51579,9210,318,1594889,152087836
2015-09-04,329093,445154,6943,1348,1413613,207080961
2015-09-08,135688,80659,10099,349,1328619,116025739
2015-09-14,68001,49315,4499,542,1097855,79451983
2015-09-17,302554,64965,30368,1485,1355315,276046618
2015-09-18,38336,52938,7998,2968,868496,223657456
2015-09-22,111004,57055,24388,205,1714765,153890876
2015-09-23,87956,86206,22972,545,736427,92790620
2015-09-24,75059,70417,15627,433,2263924,159378840
2015-09-25,66285,515214,384311,71525,1567955,155054777
2015-09-28,97410,240763,11475,264,1378070,178515871
2015-09-29,94893,1586893,9504,635,1534184,159045572
2015-09-30,471357,352957,215201,5574,1178374,163452044
2015-10-01,718047,49958,29579,268690,1594714,131078964
2015-10-02,111059,115116,71035,86612,2021901,211003342
2015-10-05,131578,56769,4990,4479,1232454,126320842
2015-10-06,142433,40506,12803,4787,917666,110274530
2015-10-07,315850,160605,11074,4168,2806831,124307295
2015-10-08,1045926,104800,6633,4220,1464649,153055231
2015-10-09,162743,644605,15757,281,1003322,107069240
2015-10-13,58813,43347,219426,1231,1811006,88038718
2015-10-15,70690,53572,9190,982,2239596,134142195
2015-10-16,74007,88850,1651,100,1211359,114580052
2015-10-19,76347,881920,69798,700,2670406,76523897
2015-10-20,84872,61746,11178,1118,936039,78448484
2015-10-21,93647,316448,8892,378,859955,102038033
2015-10-22,341536,468526,7353,232,1287774,174911723
2015-10-23,226288,101501,5709,250,2352695,144442340
2015-10-26,169016,132952,17095,1979,2207465,69032965
2015-10-27,99893,225764,2800,216,2245988,77905770
2015-10-28,82717,502141,11437,100,1796538,135906725
2015-10-30,87725,326901,2834,194,990894,131076942
2015-11-02,286568,302788,3885,13262,2124457,86270811
2015-11-03,116776,387368,13367,231,1563665,95246052
2015-11-05,90647,256556,2290,1010,959549,78408744
2015-11-11,62478,47363,1215,344,1077437,67845971
2015-11-12,266299,384969,2892,1763,1422793,121315200
2015-11-18,113920,231809,9100,1585,1150524,121342544
2015-11-19,111179,123094,1616,1827,1176903,88220465
2015-11-24,88957,305144,1486,299,1341079,98874365
2015-11-25,161290,579820,2369,800,808303,51980062
2015-11-27,75584,72363,20600,163,460437,37317779
2015-11-30,84908,311804,6221,790,1251702,112822700
2015-12-01,92243,357625,3776,1197,4359539,97858418
2015-12-02,165764,1250003,3078,2411,2297336,108441259
2015-12-03,262821,126395,706,1501,1648370,166224154
2015-12-07,247715,190515,2099,37338,1827920,102027111
2015-12-08,82148,75314,2785,1599,1499163,103372367
2015-12-09,133542,146773,1956,5673,4154081,162401537
2015-12-10,126235,104159,71851,657,2710981,116128884
2015-12-11,143624,109581,16270,6501,1791801,211125329
2015-12-14,506931,156564,4652,3871,2525110,182385177
2015-12-15,239095,184181,75477,723,1464500,154069569
2015-12-16,353911,87434,3932,1672,2153963,197017008
2015-12-17,562451,410389,24960,3752,3694974,173092476
2015-12-18,194257,157279,6914,1494,1727033,251393535
2015-12-21,227925,135468,32145,996,1796652,99094290
2015-12-22,682328,802231,3720,310,1319465,111026246
2015-12-23,212518,475677,8395,2701,1923230,110987228
2015-12-28,386002,174823,565,1240,1262438,65899939
2015-12-29,148608,141786,7962,986,1421633,92640672
2015-12-30,208920,79704,3275,685,1460026,63317679
2016-01-04,494381,196660,4274,1248,2977658,222353534
2016-01-06,262617,180127,3720,1927,2766097,152112604
2016-01-07,212007,165957,4982,150,2740833,213436073
2016-01-08,568294,541394,885,12580,3711822,209817228
2016-01-11,460074,276186,235355,158677,3771180,187941323
2016-01-12,211493,342725,102902,42135,2998437,172330490
2016-01-13,338242,212751,123883,3544,4079494,221168886
2016-01-14,347117,311397,16460,5238,4322660,240795609
2016-01-15,322927,659671,34559,360,3519882,324846447
2016-01-20,883398,857767,166149,1677,4905697,286547839
2016-01-21,942490,1410678,61468,983,3473531,195772941
2016-01-22,793179,700627,3845,2321,7374120,168319598
2016-01-25,489489,228734,51824,1295,1744215,130371686
2016-01-26,371789,307864,1993,1311,3412317,141036757
2016-01-27,525469,771529,5347,3282,5806216,185681707
2016-01-28,278213,338092,73060,816,3341673,143798780
2016-01-29,302074,365678,122523,800,2828971,210529336
2016-02-01,426398,346334,11565,149,3285570,136061564
2016-02-02,758883,687956,2428,321,3394036,182564890
2016-02-03,611723,215799,15930,1673,6882928,205054934
2016-02-04,406594,495407,187047,325,4827089,139531794
2016-02-05,427179,677516,29491,401,5128054,180788308
2016-02-08,630975,616614,29631,4882,4246619,191526694
2016-02-09,609851,155764,19184,702,5740708,184513136
2016-02-10,668347,362697,13815,4282,4978968,148214057
2016-02-11,304919,358649,6333,1884,5332120,219058885
2016-02-12,506214,539007,232993,196,4594363,127632393
2016-02-16,146194,129475,7474,2635,3645255,120250668
2016-02-17,205092,199873,2581,578,3804943,136009496
2016-02-18,125753,501897,6357,1243,5903415,102342997
2016-02-19,92633,125083,328116,545,19258831,114792988
2016-02-22,189035,210232,32173,365,6749493,103640292
2016-02-23,118402,1070449,10289,517,4958849,111455289
2016-02-24,110079,122901,3756,304,4598029,150812152
2016-02-26,107334,971842,28023,851,4249460,129833663
2016-02-29,240437,175988,8689,238,4204371,125918102
2016-03-01,295324,128859,11754,1104,3519672,141799687
2016-03-03,267993,252505,6989,1995,3706158,95172197
2016-03-07,334836,110503,104050,2243,3868716,100218998
2016-03-09,75895,104773,19378,276,4689780,94801213
2016-03-10,125367,172978,12381,434,5539457,156838697
2016-03-16,280974,122721,20406,1860,4154289,129303179
2016-03-17,454430,692740,27763,1294,3983322,134143421
2016-03-18,187256,104641,12461,3200,5043633,138372404
2016-03-21,234490,81547,9551,798,3330967,72926659
2016-03-22,286766,763177,10680,748,3198206,97471939
2016-03-23,82195,88680,19592,505,2967806,81052455
2016-03-28,262377,123813,33574,667,4021683,62408185
2016-03-30,143004,495121,48917,1609,3486432,86365310
2016-04-01,366196,255192,8489,402,4295267,114423478
2016-04-04,416478,153645,8534,1293,3833622,63496969
2016-04-05,308256,133068,11650,348,4223208,99662158
2016-04-07,329465,201456,9015,306,4857686,113859037
2016-04-08,345407,76366,5412,294,4401886,95040598
2016-04-11,180909,161607,4257,1486,3391231,83757486
2016-04-12,781032,424378,11096,4729,11409241,115350567
2016-04-13,191045,180234,66450,882,5190368,96336433
2016-04-18,203349,244873,7511,1924,3036717,82530960
2016-04-19,224648,615545,10083,2300,4790981,88316060
2016-04-20,185505,263262,58079,825,2870132,81100314
2016-04-21,179791,1008407,4133,28950,5571324,85695041
2016-04-25,140046,177996,5470,738,2421024,66166494
2016-04-26,172924,675648,215709,2535,2511799,75864174
2016-04-27,262509,94275,117699,824,2454788,77329437
2016-04-28,173649,166721,9835,1052,2608479,97216169
2016-04-29,334599,295641,2264,834,4036954,142424137
2016-05-02,353091,340288,9161,819,2462434,62188015
2016-05-03,177161,94856,161146,180,4014156,106422142
2016-05-04,146458,133115,33358,1293,2809536,92243810
2016-05-05,50602,76368,23511,1621,2955242,67619222
2016-05-06,137281,83297,3056,623,3079915,89315004
2016-05-09,101511,69046,9620,553,3213229,74374922
2016-05-10,140785,397429,78520,1855,2592120,77472207
2016-05-11,208548,111642,30195,1182,3078954,81726989
2016-05-12,77991,68245,12421,449,3460160,89586308
2016-05-13,67987,84924,419781,625,3175287,96474630
2016-05-16,180355,79866,54156,1333,7484243,77486827
2016-05-17,202996,116972,7212,3416,2395820,114924940
2016-05-18,270106,277403,13385,529,4047530,123493379
2016-05-20,104565,54877,48690,810,2077724,104990408
2016-05-23,439776,714858,31119,3536,3305797,58682576
2016-05-24,231455,188762,12743,2649,2823810,93537808
2016-05-25,145486,167080,6646,702,4567450,79221525
2016-05-26,111272,196881,8044,492,2942559,55280699
2016-05-27,89586,75870,4164,1523,1908254,64211214
2016-05-31,339197,95640,21574,1289,3541724,109879380
2016-06-01,149273,112318,14764,2777,2563161,69936215
2016-06-02,177622,224057,21263,1797,2172171,63044749
2016-06-03,201104,310017,11184,438,3132477,101757126
2016-06-06,415604,228597,16428,777,3078600,64887045
2016-06-07,223891,137498,71297,2024,2909474,60974761
2016-06-08,173698,114323,139959,1569,1926549,66170920
2016-06-09,162774,76262,24919,1063,2391117,73786869
2016-06-10,174223,439539,138602,734,2522337,113829158
2016-06-13,190703,1613349,15057,500,5346475,117751153
2016-06-14,163651,102672,21108,1009,2757126,125059286
2016-06-16,224394,161426,15357,2501,2860698,149533065
2016-06-17,216201,272923,12816,789,2773825,117055748
2016-06-20,159577,135228,5383,3870,2094274,82789603
2016-06-21,139479,177842,191247,447,6202398,72461663
2016-06-22,159231,290444,6915,1687,5354388,95560471
2016-06-23,223418,341939,23107,1504,4366229,102731356
2016-06-24,309906,523027,172656,893,9102915,333444397
2016-06-27,337227,1835353,51391,1991,6064787,248988660
2016-06-28,277009,159509,37942,385,4873987,159382399
2016-06-29,423316,178162,27058,1729,5695619,137328614
2016-06-30,295202,147454,22474,1960,5566073,165021948
2016-07-01,178637,228026,11708,15442,4644865,106055333
2016-07-05,208987,80644,29511,1530,3301143,109803713
2016-07-06,324618,117912,12353,1415,7692313,96021491
2016-07-07,352744,160587,3829849,7434,4228217,85593827
2016-07-08,282169,180302,23055,1959,3687023,133970972
2016-07-11,403762,112850,11201,2001,4465262,73633937
2016-07-12,340595,517734,185072,2407,4551045,101275629
2016-07-14,178148,742305,6608,1302,6516136,91230870
2016-07-15,425929,104416,15404,3588,3377583,107155401
2016-07-18,330472,3234736,46597,741,5561808,58725918
2016-07-19,226848,118985,72360,25816,2658386,54345728
2016-07-20,219685,250174,8868,1759,2896667,58159457
2016-07-21,136505,76530,9888,2005,2929352,67777310
2016-07-22,225640,76553,9401,459,1944304,62787477
2016-07-25,220298,78755,9345,17130,1856421,55873147
2016-07-26,138712,140962,135564,10958,6123646,70080493
2016-07-27,212452,854987,49668,470295,7349244,84083893
2016-07-28,97756,57082,7119,3193,2069596,65035718
2016-07-29,209196,96024,8356,4136,3563016,79519436
2016-08-01,190627,183638,53273,6143,2840187,73311422
2016-08-02,211095,752551,17923,6789,3179508,92295506
2016-08-03,155171,119926,15253,1442,9472206,53993626
2016-08-04,138497,202857,4877,1245,3884255,46585528
2016-08-05,337782,155782,9649,2362,2803656,71892161
2016-08-08,120277,113970,7078,5174,2825299,39906479
2016-08-09,400661,80757,7665,2794,2503961,51251728
2016-08-10,101551,299325,5935,3256,6032383,57941092
2016-08-11,164057,143591,64222,1611,2457997,72504270
2016-08-12,244636,64214,14064,1429,4238149,61313544
2016-08-15,131195,135248,20380,6339,2265704,49813482
2016-08-16,166564,63456,9903,4719,5188205,53213621
2016-08-17,187270,79470,4637,2955,6518823,75134339
2016-08-18,161161,222724,16324,1545,5256890,52989266
2016-08-19,275334,83534,34546,22694,5124460,75443004
2016-08-24,146692,162699,56335,4248,2393997,71728949
2016-08-26,270602,123406,75655,9033,4182987,122506348
2016-08-29,145568,79926,86386,2731,1879067,70502167
2016-08-30,179827,72402,35875,14086,3689018,58114543
2016-08-31,260195,129294,39460,4914,2886370,85269453
2016-09-02,237869,60851,11550,12839,3141982,79293856
2016-09-06,366575,141675,29522,12000,3194733,56702089
2016-09-07,199222,125636,5324,859,1737546,76554855
2016-09-08,648589,724467,643208,2738,2624935,74102880
2016-09-09,245254,177888,94791,2142,8741925,221589073
2016-09-12,192959,148265,28466,379,4752496,168110913
2016-09-13,151261,2599760,10179,12121,6216864,182828839
2016-09-15,177604,655602,7624,2965,3503099,145736123
2016-09-16,152452,729392,130691,2434,4042555,155236354
2016-09-19,91388,127454,12213,1468,2626137,80250490
2016-09-21,213332,206259,11140,267,9666372,110284425
2016-09-22,107815,124871,13334,2093,2807867,76678713
2016-09-23,218105,112089,15666,1441,2370072,73630921
2016-09-26,129663,151798,39202,1840,2639315,89827305
2016-09-27,80784,247084,26985,1091,2238556,78494829
2016-09-28,177586,247185,80204,1755,2361348,87411015
2016-09-29,187918,677682,728443,3961,3390883,128070615
2016-09-30,97849,2026762,551886,3218,2641827,117202914
2016-10-03,312490,2196982,1087621,8575,3886131,83512057
2016-10-04,181903,925583,22708,844,5399543,119948052
2016-10-05,95803,784077,45205,1602,18223128,72815963
2016-10-06,136557,440610,22357,2638,6070262,62927376
2016-10-07,90141,166140,24779,2135,3929248,89788255
2016-10-10,571647,148510,17934,1276,2648702,51855023
2016-10-11,375048,66591,15472,3662,3616343,130367373
2016-10-12,129846,968831,616686,3007,1726789,73866117
2016-10-13,193366,233751,185095,258,2838018,101356960
2016-10-14,226798,289614,371233,714,3451759,93346237
2016-10-17,140739,105959,26418,4111,1606738,58275674
2016-10-18,201659,175604,23972,6797,1915534,76869656
2016-10-19,154637,196177,134765,4173,1546755,66519224
2016-10-20,329929,289120,54806,1504,3010205,73639830
2016-10-21,124466,104996,425876,586,2706397,89089092
2016-10-24,334118,124003,39099,2328,2969650,60146592
2016-10-25,282365,76173,904371,5703,3427088,66542329
2016-10-27,164380,184933,34757,2660,3119663,77220213
2016-10-28,430065,212382,62786,1419,3620884,140623183
2016-11-01,292760,471225,31059,4183,4501564,122781818
2016-11-02,189484,118136,626319,3560,3489241,103330806
2016-11-03,214657,304371,148302,1867,2430873,88939346
2016-11-04,170158,560332,294648,1558,3012295,109122059
2016-11-07,142450,564194,121392,5877,3172603,109794861
2016-11-08,177474,182127,1014274,4548,2738443,106772138
2016-11-09,335047,695288,1470053,2473,6356181,258428972
2016-11-10,742029,770822,426999,2579,7022040,172113313
2016-11-11,157294,621131,469029,2359,4093015,100552732
2016-11-14,396474,514246,190361,13652,5783712,94579982
2016-11-15,300552,231310,178069,59131,3910580,91652580
2016-11-16,224010,1023792,1642294,97291,1944469,65617697
2016-11-17,179675,156276,85603,12353,3266391,69797191
2016-11-18,212078,194321,102908,11367,3356085,86265751
2016-11-21,707743,1778924,129066,4081,2497182,72402638
2016-11-22,253285,855253,116692,5709,2907905,67428957
2016-11-23,221261,318242,60635,3034,2296964,56620237
2016-11-25,52405,73282,60137,1164,1468762,37872255
2016-11-28,176249,319208,208869,6547,2131120,76572511
2016-11-29,228799,245228,311363,5119,2846981,69886690
2016-11-30,209115,248872,46982,4476,4206275,113291793
2016-12-01,360943,522663,964452,6011,4052909,79040487
2016-12-05,362683,184718,128107,3789,2805392,67837821
2016-12-06,261540,165739,236282,3274,3069100,59877377
2016-12-07,133342,1243727,94595,4534,3278925,110738050
2016-12-08,151344,226605,303672,14630,3034573,99714387
2016-12-09,432090,389545,665773,12850,2787027,88005766
2016-12-12,155939,162357,424060,16423,4045822,101906238
2016-12-13,193256,131739,287384,37044,2856135,110477485
2016-12-14,191316,204584,67019,5707,3605306,142501812
2016-12-15,203975,305572,439638,12433,3042164,124972554
2016-12-16,140224,196888,62292,10774,2322716,156420152
2016-12-19,289706,173662,52663,4689,1397084,90341147
2016-12-20,262517,241779,39470,4174,2118573,89838810
2016-12-21,421061,988013,109744,4153,1617456,67909039
2016-12-22,405001,800428,804407,18057,2105679,56219071
2016-12-23,177093,748562,42044,2792,1148841,36697822
2016-12-27,119033,562137,42811,13666,1262991,42672487
2016-12-28,106821,805628,28225,2155,1448548,64095014
2016-12-29,126857,586223,601275,4141,4181673,48696080
2016-12-30,224042,888774,85549,4341,1970086,108998328
2017-01-03,284086,854427,345002,25266,3315163,91366522
2017-01-04,215419,815576,169708,7774,2130971,78744433
2017-01-05,393469,171886,134147,2953,2254744,78379012
2017-01-06,248855,181335,52200,3799,1783988,71559922
2017-01-09,158134,185389,65982,1334,1806468,46939676
2017-01-11,175309,253003,123972,3737,5593141,74650016
2017-01-12,168805,545800,60967,2109,1462599,72113181
2017-01-17,394889,225320,141487,16994,3288796,61240814
2017-01-18,451672,194172,608405,10293,2175892,54793302
2017-01-19,274275,415046,325606,142699,2477659,66608787
2017-01-20,260043,135004,843700,3324,1701440,129168623
2017-01-23,157399,468095,166891,5321,2132289,75061645
2017-01-24,337830,170799,174679,11840,1382054,95555295
2017-01-25,424606,466461,124860,1967,2091397,84437712
2017-01-26,457959,1655181,482467,7677,2466945,59970719
2017-01-27,206127,80193,86239,3410,1447318,59695224
2017-01-30,125118,2298692,89656,4689,2014851,79737252
2017-02-01,551253,274951,1180929,3203,2524198,79117651
2017-02-02,267247,116695,86945,11343,1386285,69657560
2017-02-03,153130,308462,51295,2367,2017220,80563168
2017-02-06,162046,103694,89638,749,3224388,57790108
2017-02-08,633919,292805,420823,59689,2511924,51566218
2017-02-09,246122,284054,239042,8906,1472191,65955245
2017-02-10,149585,285455,46672,2126,2169081,66015892
2017-02-13,177938,132030,102065,18872,1771987,55182050
2017-02-14,321893,118562,180157,2654,1746517,71108983
2017-02-15,355827,201128,110852,85063,1547464,86785826
2017-02-16,150571,217905,99455,2501,1922623,84722437
2017-02-17,108136,236765,114565,1144,2401136,77204104
2017-02-21,137065,97315,167460,215964,1602998,88946051
2017-02-22,154714,95089,218929,2401,1766484,62115185
2017-02-23,168087,224631,42647,1818,1560616,74615902
2017-02-24,108662,182049,97988,4876,1218715,82381612
2017-02-27,107377,94492,111679,8036,1644904,56515440
2017-02-28,393488,307688,86858,54808,1676549,96961938
2017-03-01,256598,249442,141221,10248,2245104,149158170
2017-03-02,431412,137481,383524,2721,3529567,70245978
2017-03-03,79136,259861,125407,141386,1809661,81974300
2017-03-06,226761,134396,72510,1451,1856895,55391533
2017-03-08,192331,128926,262613,32920,2665412,78168795
2017-03-10,227940,197221,141334,8724,1385067,81991652
2017-03-13,142401,125010,93472,8749,1951006,57256824
2017-03-14,140297,164222,1490536,3534,2221627,59880778
2017-03-15,202932,117144,482187,2821,2050915,96081750
2017-03-16,126112,175393,117357,2783,1120182,78343951
2017-03-17,127145,60669,67083,2061,1009647,89002111
2017-03-20,196896,120931,90901,1479,1655558,52536979
2017-03-21,175947,92097,270934,1390,5277867,131809275
2017-03-22,158718,80987,81142,2936,2536706,97569204
2017-03-23,520640,451830,251493,5242,1635005,100410277
2017-03-24,136175,170670,87772,2891,2336971,112504853
2017-03-27,157781,110580,266202,1220,1826504,87454452
2017-03-28,103479,188550,79603,1942,1696906,93483915
2017-03-29,193438,273155,168497,1634,1191527,61950354
2017-03-30,294714,129108,125039,6969,1433823,56737890
2017-04-04,205667,130905,119846,14284,1566160,56466195
2017-04-05,196792,101335,112513,10796,3961892,108800604
2017-04-06,110617,71576,64458,2577,1114694,69135757
2017-04-07,102381,82205,84768,1329,2169854,74386480
2017-04-11,127045,150471,397872,1732,3181951,88045276
2017-04-12,286354,155999,540787,11020,1223751,81864436
2017-04-13,186870,81282,155801,3560,1614757,92880394
2017-04-17,142110,78434,78770,5307,1079192,68405367
2017-04-18,1459701,281559,103741,1615,1111477,83225821
2017-04-19,381583,88121,65625,2529,1396756,68699868
2017-04-20,177252,56551,80218,10602,1643893,92572186
2017-04-21,156512,76652,51981,3495,1418876,110389847
2017-04-24,143180,84419,237523,1715,1398994,119209877
2017-04-25,241363,280074,113268,2801,2435699,76698265
2017-04-26,241604,117072,102731,3145,3378090,84702455
2017-05-01,296951,82910,75786,2266,1089155,66882521
2017-05-02,1341710,96076,47173,3680,1457494,57375732
2017-05-03,288250,150951,109223,2130,1567899,73137731
2017-05-04,1751234,66559,68097,21578,1061989,61443570
2017-05-05,167090,154906,52178,9712,945548,62001269
2017-05-08,476402,70240,53767,15126,1467624,48385730
2017-05-09,1369337,157614,56640,2255,1163270,51363200
2017-05-10,246316,68133,692127,3666,1918740,54293799
2017-05-11,106283,80008,413908,5547,1846368,62358346
2017-05-12,896673,172813,32142,6677,1137376,53912730
2017-05-15,295218,135390,573528,42507,1189336,61918937
2017-05-16,150853,401656,75698,8489,1280508,51241791
2017-05-17,145308,128633,73732,3065,1677505,172174107
2017-05-18,286043,211901,225602,12898,1424959,107047656
2017-05-19,145347,98357,59363,10294,1058067,115011373
2017-05-22,150906,191553,36313,2301,953988,61010602
2017-05-23,155092,116597,272821,12401,1165619,48341683
2017-05-24,317206,157843,54174,6630,991550,49181099
2017-05-25,262210,58665,128919,2423,1304352,64071661
2017-05-26,148064,48296,103118,33905,887085,46629905
2017-05-30,134184,65346,89167,4401,1345818,35201897
2017-05-31,120011,208774,140424,1765,1241655,91796016
2017-06-01,652018,553580,616951,17448,1982605,68962024
2017-06-02,366239,125729,292527,6399,1640661,88666128
2017-06-05,428353,193961,184678,32944,842031,44698825
2017-06-06,714577,253043,63454,2998,2902768,50375430
2017-06-07,323466,1181810,350864,1398,911756,54144311
2017-06-08,260744,67915,39540,8471,1140289,65950691
2017-06-09,338529,223485,230192,18777,1965927,132256362
2017-06-12,2192163,382182,1274871,319941,4286341,86108102
2017-06-13,299995,85809,200610,3141,967348,60066953
2017-06-14,167024,363135,697235,1235,1675224,78602311
2017-06-15,143587,867686,76405,3477,1406430,66464888
2017-06-16,134690,334429,99272,6744,1135858,84553097
2017-06-19,162488,1075699,820299,2697,3048143,65123802
2017-06-20,839927,441853,78918,4064,851254,56906368
2017-06-21,237369,63565,60978,716,1271756,55977569
2017-06-22,235691,58325,87647,6095,813248,44148059
2017-06-23,107565,73067,308911,325,1150760,66986801
2017-06-26,222740,132206,835168,1161,726084,56700477
2017-06-27,173362,270414,93119,3310,1741620,82247666
2017-06-28,203622,117809,70800,2857,925628,70042599
2017-06-29,355720,91740,61055,5441,2594602,106949719
2017-06-30,177821,103422,56163,3471,1062943,86820694
2017-07-05,1277941,121337,104089,37224,2442056,54427596
2017-07-06,430101,132801,37611,4173,2855102,66115317
2017-07-07,228704,219421,25721,4595,888367,57972268
2017-07-10,655930,166517,177943,5599,1341727,36663274
2017-07-11,447043,78523,219147,3471,1055987,50354614
2017-07-12,249566,60134,34675,862,2091561,59610405
2017-07-13,216726,899194,213986,71433,1451882,39471637
2017-07-14,1932720,2505653,2245844,2270320,1310320,60262692
2017-07-17,207450,77393,245678,18807,1040742,33531917
2017-07-18,315721,62170,73678,4555,755394,42742498
2017-07-19,203080,321003,75236,2545,848438,51034260
2017-07-20,167169,47571,111833,3536,2085871,47135183
2017-07-21,148517,94709,117316,20759,3041851,88711019
2017-07-25,210246,45378,55888,2578,1733318,54915591
2017-07-27,370028,137536,208054,1580,884099,70766568
2017-08-01,408712,92417,73149,4908,731570,55050401
2017-08-02,317629,331065,202146,1511,1105113,47211216
2017-08-03,275585,218765,147002,2432,1649988,40855997
2017-08-07,483658,94194,545456,762,3280255,31995021
2017-08-08,1063478,144983,53078,2747,797791,61719353
2017-08-10,358280,175616,670445,453231,1783305,120479470
2017-08-11,303510,64905,126113,497,1217882,74869947
2017-08-14,292619,110313,403390,1050,2132353,73291919
2017-08-16,322597,104724,215628,12535,929312,56715544
2017-08-17,244610,73488,60113,779,998414,128490396
2017-08-18,292869,110581,138286,7027,3186800,136747986
2017-08-21,300658,128710,75709,16603,1258666,65469736
2017-08-22,359859,59251,53579,820,2148677,63140101
2017-08-23,276302,105531,40287,7777,1091112,50203837
2017-08-24,253079,85547,73943,15005,720627,50741671
2017-08-25,212103,83867,60232,1636,998252,64445912
2017-08-29,200434,66508,47174,2394,1118424,51135715
2017-08-30,270096,97009,82059,2164,1193582,62030805
2017-08-31,275594,72235,61811,606,749798,103803880
2017-09-01,379631,66523,188953,2127,862817,62006989
2017-09-05,280930,203808,1314220,1170,1479877,91398777
2017-09-06,631343,97364,235858,3723,1245180,57916867
2017-09-07,221062,71063,82166,133083,1578676,58034730
2017-09-08,194304,215125,295231,186,1483330,63832825
2017-09-11,203251,102830,66382,1623,759521,71364848
2017-09-13,182788,104357,225152,126874,1287341,59228002
2017-09-14,274586,1189647,153933,4228,914022,95446349
2017-09-15,172511,431782,617260,14686,727426,95432382
2017-09-18,281196,1651579,362723,5501,799047,46235238
2017-09-19,266390,87143,65277,5784,2771762,47108148
2017-09-20,235985,61620,66620,997,962238,59574083
2017-09-21,321812,70999,89185,554,1072317,48211398
2017-09-22,129770,228622,41254,2644,759627,51214032
2017-09-26,429078,644469,352633,4277,1020498,54081959
2017-09-27,633238,1134410,166118,638,1139560,81001426
2017-09-28,179308,183855,93291,972,1244688,44778841
2017-09-29,256097,219805,164990,41608,1975931,85578002
2017-10-02,337393,348522,824385,128107,1657460,59022985
2017-10-03,489120,84381,529128,2795,1562839,66810169
2017-10-04,272310,160965,200182,7991,858833,55953619
2017-10-05,252697,59525,58762,926,1204706,63522757
2017-10-06,278359,164727,59061,8342,1356513,80645998
2017-10-09,347798,269910,32300,5887,664095,35803138
2017-10-10,206916,1568743,104437,1363,2253943,43057363
2017-10-11,489091,519967,248766,182495,2756906,47674325
2017-10-12,581225,163610,81471,4444,890036,47065144
2017-10-13,421552,56101,52918,2220,709060,54800435
2017-10-18,401781,116480,219807,6664,1197058,40888330
2017-10-19,267953,60473,47814,3307,1332279,61903788
2017-10-20,364224,116932,32129,1328,1211164,89176377
2017-10-23,414446,102678,144498,5066,1481862,63915306
2017-10-24,326480,467354,150773,4281,856673,66935910
2017-10-25,555069,95843,44189,3575,1242408,103715291
2017-10-26,433343,204955,138364,1663,600936,69797972
2017-10-27,321489,260306,2610611,1926,918923,85562544
2017-10-30,323230,113381,142471,1460,757468,54285687
2017-10-31,438035,219463,65231,2763,780595,60304781
2017-11-01,472936,158791,101871,13991,987393,54202736
2017-11-02,327851,103869,88253,1988,737476,56449535
2017-11-03,720952,64329,53428,4055,828261,59589730
2017-11-06,638199,1006491,626243,477926,2252027,49652598
2017-11-07,767243,699265,513878,6508,848553,57502161
2017-11-08,319623,69036,49489,1148,1619060,50469579
2017-11-09,511487,90657,52392,651,1547005,93981044
2017-11-10,502926,222800,149812,18868,926763,59984662
2017-11-13,452817,1091734,164800,19451,4051465,50228648
2017-11-14,365649,80569,60651,1142,9056546,61315152
2017-11-15,343392,145896,210377,2456,1122210,80811525
2017-11-16,782010,151964,298735,953,749366,67777027
2017-11-20,404160,185511,106052,17259,1118046,48075514
2017-11-21,499473,104278,172276,10947,1091864,69176799
2017-11-22,414798,191151,255661,13321,1035391,45033392
2017-11-24,200835,29884,23107,630,258383,27856514
2017-11-27,322293,94215,82051,1190,874934,52274922
2017-11-28,491482,210235,53437,9126,831914,98971719
2017-11-29,570416,141271,639893,2217,1016437,77512102
2017-11-30,568851,125638,154525,1225,856830,127894389
2017-12-01,918244,333524,308471,3054,1661590,164390902
2017-12-04,680330,182888,113591,3062,1589678,94040560
2017-12-05,506261,368431,588777,3146,853711,77994544
2017-12-06,269151,66302,1371185,1528,625817,75898566
2017-12-07,315077,98880,256583,613,946856,77218569
2017-12-08,338067,86723,98978,196381,915455,76563873
2017-12-11,424327,146241,64593,39839,1071811,83077533
2017-12-12,298794,1909956,119197,39833,1215836,85195750
2017-12-13,494687,149892,130871,22281,841722,102905409
2017-12-14,288853,227561,214399,107536,1061663,100666692
2017-12-15,329719,749016,221965,6765,1113465,144610290
2017-12-18,448374,183444,800656,2955,1232471,83653572
2017-12-19,357965,132962,362459,14255,1055448,82382876
2017-12-20,391511,322290,857744,1308,1589924,76751500
2017-12-21,289209,106086,169199,14497,1107166,67032339
2017-12-22,239001,118350,80107,1130,918123,78720873
2017-12-26,220347,147721,210497,3375,866026,45244433
2017-12-27,923596,141195,676338,884,1562865,57750986
2017-12-28,326677,222551,66949,856,1243314,45116139
2017-12-29,414923,236760,128724,15809,1462900,96007424
2018-01-03,1560329,421574,572708,2765,1994451,90070416
2018-01-04,973240,194206,434679,177682,1109332,80636408
2018-01-05,841908,182554,180072,9029,1449361,83523995
2018-01-08,1006467,375244,348384,1808,1607696,57319192
2018-01-09,660771,249959,503462,3264,1998451,57253957
2018-01-10,1212335,300883,339946,12409,1123061,69574318
2018-01-11,2536994,178422,740931,116334,1362107,62361455
2018-01-12,512111,238167,108332,1467,862100,90816076
2018-01-16,1775520,181385,439247,1521,1945463,106555142
2018-01-17,949140,146314,158789,12141,1194247,113258799
2018-01-18,1437593,248941,278063,9510,1338359,100728006
2018-01-19,1018099,154017,240227,3990,1221731,140920098
2018-01-22,712276,132464,120190,3459,1211283,91322408
2018-01-23,701898,115039,176269,10951,1353495,97084700
2018-01-24,698663,342300,282203,4143,1666955,134816117
2018-01-25,668072,216123,175862,2869,1758744,84587313
2018-01-26,549662,196860,506114,1148,1723317,107743119
2018-01-29,1237498,228780,199701,4323,1630778,90118337
2018-01-30,900033,570635,294889,12297,1800684,131796419
2018-01-31,1012297,442783,580691,28045,1704501,118948131
2018-02-01,1002856,1376600,289942,693,10346435,90102470
2018-02-02,905054,558403,260011,3287,2584011,173174790
2018-02-05,2125038,618765,632356,15634,6267226,294681816
2018-02-06,2300710,2287488,850855,7375,7971867,355026782
2018-02-07,959043,630625,635832,3572,6274557,167376100
2018-02-08,1300163,425971,754628,2085,5094137,246449505
2018-02-09,1856306,788827,717571,6434,6896581,283565315
2018-02-12,1440217,794601,379264,276212,3124807,143735976
2018-02-13,815037,175376,371863,197515,2246143,81223640
2018-02-14,1317325,530408,281148,329,1871091,120735685
2018-02-15,975548,313749,272394,7715,1521899,111200286
2018-02-16,825741,188070,1266733,993,1617103,160420135
2018-02-20,1290287,177935,270163,5682,2273733,86369662
2018-02-21,858777,144790,242629,856,1185501,98883740
2018-02-22,614358,295048,506099,1046,1493424,110511290
2018-02-23,519022,149754,132312,869,2582485,92766428
2018-02-26,820955,139643,200183,14135,1636322,86491406
2018-02-27,998362,237125,458273,2091,1706161,99099165
2018-02-28,830722,130857,191748,13390,1535422,121907767
2018-03-01,1366439,1494809,1335020,8070,3646208,176855077
2018-03-02,956577,191124,489276,2605,2493659,139083217
2018-03-05,504680,163039,147871,2445,1619487,97307387
2018-03-06,463652,378217,131877,1896,1443632,79213163
2018-03-07,720149,143782,192868,54660,1468268,87063502
2018-03-08,519299,163416,299810,810,1218550,66901150
2018-03-09,705807,154956,277565,1724,791760,113625335
2018-03-12,1527280,393486,820851,25779,2786279,71924793
2018-03-13,1301550,229025,153367,3332,995029,91968937
2018-03-14,729207,136445,143225,1124,1221662,105895079
2018-03-15,475752,170812,80078,1080,873408,83433038
2018-03-16,619601,251219,250124,1534,1492652,100343673
2018-03-19,790597,222801,147843,1317,1289387,109208442
2018-03-20,498869,151367,106490,1455,1046317,59757271
2018-03-21,521125,133080,184148,4957,1216800,78709578
2018-03-22,913888,171277,306492,9253,1837724,148785916
2018-03-23,2312281,852704,637863,2146,2803501,183534751
2018-03-26,2333877,217292,735145,4343,2515005,141956102
2018-03-27,1838719,484957,463250,16851,2815267,129941445
2018-03-28,1267935,316737,613582,158608,2857527,146452306
2018-03-29,518341,217108,243663,829,3388423,124244790
2018-04-02,2400606,684015,696231,41347,3450330,186286343
2018-04-03,4003377,225744,897737,11566,2120731,119956861
2018-04-04,1255634,329750,328673,1390,2437273,123715339
2018-04-05,1173370,265048,177377,2643,1363119,82652618
2018-04-06,1610063,320882,1164330,1383,1953755,179521209
2018-04-09,776111,276693,350700,697,936742,105442932
2018-04-10,1005609,353987,553126,2082,1588252,105573736
2018-04-11,582848,928946,783348,56845,2212036,91140243
2018-04-12,806441,296496,524635,2818,1805299,68890480
2018-04-13,825282,223622,254580,373,1401927,85079176
2018-04-16,462147,257648,172484,1304,2216370,63405287
2018-04-17,5679832,2021668,197669,3425,1916816,64682036
2018-04-18,1242874,562357,639372,1281,1167295,57303857
2018-04-19,557736,339476,241087,1214,1494837,77655909
2018-04-20,594487,190898,176886,22499,1314802,99953133
2018-04-23,511498,162029,212087,1607,856963,65557954
2018-04-24,967200,383351,379835,3913,1490349,112885452
2018-04-26,469396,220657,222475,3396,872341,67731942
2018-04-27,550766,292487,190716,1405,848983,57053647
2018-04-30,491083,172100,137363,5039,2186089,82182324
2018-05-01,868908,531579,418250,35724,1399990,74203365
2018-05-02,619006,327981,265105,4053,1043814,86368943
2018-05-03,1214376,401928,548288,164219,1567035,136311479
2018-05-04,607394,103233,165532,2369,893329,91222075
2018-05-07,781500,210252,279834,1873,975014,55304907
2018-05-09,615195,240146,120660,5009,1090114,59666143
2018-05-10,1101348,548913,501567,1218191,3885056,72063931
2018-05-11,533062,645892,116760,12733,1801642,59871511
2018-05-14,574022,278052,163402,5015,1677615,54790606
2018-05-15,4503784,1999182,273867,2216,1719924,87036136
2018-05-16,984726,737625,178992,1512,1144256,53942631
2018-05-18,437836,283365,127933,1402,876215,64367959
2018-05-21,624839,341422,239263,523,1230574,58025875
2018-05-22,2383912,200581,207005,1243,1081001,52966358
2018-05-23,728014,208071,124490,2476,983084,64694184
2018-05-24,553546,294950,269904,2915,1475306,76043827
2018-05-25,680305,252580,271646,1146,1207712,56374755
2018-05-29,743814,207191,301732,2372,1489675,115908607
2018-05-30,550997,183999,184085,3102,2591274,69678449
2018-05-31,675002,186991,296418,1539,1230059,93519941
2018-06-01,700155,292218,442808,4992,1102688,71258411
2018-06-04,452486,195409,113681,52949,1429880,45385166
2018-06-05,891225,238767,139716,3781,1143308,51135038
2018-06-06,600800,196473,535618,1129,1773850,62732215
2018-06-07,1020602,418432,355225,2279,1049827,72969402
2018-06-08,1009549,240617,184194,2749,1647478,72139719
2018-06-11,499203,143231,192083,1049,2291985,58892515
2018-06-12,1445345,844253,764851,102798,2163707,72329028
2018-06-13,1425363,172859,210149,3985,1266880,79070610
2018-06-14,724321,247959,262715,27224,1141763,77097620
2018-06-15,658424,217742,259636,1082,1453259,120041562
2018-06-18,730771,164774,149965,2127,957119,52917581
2018-06-19,727677,1095857,655632,475877,2793477,97531510
2018-06-20,484179,621707,207020,1948,1010283,53785486
2018-06-21,506307,535051,148100,3821,1150491,71061404
2018-06-22,1069834,457840,105169,1159,1734053,56612003
2018-06-25,1298291,673306,371150,1059,1815307,137854162
2018-06-26,2638555,373243,424870,1833,2411354,68683211
2018-06-27,984100,349865,323332,3452,2196374,104960655
2018-06-28,843675,1297119,296339,2800,1488902,76650517
2018-06-29,1470662,255022,188859,2473,1440134,97592499
2018-07-02,1241209,419054,547220,907,1658636,63554774
2018-07-03,797357,108991,79515,1952,1095010,42187071
2018-07-05,1403317,240813,166210,11640,1125456,56925919
2018-07-06,635641,284431,184167,1622,871581,66493696
2018-07-09,609882,335407,175138,70947,869826,50550399
2018-07-10,2905133,138352,483476,19126,1126008,51966829
2018-07-11,942076,248458,216555,1498,975036,77054739
2018-07-12,1018444,1247517,520325,78133,2988913,60124687
2018-07-16,616012,156284,114264,2295,1220723,48201038
2018-07-17,637688,124237,162266,2201,758290,52315500
2018-07-19,545911,260437,164986,6194,4275028,61412117
2018-07-20,647539,260485,100639,4899,736443,82372729
2018-07-23,554193,190122,102274,5470,755617,47047565
2018-07-24,588102,363282,149900,2392,4233264,68026935
2018-07-25,614181,402277,244650,5050,944735,78882927
2018-07-26,479718,299544,165474,1458,911607,57919495
2018-07-27,907043,292705,221202,2976,707829,76783177
2018-07-30,1866174,321400,225933,2881,1130719,63742508
2018-07-31,1006494,261423,550103,8338,992634,68570493
2018-08-01,936126,655654,343759,160601,2441292,53853326
2018-08-02,832359,250535,152813,10468,1326870,63426363
2018-08-03,477217,208275,121333,4804,850486,53935386
2018-08-06,818966,256990,136903,4981,1210353,39400887
2018-08-07,771322,163768,558900,6023,1277427,43196646
2018-08-09,324976,141877,281865,3254,1034923,35716976
2018-08-10,388954,390974,422517,4154,952382,77076044
2018-08-13,613777,561199,454929,1322,1620180,65732909
2018-08-14,450026,162812,254978,2005,1352723,43842031
2018-08-15,750412,230043,216142,1515,1305564,102925355
2018-08-16,377629,161994,112854,3763,1001044,69967919
2018-08-17,883188,145209,172333,3343,1104539,65618481
2018-08-20,1707994,223857,129447,1499,986496,39807490
2018-08-21,613674,187895,180628,7238,6718377,67271983
2018-08-23,485343,254641,145073,2241,2050976,49204851
2018-08-24,562134,325032,226200,3152,858778,57487399
2018-08-27,578405,1721381,191676,14788,923759,57072377
2018-08-29,786282,425687,134961,4491,983157,61485514
2018-08-30,1033178,399423,351517,2601,835577,61229501
2018-09-04,923490,648284,335144,168134,2136172,57594367
2018-09-06,945230,172213,1747587,1363,1159431,65909863
2018-09-07,571553,165349,241594,4030,1070961,73524824
2018-09-10,542823,177904,141241,2982,2217311,50191113
2018-09-11,638077,239616,171757,2297,2158034,50530492
2018-09-12,1999167,486266,212531,14613,3307364,59810758
2018-09-13,815167,796566,250909,9383,4141949,51034222
2018-09-14,543514,827468,333865,3121,1803916,55079875
2018-09-17,705885,200363,96959,1603,1210755,68244043
2018-09-18,522138,322556,872839,1471,1244474,61930407
2018-09-19,455370,374547,356772,21997,1337428,49080562
2018-09-20,766284,319995,608425,6676,1216130,100360646
2018-09-21,530511,1055859,1322292,1337,1072911,105479656
2018-09-24,735449,210054,409289,3472,1105834,53409645
2018-09-25,576194,245358,189471,3843,1117992,44370037
2018-09-26,552221,327390,200209,5107,1985251,79739674
2018-09-27,474238,399572,155096,3580,1066835,59249455
2018-09-28,1740303,695553,195395,4960,1109589,70091385
2018-10-01,1151573,430569,509284,159915,1545925,62078937
2018-10-02,2931518,2124377,190640,5318,5827625,47258227
2018-10-03,1106937,574679,190213,2815,1803138,64694594
2018-10-04,1232449,441096,267915,2194,1636921,111545910
